m,f,seed,late_stocks,n_pos,n_zero,n_neg,lambda_min,non_psd,cond,pw_pred_var,pw_max_abs_w,pw_var_ratio,cc_rows,cc_pd,cc_var_ratio,cc_max_abs_w,clip_rel_eps,clip_rel_n_clipped,clip_rel_inertia_pos,clip_rel_inertia_zero,clip_rel_inertia_neg,clip_rel_min_eig_ok,clip_rel_frob,clip_rel_frob_rel,clip_rel_frob_matches_spectrum,clip_rel_max_abs_w,clip_rel_var_ratio,clip_rel_dw_l1,clip_rel_dw_max,clip_min_eps,clip_min_n_clipped,clip_min_inertia_pos,clip_min_inertia_zero,clip_min_inertia_neg,clip_min_min_eig_ok,clip_min_frob,clip_min_frob_rel,clip_min_frob_matches_spectrum,clip_min_max_abs_w,clip_min_var_ratio,clip_min_dw_l1,clip_min_dw_max
5,0.3,0,"3,16,21,23,27",30,0,0,4.914239577041468e-05,False,40.55552153208772,4.511263455024563e-05,0.12869411421183002,1.0316801166754725,867,True,1.0332187187339898,0.13407662545161655,2.271527344322459e-05,0,30,0,0,True,2.3121749904149766e-18,1.0026836583433015e-15,True,0.12869411421182975,1.031680116675472,5.91258812743245e-15,1.7069679003611782e-15,1e-06,0,30,0,0,True,2.3121749904149766e-18,1.0026836583433015e-15,True,0.12869411421182975,1.031680116675472,5.91258812743245e-15,1.7069679003611782e-15
5,0.3,1,"2,3,16,25,26",30,0,0,5.0059998004408806e-05,False,39.1937345848823,4.3978218846226966e-05,0.141535593471474,1.0370775704461002,867,True,1.0332187187339898,0.13407662545161655,2.2849216834344287e-05,0,30,0,0,True,3.619209529461834e-18,1.581300124087436e-15,True,0.14153559347147376,1.0370775704460997,4.026293187742169e-15,3.5388358909926865e-16,1e-06,0,30,0,0,True,3.619209529461834e-18,1.581300124087436e-15,True,0.14153559347147376,1.0370775704460997,4.026293187742169e-15,3.5388358909926865e-16
5,0.3,2,"3,4,8,18,28",30,0,0,4.9615116630842454e-05,False,40.43797762043774,4.2041472544764236e-05,0.1793299618250845,1.0284304745420787,867,True,1.0332187187339898,0.13407662545161655,2.2907656144969242e-05,0,30,0,0,True,2.529687401923696e-18,1.088251466139293e-15,True,0.17932996182508484,1.0284304745420794,5.329829459721491e-15,1.3183898417423734e-15,1e-06,0,30,0,0,True,2.529687401923696e-18,1.088251466139293e-15,True,0.17932996182508484,1.0284304745420794,5.329829459721491e-15,1.3183898417423734e-15
5,0.3,3,"11,15,18,19,23",30,0,0,5.769183671415463e-05,False,34.61760662185556,4.431119520249566e-05,0.10526958690798484,1.0378354451451848,867,True,1.0332187187339898,0.13407662545161655,2.267749478626175e-05,0,30,0,0,True,3.957187266520185e-18,1.7178072402027569e-15,True,0.10526958690798502,1.0378354451451843,6.527330759231731e-15,1.6792123247455493e-15,1e-06,0,30,0,0,True,3.957187266520185e-18,1.7178072402027569e-15,True,0.10526958690798502,1.0378354451451843,6.527330759231731e-15,1.6792123247455493e-15
5,0.3,4,"3,16,17,26,28",30,0,0,5.2015606191807935e-05,False,38.00315602959865,4.374365458134305e-05,0.13693257310959245,1.0355280570457859,867,True,1.0332187187339898,0.13407662545161655,2.289836586324216e-05,0,30,0,0,True,2.5499650791530534e-18,1.1076528156132477e-15,True,0.13693257310959253,1.035528057045786,3.607140627859273e-15,3.2959746043559335e-16,1e-06,0,30,0,0,True,2.5499650791530534e-18,1.1076528156132477e-15,True,0.13693257310959253,1.035528057045786,3.607140627859273e-15,3.2959746043559335e-16
5,0.3,5,"11,16,23,24,27",30,0,0,5.8261707764975564e-05,False,33.77851263687819,4.602507236043334e-05,0.11460311231611665,1.0368511295194942,867,True,1.0332187187339898,0.13407662545161655,2.236149293251484e-05,0,30,0,0,True,3.3462962558480728e-18,1.471381791352661e-15,True,0.11460311231611689,1.0368511295194944,5.375799631834877e-15,1.1518563880486e-15,1e-06,0,30,0,0,True,3.3462962558480728e-18,1.471381791352661e-15,True,0.11460311231611689,1.0368511295194944,5.375799631834877e-15,1.1518563880486e-15
5,0.3,6,"3,8,24,25,29",30,0,0,5.054107233129392e-05,False,39.43591390841522,4.519600901042595e-05,0.13629782853802128,1.023117394048624,867,True,1.0332187187339898,0.13407662545161655,2.2822596454058472e-05,0,30,0,0,True,1.685873062536541e-18,7.293173339156548e-16,True,0.13629782853802133,1.0231173940486245,3.943460141764277e-15,7.563394355258879e-16,1e-06,0,30,0,0,True,1.685873062536541e-18,7.293173339156548e-16,True,0.13629782853802133,1.0231173940486245,3.943460141764277e-15,7.563394355258879e-16
5,0.3,7,"18,21,25,27,29",30,0,0,5.698146831742479e-05,False,35.56653077655764,4.5536630491509274e-05,0.12342116318039727,1.0133769620325495,867,True,1.0332187187339898,0.13407662545161655,2.2930030155077456e-05,0,30,0,0,True,4.598115994148487e-18,1.9656236894255435e-15,True,0.12342116318039688,1.0133769620325497,7.927469444779511e-15,2.55351295663786e-15,1e-06,0,30,0,0,True,4.598115994148487e-18,1.9656236894255435e-15,True,0.12342116318039688,1.0133769620325497,7.927469444779511e-15,2.55351295663786e-15
5,0.3,8,"1,2,7,8,29",30,0,0,5.4424202792031844e-05,False,36.93562546150348,4.2194169062939974e-05,0.1419337947691647,1.0299001457082064,867,True,1.0332187187339898,0.13407662545161655,2.294573475678399e-05,0,30,0,0,True,2.93132881865825e-18,1.25920638204654e-15,True,0.1419337947691645,1.0299001457082064,8.38570749298051e-15,2.3175905639050143e-15,1e-06,0,30,0,0,True,2.93132881865825e-18,1.25920638204654e-15,True,0.1419337947691645,1.0299001457082064,8.38570749298051e-15,2.3175905639050143e-15
5,0.3,9,"2,9,22,24,25",30,0,0,5.7856890984288386e-05,False,34.447966725752956,4.4413384157424584e-05,0.15086271544006316,1.0300648055897546,867,True,1.0332187187339898,0.13407662545161655,2.276272285876283e-05,0,30,0,0,True,3.173222155709183e-18,1.3749211538482477e-15,True,0.15086271544006283,1.0300648055897537,4.73232564246473e-15,1.0547118733938987e-15,1e-06,0,30,0,0,True,3.173222155709183e-18,1.3749211538482477e-15,True,0.15086271544006283,1.0300648055897537,4.73232564246473e-15,1.0547118733938987e-15
5,0.3,10,"14,17,21,22,23",30,0,0,5.654369057416872e-05,False,36.43268885193242,4.4078922665431214e-05,0.14278661260722464,1.011870327962589,867,True,1.0332187187339898,0.13407662545161655,2.291935957676142e-05,0,30,0,0,True,2.327666574318507e-18,9.851848988150233e-16,True,0.14278661260722492,1.0118703279625894,6.407201158520337e-15,1.790234627208065e-15,1e-06,0,30,0,0,True,2.327666574318507e-18,9.851848988150233e-16,True,0.14278661260722492,1.0118703279625894,6.407201158520337e-15,1.790234627208065e-15
5,0.3,11,"5,6,8,12,18",30,0,0,5.689372057909255e-05,False,35.545773382028614,4.293534651627703e-05,0.11642698361445335,1.0169571986543873,867,True,1.0332187187339898,0.13407662545161655,2.2793843861207382e-05,0,30,0,0,True,2.0510175664778747e-18,8.805379370782445e-16,True,0.11642698361445354,1.0169571986543868,5.23344388658753e-15,8.604228440844963e-16,1e-06,0,30,0,0,True,2.0510175664778747e-18,8.805379370782445e-16,True,0.11642698361445354,1.0169571986543868,5.23344388658753e-15,8.604228440844963e-16
5,0.3,12,"9,12,13,20,21",30,0,0,5.637511696510134e-05,False,35.740977771595915,4.354232126775501e-05,0.10495555647254787,1.021449230148766,867,True,1.0332187187339898,0.13407662545161655,2.2883852821938995e-05,0,30,0,0,True,2.9638688643855584e-18,1.2729745912842916e-15,True,0.10495555647254819,1.0214492301487663,5.798313218452478e-15,1.124100812432971e-15,1e-06,0,30,0,0,True,2.9638688643855584e-18,1.2729745912842916e-15,True,0.10495555647254819,1.0214492301487663,5.798313218452478e-15,1.124100812432971e-15
5,0.3,13,"1,2,15,20,21",30,0,0,5.57325842407252e-05,False,35.8885514874186,4.2117202139293914e-05,0.14108986179194968,1.0305611717852445,867,True,1.0332187187339898,0.13407662545161655,2.295753862313618e-05,0,30,0,0,True,2.340296084888449e-18,1.0073732813355277e-15,True,0.14108986179194952,1.0305611717852452,3.900525735733851e-15,3.7470027081099033e-16,1e-06,0,30,0,0,True,2.340296084888449e-18,1.0073732813355277e-15,True,0.14108986179194952,1.0305611717852452,3.900525735733851e-15,3.7470027081099033e-16
5,0.3,14,"1,3,4,9,17",30,0,0,5.678449725817116e-05,False,35.171041715509155,4.1413458203073456e-05,0.16508263878275506,1.0291162732291252,867,True,1.0332187187339898,0.13407662545161655,2.2993795855860877e-05,0,30,0,0,True,2.488882615644249e-18,1.0729071301157105e-15,True,0.16508263878275464,1.0291162732291252,4.356026173449323e-15,4.163336342344337e-16,1e-06,0,30,0,0,True,2.488882615644249e-18,1.0729071301157105e-15,True,0.16508263878275464,1.0291162732291252,4.356026173449323e-15,4.163336342344337e-16
5,0.3,15,"7,13,16,18,28",30,0,0,5.823684038790372e-05,False,34.05035404242811,4.402041979851982e-05,0.1088703340167836,1.0374241087784595,867,True,1.0332187187339898,0.13407662545161655,2.2755457042249053e-05,0,30,0,0,True,2.3030715244664495e-18,1.001626747261926e-15,True,0.10887033401678384,1.0374241087784588,4.5640574652949795e-15,7.632783294297951e-16,1e-06,0,30,0,0,True,2.3030715244664495e-18,1.001626747261926e-15,True,0.10887033401678384,1.0374241087784588,4.5640574652949795e-15,7.632783294297951e-16
5,0.3,16,"1,3,9,24,29",30,0,0,5.589952418943389e-05,False,35.538986043947496,4.3541728578931204e-05,0.12675120005927212,1.0282683633381817,867,True,1.0332187187339898,0.13407662545161655,2.281485955893878e-05,0,30,0,0,True,2.072224515082065e-18,8.980199515615087e-16,True,0.1267512000592721,1.0282683633381822,3.1279232676206803e-15,3.0531133177191805e-16,1e-06,0,30,0,0,True,2.072224515082065e-18,8.980199515615087e-16,True,0.1267512000592721,1.0282683633381822,3.1279232676206803e-15,3.0531133177191805e-16
5,0.3,17,"2,4,8,11,16",30,0,0,5.738232337278209e-05,False,34.32143521341543,4.2108171254120345e-05,0.15879362711147002,1.0309800961654862,867,True,1.0332187187339898,0.13407662545161655,2.2710070552886136e-05,0,30,0,0,True,2.2920320273979474e-18,1.0021947284756933e-15,True,0.1587936271114703,1.0309800961654862,4.673128203847021e-15,9.71445146547012e-16,1e-06,0,30,0,0,True,2.2920320273979474e-18,1.0021947284756933e-15,True,0.1587936271114703,1.0309800961654862,4.673128203847021e-15,9.71445146547012e-16
5,0.3,18,"5,8,21,28,29",30,0,0,5.639462172748178e-05,False,36.288242003560995,4.3049831335447945e-05,0.12483870912147312,1.0169837619337694,867,True,1.0332187187339898,0.13407662545161655,2.2999123914414812e-05,0,30,0,0,True,2.6061636026949254e-18,1.1062198449829076e-15,True,0.12483870912147345,1.0169837619337696,6.067195357228883e-15,1.4988010832439613e-15,1e-06,0,30,0,0,True,2.6061636026949254e-18,1.1062198449829076e-15,True,0.12483870912147345,1.0169837619337696,6.067195357228883e-15,1.4988010832439613e-15
5,0.3,19,"3,10,11,13,19",30,0,0,5.101887900071963e-05,False,38.97229314862241,4.3894247714594026e-05,0.11978883459674078,1.0321553164406077,867,True,1.0332187187339898,0.13407662545161655,2.2943958994347465e-05,0,30,0,0,True,2.001666998494558e-18,8.658882332480085e-16,True,0.11978883459674092,1.0321553164406077,5.819997261902188e-15,1.0859368959614812e-15,1e-06,0,30,0,0,True,2.001666998494558e-18,8.658882332480085e-16,True,0.11978883459674092,1.0321553164406077,5.819997261902188e-15,1.0859368959614812e-15
5,0.3,20,"2,21,24,28,29",30,0,0,5.575366249493646e-05,False,36.06711453639724,4.352462197940125e-05,0.15690294070806812,1.0288414327471247,867,True,1.0332187187339898,0.13407662545161655,2.2781703675700507e-05,0,30,0,0,True,2.3299904195896707e-18,1.0026630045862246e-15,True,0.1569029407080681,1.028841432747126,4.0446433095114864e-15,3.191891195797325e-16,1e-06,0,30,0,0,True,2.3299904195896707e-18,1.0026630045862246e-15,True,0.1569029407080681,1.028841432747126,4.0446433095114864e-15,3.191891195797325e-16
5,0.3,21,"1,12,15,21,27",30,0,0,5.2616929671589005e-05,False,38.066749835555115,4.333051303668394e-05,0.1401590150320261,1.0240574955948443,867,True,1.0332187187339898,0.13407662545161655,2.2803500950324888e-05,0,30,0,0,True,1.6126355060623937e-18,6.955789564725053e-16,True,0.14015901503202563,1.0240574955948436,3.709272472507408e-15,4.718447854656915e-16,1e-06,0,30,0,0,True,1.6126355060623937e-18,6.955789564725053e-16,True,0.14015901503202563,1.0240574955948436,3.709272472507408e-15,4.718447854656915e-16
5,0.3,22,"10,18,22,24,25",30,0,0,5.798657055427752e-05,False,34.48592249659663,4.7533870027081995e-05,0.12822821744702692,1.0139661342215733,867,True,1.0332187187339898,0.13407662545161655,2.2818343052084648e-05,0,30,0,0,True,2.089573113095696e-18,9.017061592772475e-16,True,0.1282282174470267,1.0139661342215736,5.364632349458276e-15,1.5404344466674047e-15,1e-06,0,30,0,0,True,2.089573113095696e-18,9.017061592772475e-16,True,0.1282282174470267,1.0139661342215736,5.364632349458276e-15,1.5404344466674047e-15
5,0.3,23,"2,6,10,15,23",30,0,0,5.7801105060258024e-05,False,34.75024187014871,4.2996604214415506e-05,0.1485621724872987,1.032797182236862,867,True,1.0332187187339898,0.13407662545161655,2.2707835210004837e-05,0,30,0,0,True,2.429180033337385e-18,1.0498122838504517e-15,True,0.14856217248729847,1.0327971822368625,4.178515172759134e-15,3.7470027081099033e-16,1e-06,0,30,0,0,True,2.429180033337385e-18,1.0498122838504517e-15,True,0.14856217248729847,1.0327971822368625,4.178515172759134e-15,3.7470027081099033e-16
5,0.3,24,"3,11,20,25,26",30,0,0,5.120177331481852e-05,False,38.56987881417653,4.4737509752884504e-05,0.12514012416291484,1.0291859410036783,867,True,1.0332187187339898,0.13407662545161655,2.2945457785873792e-05,0,30,0,0,True,3.80254911485922e-18,1.6496681148910762e-15,True,0.12514012416291462,1.029185941003678,6.352991049896062e-15,1.9827889330414905e-15,1e-06,0,30,0,0,True,3.80254911485922e-18,1.6496681148910762e-15,True,0.12514012416291462,1.029185941003678,6.352991049896062e-15,1.9827889330414905e-15
5,0.3,25,"2,20,24,25,28",30,0,0,5.757514552234904e-05,False,34.52068505950676,4.3961580649679076e-05,0.15259550410858114,1.0268543915965134,867,True,1.0332187187339898,0.13407662545161655,2.2805581789208416e-05,0,30,0,0,True,3.3649645826465987e-18,1.4599503067492603e-15,True,0.1525955041085811,1.0268543915965136,2.873569437955581e-15,4.909267437014364e-16,1e-06,0,30,0,0,True,3.3649645826465987e-18,1.4599503067492603e-15,True,0.1525955041085811,1.0268543915965136,2.873569437955581e-15,4.909267437014364e-16
5,0.3,26,"18,19,20,22,28",30,0,0,5.721604217290376e-05,False,35.38651300312986,4.453653417171967e-05,0.11558834782559045,1.0212496665091062,867,True,1.0332187187339898,0.13407662545161655,2.3054082348058348e-05,0,30,0,0,True,3.498862116458093e-18,1.4916716606409624e-15,True,0.11558834782559034,1.0212496665091055,3.565724104870327e-15,4.718447854656915e-16,1e-06,0,30,0,0,True,3.498862116458093e-18,1.4916716606409624e-15,True,0.11558834782559034,1.0212496665091055,3.565724104870327e-15,4.718447854656915e-16
5,0.3,27,"3,16,18,19,29",30,0,0,5.058468402361656e-05,False,39.24754277726799,4.487939493421863e-05,0.12564199532219467,1.0340399822803688,867,True,1.0332187187339898,0.13407662545161655,2.2932059478421764e-05,0,30,0,0,True,2.060178462464013e-18,8.92239504871931e-16,True,0.12564199532219472,1.0340399822803688,3.403256409323374e-15,3.885780586188048e-16,1e-06,0,30,0,0,True,2.060178462464013e-18,8.92239504871931e-16,True,0.12564199532219472,1.0340399822803688,3.403256409323374e-15,3.885780586188048e-16
5,0.3,28,"0,1,8,23,27",30,0,0,5.399471836336711e-05,False,37.2866393899087,4.393746330280537e-05,0.14881138693140877,1.0202233111634966,867,True,1.0332187187339898,0.13407662545161655,2.268492451932139e-05,0,30,0,0,True,2.101441883384131e-18,9.056602682303004e-16,True,0.14881138693141072,1.0202233111634973,7.245939959155123e-15,1.942890293094024e-15,1e-06,0,30,0,0,True,2.101441883384131e-18,9.056602682303004e-16,True,0.14881138693141072,1.0202233111634973,7.245939959155123e-15,1.942890293094024e-15
5,0.3,29,"0,4,22,23,24",30,0,0,5.7770969579739925e-05,False,34.70332139145806,4.377358042868027e-05,0.2161974429895891,1.044699995934383,867,True,1.0332187187339898,0.13407662545161655,2.2495728267914416e-05,0,30,0,0,True,2.2952589284555483e-18,9.943740655093981e-16,True,0.21619744298958857,1.0446999959343823,5.739332620269266e-15,1.4155343563970746e-15,1e-06,0,30,0,0,True,2.2952589284555483e-18,9.943740655093981e-16,True,0.21619744298958857,1.0446999959343823,5.739332620269266e-15,1.4155343563970746e-15
5,0.3,30,"1,4,20,23,29",30,0,0,5.247503938957392e-05,False,38.59273810764434,4.2194422722203544e-05,0.1927304244446973,1.02867649217818,867,True,1.0332187187339898,0.13407662545161655,2.2854291367030836e-05,0,30,0,0,True,2.9781574834789766e-18,1.2758886584949754e-15,True,0.1927304244446976,1.028676492178179,8.09812286672873e-15,2.0539125955565396e-15,1e-06,0,30,0,0,True,2.9781574834789766e-18,1.2758886584949754e-15,True,0.1927304244446976,1.028676492178179,8.09812286672873e-15,2.0539125955565396e-15
5,0.3,31,"0,16,18,20,24",30,0,0,5.818136559148069e-05,False,33.62120287305969,4.6148904051361813e-05,0.11555417793321951,1.0371252251268348,867,True,1.0332187187339898,0.13407662545161655,2.2580537912595635e-05,0,30,0,0,True,2.6940582968834397e-18,1.1837469621881886e-15,True,0.1155541779332196,1.0371252251268355,4.22296746183104e-15,8.604228440844963e-16,1e-06,0,30,0,0,True,2.6940582968834397e-18,1.1837469621881886e-15,True,0.1155541779332196,1.0371252251268355,4.22296746183104e-15,8.604228440844963e-16
5,0.3,32,"1,12,16,24,25",30,0,0,5.356240665525374e-05,False,36.692326425368506,4.522998025742052e-05,0.16762864903730426,1.0288519685558166,867,True,1.0332187187339898,0.13407662545161655,2.267519200064888e-05,0,30,0,0,True,1.8747780350729193e-18,8.21447276719027e-16,True,0.1676286490373045,1.0288519685558166,3.929582353956462e-15,4.3021142204224816e-16,1e-06,0,30,0,0,True,1.8747780350729193e-18,8.21447276719027e-16,True,0.1676286490373045,1.0288519685558166,3.929582353956462e-15,4.3021142204224816e-16
5,0.3,33,"6,8,13,20,27",30,0,0,5.805530095643258e-05,False,34.4897047400508,4.339340456353323e-05,0.11380539053925949,1.0178069309931164,867,True,1.0332187187339898,0.13407662545161655,2.278374162849451e-05,0,30,0,0,True,1.7690793607278895e-18,7.637406156519896e-16,True,0.11380539053925948,1.0178069309931164,3.647689789110231e-15,8.326672684688674e-16,1e-06,0,30,0,0,True,1.7690793607278895e-18,7.637406156519896e-16,True,0.11380539053925948,1.0178069309931164,3.647689789110231e-15,8.326672684688674e-16
5,0.3,34,"2,4,7,8,10",30,0,0,5.7709000800414184e-05,False,34.5015475397823,4.198979617921187e-05,0.16580463505385828,1.0313834268365392,867,True,1.0332187187339898,0.13407662545161655,2.286248289639361e-05,0,30,0,0,True,1.5546952291355682e-18,6.729379763322943e-16,True,0.16580463505385842,1.03138342683654,3.535800124909727e-15,5.273559366969494e-16,1e-06,0,30,0,0,True,1.5546952291355682e-18,6.729379763322943e-16,True,0.16580463505385842,1.03138342683654,3.535800124909727e-15,5.273559366969494e-16
5,0.3,35,"2,4,13,14,18",30,0,0,5.81831063972237e-05,False,34.483003836603295,4.106698196127914e-05,0.16135974031622574,1.0359411358731587,867,True,1.0332187187339898,0.13407662545161655,2.2749675385648973e-05,0,30,0,0,True,1.857638846242643e-18,8.020390762076696e-16,True,0.16135974031622563,1.0359411358731583,3.780829815891451e-15,5.134781488891349e-16,1e-06,0,30,0,0,True,1.857638846242643e-18,8.020390762076696e-16,True,0.16135974031622563,1.0359411358731583,3.780829815891451e-15,5.134781488891349e-16
5,0.3,36,"7,9,14,28,29",30,0,0,5.7903326651144363e-05,False,34.88254080750304,4.278218020400809e-05,0.12258448960385844,1.0305323992593807,867,True,1.0332187187339898,0.13407662545161655,2.2940786041144626e-05,0,30,0,0,True,2.222892368905862e-18,9.527508799930085e-16,True,0.12258448960385827,1.030532399259381,7.137953422775567e-15,1.6930901125533637e-15,1e-06,0,30,0,0,True,2.222892368905862e-18,9.527508799930085e-16,True,0.12258448960385827,1.030532399259381,7.137953422775567e-15,1.6930901125533637e-15
5,0.3,37,"0,4,19,21,26",30,0,0,5.468689810743238e-05,False,36.23606220633795,4.3071946569865806e-05,0.19804369097640012,1.040733017134722,867,True,1.0332187187339898,0.13407662545161655,2.2820419285060896e-05,0,30,0,0,True,2.4809885657760573e-18,1.0758886198674304e-15,True,0.19804369097640043,1.0407330171347213,3.393986480748623e-15,4.2327252813834093e-16,1e-06,0,30,0,0,True,2.4809885657760573e-18,1.0758886198674304e-15,True,0.19804369097640043,1.0407330171347213,3.393986480748623e-15,4.2327252813834093e-16
5,0.3,38,"12,13,21,25,29",30,0,0,5.631011947982313e-05,False,36.199340696710635,4.447192482112854e-05,0.10968502937572513,1.0147602984539876,867,True,1.0332187187339898,0.13407662545161655,2.2927326512428263e-05,0,30,0,0,True,4.015525833166504e-18,1.71145740531644e-15,True,0.10968502937572529,1.0147602984539879,6.0257788342399365e-15,1.3183898417423734e-15,1e-06,0,30,0,0,True,4.015525833166504e-18,1.71145740531644e-15,True,0.10968502937572529,1.0147602984539879,6.0257788342399365e-15,1.3183898417423734e-15
5,0.3,39,"3,13,19,26,29",30,0,0,5.238471563444887e-05,False,37.98928626469127,4.369955212477176e-05,0.1213171819474658,1.0329087911195178,867,True,1.0332187187339898,0.13407662545161655,2.2907319471008634e-05,0,30,0,0,True,1.9183985459767357e-18,8.281812405976247e-16,True,0.1213171819474659,1.032908791119518,5.670485782316437e-15,1.1518563880486e-15,1e-06,0,30,0,0,True,1.9183985459767357e-18,8.281812405976247e-16,True,0.1213171819474659,1.032908791119518,5.670485782316437e-15,1.1518563880486e-15
5,0.3,40,"7,9,16,19,23",30,0,0,5.752224468541347e-05,False,34.33062304868029,4.5009676752234393e-05,0.11791494974495313,1.0438547346136706,867,True,1.0332187187339898,0.13407662545161655,2.271686855439832e-05,0,30,0,0,True,2.3922285931068065e-18,1.0459283961539764e-15,True,0.11791494974495308,1.0438547346136706,5.095750210681871e-15,7.771561172376096e-16,1e-06,0,30,0,0,True,2.3922285931068065e-18,1.0459283961539764e-15,True,0.11791494974495308,1.0438547346136706,5.095750210681871e-15,7.771561172376096e-16
5,0.3,41,"2,7,26,28,29",30,0,0,5.807737074426716e-05,False,34.44847640406537,4.238634740305288e-05,0.14408772253422114,1.0369493628306743,867,True,1.0332187187339898,0.13407662545161655,2.2865763171380423e-05,0,30,0,0,True,5.458237460799336e-18,2.3546218483898273e-15,True,0.14408772253422103,1.0369493628306743,7.72862676634567e-15,2.275957200481571e-15,1e-06,0,30,0,0,True,5.458237460799336e-18,2.3546218483898273e-15,True,0.14408772253422103,1.0369493628306743,7.72862676634567e-15,2.275957200481571e-15
5,0.3,42,"8,13,16,17,28",30,0,0,5.7442793294384863e-05,False,34.81681559793259,4.3239456565418377e-05,0.1265286661170028,1.0219864105402205,867,True,1.0332187187339898,0.13407662545161655,2.2848957758060383e-05,0,30,0,0,True,3.191423442316677e-18,1.3800685802755704e-15,True,0.1265286661170032,1.0219864105402203,5.702903427273753e-15,1.7486012637846216e-15,1e-06,0,30,0,0,True,3.191423442316677e-18,1.3800685802755704e-15,True,0.1265286661170032,1.0219864105402203,5.702903427273753e-15,1.7486012637846216e-15
5,0.3,43,"2,3,10,16,28",30,0,0,4.9501431394744775e-05,False,40.094410483975636,4.319616824503304e-05,0.13786700894848863,1.031009428449165,867,True,1.0332187187339898,0.13407662545161655,2.2943881979488216e-05,0,30,0,0,True,2.385227032618038e-18,1.0334553973132132e-15,True,0.1378670089484884,1.0310094284491653,7.062113480810206e-15,2.2551405187698492e-15,1e-06,0,30,0,0,True,2.385227032618038e-18,1.0334553973132132e-15,True,0.1378670089484884,1.0310094284491653,7.062113480810206e-15,2.2551405187698492e-15
5,0.3,44,"3,7,14,23,28",30,0,0,5.227670131204616e-05,False,38.552087362996225,4.30714193779895e-05,0.128415622545406,1.0341450134905985,867,True,1.0332187187339898,0.13407662545161655,2.2837569032480744e-05,0,30,0,0,True,2.521839430991544e-18,1.0839772765856808e-15,True,0.12841562254540576,1.0341450134905976,6.6118985286856e-15,1.8596235662471372e-15,1e-06,0,30,0,0,True,2.521839430991544e-18,1.0839772765856808e-15,True,0.12841562254540576,1.0341450134905976,6.6118985286856e-15,1.8596235662471372e-15
5,0.3,45,"2,5,17,18,19",30,0,0,5.6759357348871234e-05,False,35.48426481510329,4.23664789474245e-05,0.13810605947736124,1.0254929825876002,867,True,1.0332187187339898,0.13407662545161655,2.2944418207691428e-05,0,30,0,0,True,2.4610286101411423e-18,1.0577944818375163e-15,True,0.13810605947736113,1.0254929825875998,8.522100126279186e-15,2.248201624865942e-15,1e-06,0,30,0,0,True,2.4610286101411423e-18,1.0577944818375163e-15,True,0.13810605947736113,1.0254929825875998,8.522100126279186e-15,2.248201624865942e-15
5,0.3,46,"0,7,15,19,21",30,0,0,5.608408545654673e-05,False,35.32374372869559,4.45504444356791e-05,0.11412851503691052,1.0397124044614632,867,True,1.0332187187339898,0.13407662545161655,2.2840906525511184e-05,0,30,0,0,True,2.9788714520465038e-18,1.2927268673064691e-15,True,0.11412851503691031,1.0397124044614632,5.3037001873645906e-15,1.2906342661267445e-15,1e-06,0,30,0,0,True,2.9788714520465038e-18,1.2927268673064691e-15,True,0.11412851503691031,1.0397124044614632,5.3037001873645906e-15,1.2906342661267445e-15
5,0.3,47,"6,7,8,21,23",30,0,0,5.633999662009419e-05,False,35.914178386750734,4.431080524961582e-05,0.1236895500140735,1.025259799780172,867,True,1.0332187187339898,0.13407662545161655,2.2771044101543827e-05,0,30,0,0,True,3.9987412611758375e-18,1.7161313730687461e-15,True,0.12368955001407342,1.0252597997801718,4.442409981542106e-15,4.85722573273506e-16,1e-06,0,30,0,0,True,3.9987412611758375e-18,1.7161313730687461e-15,True,0.12368955001407342,1.0252597997801718,4.442409981542106e-15,4.85722573273506e-16
5,0.3,48,"1,4,13,19,21",30,0,0,5.286004357303172e-05,False,37.89211082380809,4.203170178439069e-05,0.17766366721651367,1.031238738491995,867,True,1.0332187187339898,0.13407662545161655,2.293359902944489e-05,0,30,0,0,True,2.0874277614923338e-18,8.98653366113981e-16,True,0.17766366721651367,1.0312387384919952,3.597003337546534e-15,5.828670879282072e-16,1e-06,0,30,0,0,True,2.0874277614923338e-18,8.98653366113981e-16,True,0.17766366721651367,1.0312387384919952,3.597003337546534e-15,5.828670879282072e-16
5,0.3,49,"3,6,9,16,27",30,0,0,5.2416614784810876e-05,False,37.55304895663482,4.373853656914791e-05,0.11611645123237681,1.0321429470853294,867,True,1.0332187187339898,0.13407662545161655,2.2763449736038204e-05,0,30,0,0,True,4.356830865037832e-18,1.9033368694608483e-15,True,0.1161164512323766,1.0321429470853298,6.515675585877512e-15,1.5681900222830336e-15,1e-06,0,30,0,0,True,4.356830865037832e-18,1.9033368694608483e-15,True,0.1161164512323766,1.0321429470853298,6.515675585877512e-15,1.5681900222830336e-15
5,0.5,0,"5,6,7,9,22",30,0,0,4.8069983167327367e-05,False,43.11981355854542,4.528283177926266e-05,0.11089350752138273,1.0236648207342114,619,True,1.0522223978353533,0.1369967752531781,2.3099331351399454e-05,0,30,0,0,True,4.04696122069653e-18,1.6970343786338664e-15,True,0.11089350752138286,1.023664820734212,7.171563690122618e-15,1.9012569296705806e-15,1e-06,0,30,0,0,True,4.04696122069653e-18,1.6970343786338664e-15,True,0.11089350752138286,1.023664820734212,7.171563690122618e-15,1.9012569296705806e-15
5,0.5,1,"3,13,15,23,29",30,0,0,3.825595472435845e-05,False,54.10144160697678,4.4954509301816714e-05,0.13460733167268144,1.030876948350328,619,True,1.0522223978353533,0.1369967752531781,2.296530244032921e-05,0,30,0,0,True,2.4930518006679615e-18,1.0466346174104773e-15,True,0.1346073316726814,1.030876948350328,4.401318719204905e-15,9.020562075079397e-16,1e-06,0,30,0,0,True,2.4930518006679615e-18,1.0466346174104773e-15,True,0.1346073316726814,1.030876948350328,4.401318719204905e-15,9.020562075079397e-16
5,0.5,2,"1,15,16,28,29",30,0,0,4.754746956039734e-05,False,43.4392650438856,4.5512129820723135e-05,0.12207802419832578,1.0129986253100083,619,True,1.0522223978353533,0.1369967752531781,2.314348615362832e-05,0,30,0,0,True,1.8061479590600465e-18,7.579204671977634e-16,True,0.12207802419832613,1.0129986253100087,7.957556055065984e-15,2.095545958979983e-15,1e-06,0,30,0,0,True,1.8061479590600465e-18,7.579204671977634e-16,True,0.12207802419832613,1.0129986253100087,7.957556055065984e-15,2.095545958979983e-15
5,0.5,3,"2,13,15,21,24",30,0,0,3.4202331131878647e-05,False,60.04144820308884,4.497944789006731e-05,0.13728061011248954,1.0227514373083662,619,True,1.0522223978353533,0.1369967752531781,2.2820956362749165e-05,0,30,0,0,True,1.81712910348363e-18,7.684295567532712e-16,True,0.13728061011248957,1.022751437308367,4.712538952816869e-15,5.30825383648903e-16,1e-06,0,30,0,0,True,1.81712910348363e-18,7.684295567532712e-16,True,0.13728061011248957,1.022751437308367,4.712538952816869e-15,5.30825383648903e-16
5,0.5,4,"1,7,13,14,27",30,0,0,3.88978012394665e-05,False,52.72583791078242,4.479252352250844e-05,0.11992279265404114,1.028009093365189,619,True,1.0522223978353533,0.1369967752531781,2.297943105087845e-05,0,30,0,0,True,2.1504326599104995e-18,9.06918246500401e-16,True,0.119922792654041,1.0280090933651886,5.941427905220564e-15,8.604228440844963e-16,1e-06,0,30,0,0,True,2.1504326599104995e-18,9.06918246500401e-16,True,0.119922792654041,1.0280090933651886,5.941427905220564e-15,8.604228440844963e-16
5,0.5,5,"0,9,12,17,22",30,0,0,5.1113475141662014e-05,False,40.712200812055634,4.60273563204583e-05,0.12376701865449229,1.0153764057900225,619,True,1.0522223978353533,0.1369967752531781,2.3099604920641665e-05,0,30,0,0,True,2.2908566277260626e-18,9.592037475230892e-16,True,0.1237670186544923,1.015376405790023,4.195428726649908e-15,6.38378239159465e-16,1e-06,0,30,0,0,True,2.2908566277260626e-18,9.592037475230892e-16,True,0.1237670186544923,1.015376405790023,4.195428726649908e-15,6.38378239159465e-16
5,0.5,6,"2,10,11,21,23",30,0,0,4.917515964854879e-05,False,42.77026647399235,4.537428946558005e-05,0.13163838401103964,1.0119856530713451,619,True,1.0522223978353533,0.1369967752531781,2.3072879388537892e-05,0,30,0,0,True,2.0387606204904066e-18,8.463281994796028e-16,True,0.13163838401103992,1.0119856530713451,3.660727320234369e-15,2.949029909160572e-16,1e-06,0,30,0,0,True,2.0387606204904066e-18,8.463281994796028e-16,True,0.13163838401103992,1.0119856530713451,3.660727320234369e-15,2.949029909160572e-16
5,0.5,7,"3,10,15,25,27",30,0,0,3.9403306257079994e-05,False,52.760477728167906,4.328278632698118e-05,0.12786833612095863,1.0502095856330802,619,True,1.0522223978353533,0.1369967752531781,2.3138413065490755e-05,0,30,0,0,True,2.4787134436343246e-18,1.0338006693747678e-15,True,0.12786833612095885,1.0502095856330806,5.212247734115438e-15,9.298117831235686e-16,1e-06,0,30,0,0,True,2.4787134436343246e-18,1.0338006693747678e-15,True,0.12786833612095885,1.0502095856330806,5.212247734115438e-15,9.298117831235686e-16
5,0.5,8,"0,15,20,24,26",30,0,0,4.641364217733287e-05,False,43.58575988648378,4.5229277382720854e-05,0.11518977400132595,1.0343448124016719,619,True,1.0522223978353533,0.1369967752531781,2.289727845236489e-05,0,30,0,0,True,2.9305971470742726e-18,1.2470978782062846e-15,True,0.11518977400132635,1.034344812401672,8.483665159264575e-15,2.220446049250313e-15,1e-06,0,30,0,0,True,2.9305971470742726e-18,1.2470978782062846e-15,True,0.11518977400132635,1.034344812401672,8.483665159264575e-15,2.220446049250313e-15
5,0.5,9,"3,10,15,20,27",30,0,0,3.9615316488937724e-05,False,51.85773489529768,4.436131075820174e-05,0.12195724761403619,1.0297412396080545,619,True,1.0522223978353533,0.1369967752531781,2.3148526060931818e-05,0,30,0,0,True,3.3867508968493997e-18,1.4216906940519141e-15,True,0.12195724761403574,1.0297412396080545,6.264953833490239e-15,9.055256544598933e-16,1e-06,0,30,0,0,True,3.3867508968493997e-18,1.4216906940519141e-15,True,0.12195724761403574,1.0297412396080545,6.264953833490239e-15,9.055256544598933e-16
5,0.5,10,"0,5,11,14,18",30,0,0,5.178691955715965e-05,False,40.03557461627581,4.5426034936171925e-05,0.1116278568795821,1.0068010234853062,619,True,1.0522223978353533,0.1369967752531781,2.304800745160499e-05,0,30,0,0,True,2.4030544158924763e-18,1.0083307723641227e-15,True,0.111627856879582,1.0068010234853066,4.202367620553815e-15,6.38378239159465e-16,1e-06,0,30,0,0,True,2.4030544158924763e-18,1.0083307723641227e-15,True,0.111627856879582,1.0068010234853066,4.202367620553815e-15,6.38378239159465e-16
5,0.5,11,"0,1,7,21,24",30,0,0,3.4355179183472576e-05,False,60.035514760589,4.5444205625860584e-05,0.13839178767564222,1.02787621766538,619,True,1.0522223978353533,0.1369967752531781,2.2982594587024843e-05,0,30,0,0,True,5.4646900234061935e-18,2.2921124432376935e-15,True,0.13839178767563765,1.0278762176653784,2.0739486517040717e-14,4.579669976578771e-15,1e-06,0,30,0,0,True,5.4646900234061935e-18,2.2921124432376935e-15,True,0.13839178767563765,1.0278762176653784,2.0739486517040717e-14,4.579669976578771e-15
5,0.5,12,"7,10,14,26,27",30,0,0,5.1330318441226816e-05,False,40.01951556840145,4.4564870346938755e-05,0.11437394097653164,1.0249724184173727,619,True,1.0522223978353533,0.1369967752531781,2.2987939445781084e-05,0,30,0,0,True,3.832105538483495e-18,1.6134471288410059e-15,True,0.11437394097653182,1.0249724184173725,1.013035141883556e-14,3.3931191190106347e-15,1e-06,0,30,0,0,True,3.832105538483495e-18,1.6134471288410059e-15,True,0.11437394097653182,1.0249724184173725,1.013035141883556e-14,3.3931191190106347e-15
5,0.5,13,"2,7,8,11,13",30,0,0,4.846399510593029e-05,False,42.80372228941136,4.4564851918343875e-05,0.1447356812866589,1.0483912326686564,619,True,1.0522223978353533,0.1369967752531781,2.303729622264512e-05,0,30,0,0,True,2.114060525795921e-18,8.863431313787568e-16,True,0.14473568128665884,1.0483912326686562,4.0870085094013575e-15,3.4867941867133823e-16,1e-06,0,30,0,0,True,2.114060525795921e-18,8.863431313787568e-16,True,0.14473568128665884,1.0483912326686562,4.0870085094013575e-15,3.4867941867133823e-16
5,0.5,14,"8,13,15,18,25",30,0,0,5.810245344769319e-05,False,35.920037794775844,4.502698607237873e-05,0.11883054759948121,1.0124538758666035,619,True,1.0522223978353533,0.1369967752531781,2.3139969152637638e-05,0,30,0,0,True,2.7824804120277217e-18,1.1617297770019642e-15,True,0.11883054759948122,1.0124538758666035,5.374498589227894e-15,1.4988010832439613e-15,1e-06,0,30,0,0,True,2.7824804120277217e-18,1.1617297770019642e-15,True,0.11883054759948122,1.0124538758666035,5.374498589227894e-15,1.4988010832439613e-15
5,0.5,15,"18,19,20,24,26",30,0,0,4.2422394910140696e-05,False,48.09926299386217,4.5280709164348e-05,0.12187937134082588,1.0483992609613828,619,True,1.0522223978353533,0.1369967752531781,2.3062293271181215e-05,0,30,0,0,True,2.18954428823934e-18,9.233565488750582e-16,True,0.12187937134082591,1.0483992609613828,3.4954678040932663e-15,3.400058012914542e-16,1e-06,0,30,0,0,True,2.18954428823934e-18,9.233565488750582e-16,True,0.12187937134082591,1.0483992609613828,3.4954678040932663e-15,3.400058012914542e-16
5,0.5,16,"1,10,13,15,17",30,0,0,4.475132020366265e-05,False,46.49698302365018,4.434010839764343e-05,0.12411030308869422,1.0272401921342125,619,True,1.0522223978353533,0.1369967752531781,2.3267073075144175e-05,0,30,0,0,True,2.108420351756601e-18,8.782933377240672e-16,True,0.12411030308869354,1.0272401921342134,4.521990421002542e-15,6.800116025829084e-16,1e-06,0,30,0,0,True,2.108420351756601e-18,8.782933377240672e-16,True,0.12411030308869354,1.0272401921342134,4.521990421002542e-15,6.800116025829084e-16
5,0.5,17,"8,9,20,27,28",30,0,0,5.7067252919108834e-05,False,35.96638773077178,4.500276730168713e-05,0.12985262466022968,1.0192718090132729,619,True,1.0522223978353533,0.1369967752531781,2.308688354228779e-05,0,30,0,0,True,1.4660671025314947e-18,6.185736103866959e-16,True,0.12985262466022932,1.0192718090132729,4.150109075840014e-15,8.326672684688674e-16,1e-06,0,30,0,0,True,1.4660671025314947e-18,6.185736103866959e-16,True,0.12985262466022932,1.0192718090132729,4.150109075840014e-15,8.326672684688674e-16
5,0.5,18,"9,15,22,26,29",30,0,0,5.606786162145219e-05,False,36.79754446590373,4.5110931328922145e-05,0.12287165802235575,1.0349649461418764,619,True,1.0522223978353533,0.1369967752531781,2.3011995066886074e-05,0,30,0,0,True,1.624911234900267e-18,6.83210773448362e-16,True,0.12287165802235572,1.0349649461418766,3.1129612776403803e-15,2.96637714392034e-16,1e-06,0,30,0,0,True,1.624911234900267e-18,6.83210773448362e-16,True,0.12287165802235572,1.0349649461418766,3.1129612776403803e-15,2.96637714392034e-16
5,0.5,19,"12,16,18,22,24",30,0,0,5.374668663210396e-05,False,38.694170632274556,4.714722444981836e-05,0.13437534455649833,1.01059163506784,619,True,1.0522223978353533,0.1369967752531781,2.2902325530619942e-05,0,30,0,0,True,2.576306372030187e-18,1.0795303433313532e-15,True,0.13437534455649844,1.0105916350678403,5.1209037010835345e-15,9.298117831235686e-16,1e-06,0,30,0,0,True,2.576306372030187e-18,1.0795303433313532e-15,True,0.13437534455649844,1.0105916350678403,5.1209037010835345e-15,9.298117831235686e-16
5,0.5,20,"6,13,14,18,24",30,0,0,5.514284864616742e-05,False,37.40954872593811,4.559007686280707e-05,0.11313753050210984,1.007572364829172,619,True,1.0522223978353533,0.1369967752531781,2.2831108507138586e-05,0,30,0,0,True,1.7245266301227775e-18,7.276605008755571e-16,True,0.11313753050210998,1.0075723648291712,4.163986863647828e-15,1.2906342661267445e-15,1e-06,0,30,0,0,True,1.7245266301227775e-18,7.276605008755571e-16,True,0.11313753050210998,1.0075723648291712,4.163986863647828e-15,1.2906342661267445e-15
5,0.5,21,"1,3,25,27,29",30,0,0,4.880831668022024e-05,False,42.47470713709889,4.4766458952589784e-05,0.13537403826466035,1.0207637965010503,619,True,1.0522223978353533,0.1369967752531781,2.3120788276230818e-05,0,30,0,0,True,2.9507200287484074e-18,1.2318023947931502e-15,True,0.13537403826466074,1.0207637965010496,5.83777817753095e-15,1.4988010832439613e-15,1e-06,0,30,0,0,True,2.9507200287484074e-18,1.2318023947931502e-15,True,0.13537403826466074,1.0207637965010496,5.83777817753095e-15,1.4988010832439613e-15
5,0.5,22,"0,3,8,14,17",30,0,0,3.9232776237790625e-05,False,52.47150299204937,4.5369154385924074e-05,0.11649172986676741,1.019949274200061,619,True,1.0522223978353533,0.1369967752531781,2.3146319957038384e-05,0,30,0,0,True,2.1764590283240993e-18,9.14820896578201e-16,True,0.11649172986676744,1.0199492742000618,5.167307554065914e-15,1.5057399771478686e-15,1e-06,0,30,0,0,True,2.1764590283240993e-18,9.14820896578201e-16,True,0.11649172986676744,1.0199492742000618,5.167307554065914e-15,1.5057399771478686e-15
5,0.5,23,"6,11,21,25,26",30,0,0,4.25157629256114e-05,False,48.8079686625581,4.480681772115951e-05,0.1257221547478189,1.0421052223488945,619,True,1.0522223978353533,0.1369967752531781,2.309828159681543e-05,0,30,0,0,True,1.696593672510332e-18,7.082954169431875e-16,True,0.12572215474781887,1.0421052223488938,3.3546299418873993e-15,5.620504062164855e-16,1e-06,0,30,0,0,True,1.696593672510332e-18,7.082954169431875e-16,True,0.12572215474781887,1.0421052223488938,3.3546299418873993e-15,5.620504062164855e-16
5,0.5,24,"1,17,19,21,24",30,0,0,4.377289132742674e-05,False,47.003970000944356,4.5579560293859816e-05,0.11656917518941017,1.0293865347571578,619,True,1.0522223978353533,0.1369967752531781,2.3142063092221334e-05,0,30,0,0,True,4.2890095212902334e-18,1.8004323418944703e-15,True,0.11656917518941304,1.0293865347571591,1.113399736990539e-14,2.8727020762175925e-15,1e-06,0,30,0,0,True,4.2890095212902334e-18,1.8004323418944703e-15,True,0.11656917518941304,1.0293865347571591,1.113399736990539e-14,2.8727020762175925e-15
5,0.5,25,"0,10,13,21,23",30,0,0,5.3433012352510414e-05,False,39.33106137063739,4.594193218955067e-05,0.11616064459791856,1.0085988374846924,619,True,1.0522223978353533,0.1369967752531781,2.303407981266744e-05,0,30,0,0,True,3.3859747682687166e-18,1.406871180360332e-15,True,0.11616064459791872,1.0085988374846926,6.554761074195614e-15,1.3600232051658168e-15,1e-06,0,30,0,0,True,3.3859747682687166e-18,1.406871180360332e-15,True,0.11616064459791872,1.0085988374846926,6.554761074195614e-15,1.3600232051658168e-15
5,0.5,26,"15,16,19,20,23",30,0,0,5.0153019280200645e-05,False,40.9062047110458,4.608147368138449e-05,0.11752588391813415,1.0177191148226472,619,True,1.0522223978353533,0.1369967752531781,2.3164046755130082e-05,0,30,0,0,True,2.3025577621098933e-18,9.69988103635754e-16,True,0.11752588391813422,1.0177191148226477,2.505808061048498e-15,3.191891195797325e-16,1e-06,0,30,0,0,True,2.3025577621098933e-18,9.69988103635754e-16,True,0.11752588391813422,1.0177191148226477,2.505808061048498e-15,3.191891195797325e-16
5,0.5,27,"11,21,22,25,26",30,0,0,4.905161611223573e-05,False,42.74369353223408,4.547169265967114e-05,0.1301277124436774,1.0295184925688572,619,True,1.0522223978353533,0.1369967752531781,2.312826531902002e-05,0,30,0,0,True,3.814749212374257e-18,1.580594366125412e-15,True,0.1301277124436773,1.0295184925688572,2.547007743602947e-15,2.480654570646834e-16,1e-06,0,30,0,0,True,3.814749212374257e-18,1.580594366125412e-15,True,0.1301277124436773,1.0295184925688572,2.547007743602947e-15,2.480654570646834e-16
5,0.5,28,"5,6,8,9,13",30,0,0,5.6047820639885345e-05,False,36.693900164100235,4.480176289694765e-05,0.1065952361859432,1.0218401081713626,619,True,1.0522223978353533,0.1369967752531781,2.308117389804524e-05,0,30,0,0,True,1.5633878729317787e-18,6.603692912380559e-16,True,0.10659523618594319,1.0218401081713622,3.8012128167341785e-15,4.718447854656915e-16,1e-06,0,30,0,0,True,1.5633878729317787e-18,6.603692912380559e-16,True,0.10659523618594319,1.0218401081713622,3.8012128167341785e-15,4.718447854656915e-16
5,0.5,29,"2,3,11,21,27",30,0,0,2.7797193763333844e-05,False,73.90099095539985,4.4713909459997644e-05,0.13047685057951028,1.020015950181025,619,True,1.0522223978353533,0.1369967752531781,2.292789563494548e-05,0,30,0,0,True,2.3518992800717515e-18,9.90048750744712e-16,True,0.13047685057951028,1.020015950181025,8.729128531115293e-15,2.1788126858268697e-15,1e-06,0,30,0,0,True,2.3518992800717515e-18,9.90048750744712e-16,True,0.13047685057951028,1.020015950181025,8.729128531115293e-15,2.1788126858268697e-15
5,0.5,30,"6,9,10,18,28",30,0,0,5.570812099251452e-05,False,37.655816234049446,4.488543512410098e-05,0.12908201707020267,1.0140826527312037,619,True,1.0522223978353533,0.1369967752531781,2.320902197747779e-05,0,30,0,0,True,2.3547022333757112e-18,9.783782353012518e-16,True,0.12908201707020256,1.0140826527312035,6.990068246448544e-15,1.942890293094024e-15,1e-06,0,30,0,0,True,2.3547022333757112e-18,9.783782353012518e-16,True,0.12908201707020256,1.0140826527312035,6.990068246448544e-15,1.942890293094024e-15
5,0.5,31,"4,8,13,14,28",30,0,0,4.991700201006265e-05,False,41.41711340611439,4.380359448712182e-05,0.17308695011389755,1.0402295053617925,619,True,1.0522223978353533,0.1369967752531781,2.304618043125412e-05,0,30,0,0,True,3.471285700792565e-18,1.4613930535911626e-15,True,0.17308695011389733,1.0402295053617925,4.3186483035528855e-15,5.134781488891349e-16,1e-06,0,30,0,0,True,3.471285700792565e-18,1.4613930535911626e-15,True,0.17308695011389733,1.0402295053617925,4.3186483035528855e-15,5.134781488891349e-16
5,0.5,32,"4,15,16,18,26",30,0,0,5.159921199100001e-05,False,39.583471580246886,4.45213608121142e-05,0.15560355140125606,1.0337615458899398,619,True,1.0522223978353533,0.1369967752531781,2.2988592575866174e-05,0,30,0,0,True,2.674740142231147e-18,1.132034514390499e-15,True,0.15560355140125623,1.0337615458899394,6.0901804432855755e-15,1.4363510381087963e-15,1e-06,0,30,0,0,True,2.674740142231147e-18,1.132034514390499e-15,True,0.15560355140125623,1.0337615458899394,6.0901804432855755e-15,1.4363510381087963e-15
5,0.5,33,"7,11,15,17,26",30,0,0,5.515338539362277e-05,False,37.003886340319426,4.5446703989183725e-05,0.10627471774992826,1.0293881122433401,619,True,1.0522223978353533,0.1369967752531781,2.3070677988871524e-05,0,30,0,0,True,2.4320680471237176e-18,1.0284946055355252e-15,True,0.10627471774992811,1.02938811224334,6.091915166761552e-15,1.7555401576885288e-15,1e-06,0,30,0,0,True,2.4320680471237176e-18,1.0284946055355252e-15,True,0.10627471774992811,1.02938811224334,6.091915166761552e-15,1.7555401576885288e-15
5,0.5,34,"1,11,12,20,27",30,0,0,4.016883317772622e-05,False,51.077520650569895,4.5794521020572276e-05,0.12014685891018183,1.006866195414006,619,True,1.0522223978353533,0.1369967752531781,2.3098758392732537e-05,0,30,0,0,True,2.4689667182169942e-18,1.0390081440691258e-15,True,0.12014685891018188,1.0068661954140052,6.957975862142973e-15,1.887379141862766e-15,1e-06,0,30,0,0,True,2.4689667182169942e-18,1.0390081440691258e-15,True,0.12014685891018188,1.0068661954140052,6.957975862142973e-15,1.887379141862766e-15
5,0.5,35,"0,1,8,14,22",30,0,0,4.4055944003903094e-05,False,47.24548992534049,4.561874929670107e-05,0.11562515454636531,1.012907087015788,619,True,1.0522223978353533,0.1369967752531781,2.3126572852884854e-05,0,30,0,0,True,2.034847824619941e-18,8.488559352917969e-16,True,0.11562515454636534,1.0129070870157877,6.960062951325008e-15,1.6930901125533637e-15,1e-06,0,30,0,0,True,2.034847824619941e-18,8.488559352917969e-16,True,0.11562515454636534,1.0129070870157877,6.960062951325008e-15,1.6930901125533637e-15
5,0.5,36,"4,11,12,21,28",30,0,0,4.378568330130694e-05,False,47.41808949323167,4.482357537291439e-05,0.16546942709784918,1.0212023796369996,619,True,1.0522223978353533,0.1369967752531781,2.3072536986578642e-05,0,30,0,0,True,2.364517012269022e-18,9.902213263435038e-16,True,0.16546942709784926,1.021202379637,3.929148673087468e-15,7.216449660063518e-16,1e-06,0,30,0,0,True,2.364517012269022e-18,9.902213263435038e-16,True,0.16546942709784926,1.021202379637,3.929148673087468e-15,7.216449660063518e-16
5,0.5,37,"8,9,11,15,16",30,0,0,5.603454742879353e-05,False,36.7129889584118,4.5583699551966885e-05,0.11806303003295288,1.0129098131666516,619,True,1.0522223978353533,0.1369967752531781,2.3111864506945624e-05,0,30,0,0,True,2.440538437868794e-18,1.0301070346914846e-15,True,0.11806303003295242,1.0129098131666516,6.959873215944823e-15,1.609823385706477e-15,1e-06,0,30,0,0,True,2.440538437868794e-18,1.0301070346914846e-15,True,0.11806303003295242,1.0129098131666516,6.959873215944823e-15,1.609823385706477e-15
5,0.5,38,"5,7,15,19,24",30,0,0,5.457795332257504e-05,False,37.30139385743908,4.530855390670858e-05,0.10357601453335116,1.0192505516887866,619,True,1.0522223978353533,0.1369967752531781,2.3004608449154655e-05,0,30,0,0,True,2.444881040307928e-18,1.0384672315292905e-15,True,0.10357601453335126,1.0192505516887866,8.3097591307979e-15,2.42861286636753e-15,1e-06,0,30,0,0,True,2.444881040307928e-18,1.0384672315292905e-15,True,0.10357601453335126,1.0192505516887866,8.3097591307979e-15,2.42861286636753e-15
5,0.5,39,"2,18,20,24,28",30,0,0,5.2376409533213095e-05,False,39.49832709387792,4.528020904591171e-05,0.13703526808478925,1.0137367470048102,619,True,1.0522223978353533,0.1369967752531781,2.2996938375867337e-05,0,30,0,0,True,1.8645505990346796e-18,7.819345663772424e-16,True,0.1370352680847891,1.0137367470048098,5.245532740810743e-15,9.43689570931383e-16,1e-06,0,30,0,0,True,1.8645505990346796e-18,7.819345663772424e-16,True,0.1370352680847891,1.0137367470048098,5.245532740810743e-15,9.43689570931383e-16
5,0.5,40,"3,4,8,16,18",30,0,0,3.784964486183521e-05,False,54.60529806888728,4.491731632542286e-05,0.1558566844921944,1.0250318162401983,619,True,1.0522223978353533,0.1369967752531781,2.312899683904259e-05,0,30,0,0,True,3.741280189784237e-18,1.5673641729037498e-15,True,0.1558566844921942,1.0250318162401975,7.874777219196716e-15,1.949829186997931e-15,1e-06,0,30,0,0,True,3.741280189784237e-18,1.5673641729037498e-15,True,0.1558566844921942,1.0250318162401975,7.874777219196716e-15,1.949829186997931e-15
5,0.5,41,"12,14,21,22,27",30,0,0,5.67630810531157e-05,False,36.55692091221562,4.5628794026440184e-05,0.11826757613344886,1.0160405792150105,619,True,1.0522223978353533,0.1369967752531781,2.290050449750531e-05,0,30,0,0,True,3.004773003187314e-18,1.2608245727241124e-15,True,0.11826757613344874,1.0160405792150107,4.0054765060304476e-15,3.885780586188048e-16,1e-06,0,30,0,0,True,3.004773003187314e-18,1.2608245727241124e-15,True,0.11826757613344874,1.0160405792150107,4.0054765060304476e-15,3.885780586188048e-16
5,0.5,42,"8,12,13,19,29",30,0,0,5.546527123944969e-05,False,37.41794526421347,4.55768921333904e-05,0.11933051527323832,1.0235278000094765,619,True,1.0522223978353533,0.1369967752531781,2.3121430496769124e-05,0,30,0,0,True,2.9478331057635244e-18,1.2360178276922416e-15,True,0.11933051527323817,1.0235278000094765,3.3814097355477912e-15,2.3592239273284576e-16,1e-06,0,30,0,0,True,2.9478331057635244e-18,1.2360178276922416e-15,True,0.11933051527323817,1.0235278000094765,3.3814097355477912e-15,2.3592239273284576e-16
5,0.5,43,"1,7,11,22,26",30,0,0,3.482256396664997e-05,False,59.330085671760806,4.5211190502068775e-05,0.11932573060046237,1.0437861338379255,619,True,1.0522223978353533,0.1369967752531781,2.3133098718995723e-05,0,30,0,0,True,3.355482506680633e-18,1.4019003551716146e-15,True,0.11932573060046231,1.043786133837925,9.669999176398214e-15,2.6229018956769323e-15,1e-06,0,30,0,0,True,3.355482506680633e-18,1.4019003551716146e-15,True,0.11932573060046231,1.043786133837925,9.669999176398214e-15,2.6229018956769323e-15
5,0.5,44,"8,16,19,20,26",30,0,0,4.490153491539226e-05,False,45.2839790428566,4.569277507747043e-05,0.11743247108955289,1.034385207092993,619,True,1.0522223978353533,0.1369967752531781,2.325229803178027e-05,0,30,0,0,True,2.755148326522947e-18,1.1630464519332195e-15,True,0.11743247108955289,1.034385207092993,3.4650017230464236e-15,4.753142324176451e-16,1e-06,0,30,0,0,True,2.755148326522947e-18,1.1630464519332195e-15,True,0.11743247108955289,1.034385207092993,3.4650017230464236e-15,4.753142324176451e-16
5,0.5,45,"6,8,21,24,25",30,0,0,4.481421135932196e-05,False,46.48041116887621,4.516084573442523e-05,0.1258508087744413,1.021909245587737,619,True,1.0522223978353533,0.1369967752531781,2.298905253204553e-05,0,30,0,0,True,2.1329914319296313e-18,8.915431691800198e-16,True,0.12585080877444138,1.0219092455877365,4.814291326704634e-15,6.661338147750939e-16,1e-06,0,30,0,0,True,2.1329914319296313e-18,8.915431691800198e-16,True,0.12585080877444138,1.0219092455877365,4.814291326704634e-15,6.661338147750939e-16
5,0.5,46,"0,4,8,14,26",30,0,0,4.8455178196618664e-05,False,42.123227261900816,4.4413452810634e-05,0.16001919621226735,1.030609575333408,619,True,1.0522223978353533,0.1369967752531781,2.2971385732285073e-05,0,30,0,0,True,1.8858419605762186e-18,7.990679519462676e-16,True,0.16001919621226765,1.0306095753334077,3.7104108847885175e-15,7.216449660063518e-16,1e-06,0,30,0,0,True,1.8858419605762186e-18,7.990679519462676e-16,True,0.16001919621226765,1.0306095753334077,3.7104108847885175e-15,7.216449660063518e-16
5,0.5,47,"5,7,16,18,25",30,0,0,5.739799885844773e-05,False,36.349981270454144,4.489403850469056e-05,0.11586201015796886,1.0128851592315868,619,True,1.0522223978353533,0.1369967752531781,2.3222150963933285e-05,0,30,0,0,True,2.3191877332853045e-18,9.662527844753532e-16,True,0.11586201015796893,1.0128851592315877,5.474353609313809e-15,9.159339953157541e-16,1e-06,0,30,0,0,True,2.3191877332853045e-18,9.662527844753532e-16,True,0.11586201015796893,1.0128851592315877,5.474353609313809e-15,9.159339953157541e-16
5,0.5,48,"0,3,8,11,20",30,0,0,3.810094138389216e-05,False,54.014123652113824,4.5634912843510414e-05,0.12880263919980314,1.0155546002841271,619,True,1.0522223978353533,0.1369967752531781,2.32051482092099e-05,0,30,0,0,True,2.908093683527248e-18,1.2190528088862562e-15,True,0.12880263919980353,1.0155546002841285,7.806255641895632e-15,1.6167622796103842e-15,1e-06,0,30,0,0,True,2.908093683527248e-18,1.2190528088862562e-15,True,0.12880263919980353,1.0155546002841285,7.806255641895632e-15,1.6167622796103842e-15
5,0.5,49,"12,19,22,24,25",30,0,0,5.472266225979828e-05,False,38.070836473815035,4.596463328665143e-05,0.13717669929306503,1.0223900423867238,619,True,1.0522223978353533,0.1369967752531781,2.3072589828017152e-05,0,30,0,0,True,1.5751205685058687e-18,6.579733906144938e-16,True,0.13717669929306495,1.0223900423867232,3.956904248703097e-15,1.124100812432971e-15,1e-06,0,30,0,0,True,1.5751205685058687e-18,6.579733906144938e-16,True,0.13717669929306495,1.0223900423867232,3.956904248703097e-15,1.124100812432971e-15
5,0.7,0,"9,11,12,19,22",30,0,0,4.016001027332246e-05,False,48.77360482369893,4.039284496965695e-05,0.14404779914558694,1.192506272708715,371,True,1.282727956318748,0.12681452461407192,2.259982097768589e-05,0,30,0,0,True,2.863479301490442e-18,1.25011491946538e-15,True,0.14404779914558685,1.1925062727087143,3.2187794096749656e-15,3.2612801348363973e-16,1e-06,0,30,0,0,True,2.863479301490442e-18,1.25011491946538e-15,True,0.14404779914558685,1.1925062727087143,3.2187794096749656e-15,3.2612801348363973e-16
5,0.7,1,"4,5,17,23,27",30,0,0,4.689120517432631e-05,False,41.118660814598975,3.5139520771503066e-05,0.17025927674100072,1.2187006679405163,371,True,1.282727956318748,0.12681452461407192,2.204060667302206e-05,0,30,0,0,True,2.4645501817153977e-18,1.1121922864137526e-15,True,0.1702592767410003,1.2187006679405155,5.88418203051333e-15,1.6965595595053173e-15,1e-06,0,30,0,0,True,2.4645501817153977e-18,1.1121922864137526e-15,True,0.1702592767410003,1.2187006679405155,5.88418203051333e-15,1.6965595595053173e-15
5,0.7,2,"6,9,16,21,27",30,0,0,4.840204043417854e-05,False,39.32605742947215,3.737106652787906e-05,0.1492494338931553,1.2257391906776867,371,True,1.282727956318748,0.12681452461407192,2.2192401282142687e-05,0,30,0,0,True,3.0865471635689766e-18,1.3913059849110828e-15,True,0.1492494338931551,1.2257391906776867,3.98902373806298e-15,3.5388358909926865e-16,1e-06,0,30,0,0,True,3.0865471635689766e-18,1.3913059849110828e-15,True,0.1492494338931551,1.2257391906776867,3.98902373806298e-15,3.5388358909926865e-16
5,0.7,3,"2,5,11,28,29",30,0,0,5.118826330008402e-05,False,39.70126533213109,4.210224851374265e-05,0.14137754895422525,1.0563915641434871,371,True,1.282727956318748,0.12681452461407192,2.2866750143097894e-05,0,30,0,0,True,2.5485135559830694e-18,1.0845700948792161e-15,True,0.14137754895422475,1.056391564143486,5.179450618397752e-15,5.689893001203927e-16,1e-06,0,30,0,0,True,2.5485135559830694e-18,1.0845700948792161e-15,True,0.14137754895422475,1.056391564143486,5.179450618397752e-15,5.689893001203927e-16
5,0.7,4,"0,1,2,4,21",30,0,0,1.9837354293397202e-05,False,97.94369199883894,3.78104419004855e-05,0.2119718266269437,1.3063225963460812,371,True,1.282727956318748,0.12681452461407192,2.2640475641408004e-05,1,30,0,0,True,2.8031213480106555e-06,0.0012279333675231225,True,0.20980492504835632,1.2950762231747681,0.05932196919828682,0.012535908238688413,1e-06,0,30,0,0,True,2.135186714349765e-18,9.35338391362489e-16,True,0.21197182662694292,1.3063225963460803,5.489532439728606e-15,8.36136715420821e-16
5,0.7,5,"6,12,13,19,29",30,0,0,4.059494393917827e-05,False,49.43164684499711,3.926853103993146e-05,0.16963573627456646,1.1948209052112335,371,True,1.282727956318748,0.12681452461407192,2.28113671914014e-05,0,30,0,0,True,1.9816574304795577e-18,8.471625741402365e-16,True,0.16963573627456627,1.1948209052112329,4.631711680858075e-15,5.967448757360216e-16,1e-06,0,30,0,0,True,1.9816574304795577e-18,8.471625741402365e-16,True,0.16963573627456627,1.1948209052112329,4.631711680858075e-15,5.967448757360216e-16
5,0.7,6,"4,8,12,17,22",30,0,0,4.495819489348498e-05,False,44.32334767287439,3.8866525106175525e-05,0.23318807669911953,1.1509782724487323,371,True,1.282727956318748,0.12681452461407192,2.270378043332754e-05,0,30,0,0,True,2.386179505749873e-18,1.0334893025607814e-15,True,0.2331880766991198,1.1509782724487325,3.728354430743153e-15,4.544975507059235e-16,1e-06,0,30,0,0,True,2.386179505749873e-18,1.0334893025607814e-15,True,0.2331880766991198,1.1509782724487325,3.728354430743153e-15,4.544975507059235e-16
5,0.7,7,"12,19,21,27,29",30,0,0,4.136591719103e-05,False,46.12619488823708,3.749045384714793e-05,0.14873660884238757,1.20352868754282,371,True,1.282727956318748,0.12681452461407192,2.201094934715377e-05,0,30,0,0,True,3.1095582026755436e-18,1.4025217304911196e-15,True,0.14873660884238746,1.203528687542819,5.682303585996529e-15,1.197392879292991e-15,1e-06,0,30,0,0,True,3.1095582026755436e-18,1.4025217304911196e-15,True,0.14873660884238746,1.203528687542819,5.682303585996529e-15,1.197392879292991e-15
5,0.7,8,"6,12,20,21,29",30,0,0,3.081256519424063e-05,False,64.72454249031752,3.946787131425404e-05,0.21514830321547926,1.1989518633246568,371,True,1.282727956318748,0.12681452461407192,2.2699238341326565e-05,0,30,0,0,True,3.686518174781526e-18,1.5857620678475198e-15,True,0.21514830321547937,1.1989518633246568,7.729060447214664e-15,1.8665624601510444e-15,1e-06,0,30,0,0,True,3.686518174781526e-18,1.5857620678475198e-15,True,0.21514830321547937,1.1989518633246568,7.729060447214664e-15,1.8665624601510444e-15
5,0.7,9,"1,3,8,9,27",30,0,0,3.2550332610543435e-05,False,59.61017032245831,3.697020319872158e-05,0.18110263820715383,1.1938288463654918,371,True,1.282727956318748,0.12681452461407192,2.2835171217656878e-05,0,30,0,0,True,2.3235399851310144e-18,1.0109354731155003e-15,True,0.1811026382071537,1.1938288463654914,4.740999259844614e-15,7.650130529057719e-16,1e-06,0,30,0,0,True,2.3235399851310144e-18,1.0109354731155003e-15,True,0.1811026382071537,1.1938288463654914,4.740999259844614e-15,7.650130529057719e-16
5,0.7,10,"3,6,10,21,23",30,0,0,1.0406491527630922e-05,False,183.2894871923189,3.589759553790242e-05,0.28867480806491064,1.4372465909511936,371,True,1.282727956318748,0.12681452461407192,2.21642765393794e-05,1,30,0,0,True,1.1757785011748784e-05,0.005262021063723615,True,0.15807787063440715,1.26783066216993,0.5522097294207039,0.13455148660824245,1e-06,0,30,0,0,True,3.496850170121694e-18,1.5649630634919288e-15,True,0.2886748080649025,1.4372465909511782,3.372150648994765e-14,8.1601392309949e-15
5,0.7,11,"16,18,24,26,27",30,0,0,1.5526816004632453e-05,False,119.81286798545162,3.768304160308283e-05,0.31869113576207475,1.5668117297569812,371,True,1.282727956318748,0.12681452461407192,2.2156466662247716e-05,1,30,0,0,True,6.629650657615252e-06,0.003001292139277838,True,0.2384390880005754,1.3837232527501644,0.3691906047691587,0.08025204776149936,1e-06,0,30,0,0,True,1.803806156935839e-18,8.165964572166276e-16,True,0.31869113576207403,1.5668117297569801,4.4610582589088565e-15,7.216449660063518e-16
5,0.7,12,"4,6,23,25,27",30,0,0,4.5378450127220956e-05,False,42.10048954914919,3.50627555956136e-05,0.15323601652326863,1.2292970167257917,371,True,1.282727956318748,0.12681452461407192,2.181177161285107e-05,0,30,0,0,True,2.104584459082975e-18,9.562342748728764e-16,True,0.15323601652326857,1.229297016725792,3.61039323437673e-15,5.447031714567174e-16,1e-06,0,30,0,0,True,2.104584459082975e-18,9.562342748728764e-16,True,0.15323601652326857,1.229297016725792,3.61039323437673e-15,5.447031714567174e-16
5,0.7,13,"0,8,12,17,21",30,0,0,5.497224751353295e-05,False,35.59267060919883,3.9263166984153006e-05,0.19827388744870406,1.188134946226351,371,True,1.282727956318748,0.12681452461407192,2.2605021659171843e-05,0,30,0,0,True,2.061839137514958e-18,9.06666404074701e-16,True,0.19827388744870422,1.188134946226351,4.53033877773068e-15,4.718447854656915e-16,1e-06,0,30,0,0,True,2.061839137514958e-18,9.06666404074701e-16,True,0.19827388744870422,1.188134946226351,4.53033877773068e-15,4.718447854656915e-16
5,0.7,14,"4,9,21,26,28",30,0,0,1.6400298546649112e-05,False,117.36665804018091,3.6521180063372976e-05,0.19275815001192936,1.3436574385141908,371,True,1.282727956318748,0.12681452461407192,2.2499296879161597e-05,1,30,0,0,True,6.098998332512551e-06,0.002692558266181229,True,0.19545228536377898,1.3195605784829267,0.10090735762942488,0.022276329696312824,1e-06,0,30,0,0,True,1.7603054910025597e-18,7.771317259650021e-16,True,0.19275815001192903,1.3436574385141897,5.846451794910834e-15,1.1449174941446927e-15
5,0.7,15,"0,17,20,22,23",30,0,0,3.533502274599769e-05,False,55.001472099310675,3.8606181874559815e-05,0.17397515666337005,1.1639183507148805,371,True,1.282727956318748,0.12681452461407192,2.236887250918719e-05,0,30,0,0,True,2.4142886076403064e-18,1.0689533220179332e-15,True,0.17397515666336982,1.1639183507148807,6.119237061508187e-15,1.0824674490095276e-15,1e-06,0,30,0,0,True,2.4142886076403064e-18,1.0689533220179332e-15,True,0.17397515666336982,1.1639183507148807,6.119237061508187e-15,1.0824674490095276e-15
5,0.7,16,"0,1,6,17,19",30,0,0,1.924321981136164e-05,False,102.619792586761,4.143759434572109e-05,0.12689340802539664,1.1266396475448606,371,True,1.282727956318748,0.12681452461407192,2.315078207376453e-05,1,30,0,0,True,3.907562262402683e-06,0.0016766264704769363,True,0.12451842983470486,1.1187958304782366,0.08130448556974476,0.01630004356424837,1e-06,0,30,0,0,True,4.032418466559793e-18,1.7301988009570565e-15,True,0.12689340802539664,1.126639647544862,1.0129050376228577e-14,2.192690473634684e-15
5,0.7,17,"3,6,8,18,21",30,0,0,1.1626788985708064e-05,False,167.34504850522774,3.79216581275689e-05,0.2203128714653731,1.3150531464820192,371,True,1.282727956318748,0.12681452461407192,2.2675794394279313e-05,1,30,0,0,True,1.104900540857091e-05,0.004811918145400102,True,0.18269319573909235,1.2390573972323915,0.37171151028285954,0.08902422597568782,1e-06,0,30,0,0,True,2.4461950212542954e-18,1.0653348219768308e-15,True,0.22031287146537679,1.3150531464820248,1.5990247320685214e-14,3.6914915568786455e-15
5,0.7,18,"0,3,15,17,23",30,0,0,1.1848184428006122e-05,False,163.50923053828407,3.607481836944154e-05,0.2857626341027858,1.4202841011823915,371,True,1.282727956318748,0.12681452461407192,2.2544267417310555e-05,1,30,0,0,True,1.0696082989304336e-05,0.004710902043179383,True,0.17735832182775182,1.2482610773943472,0.47894608954356654,0.1246136354442334,1e-06,0,30,0,0,True,1.7683885640352925e-18,7.788557089337558e-16,True,0.2857626341027882,1.4202841011823957,1.1464787452730718e-14,2.3869795029440866e-15
5,0.7,19,"4,6,9,15,26",30,0,0,1.7160567519484076e-05,False,113.61988411977363,3.548188230402414e-05,0.24762216979539683,1.5669274819629995,371,True,1.282727956318748,0.12681452461407192,2.271332257870089e-05,1,30,0,0,True,5.552755059216782e-06,0.002411512760982978,True,0.23096882572606814,1.4750069146262208,0.21064696048239281,0.047767149004823595,1e-06,0,30,0,0,True,1.89242626729035e-18,8.218641096396139e-16,True,0.24762216979539872,1.5669274819630052,8.30531390189071e-15,2.3592239273284576e-15
5,0.7,20,"10,14,16,18,21",30,0,0,4.007776652910232e-05,False,48.13219330343354,4.073679964269216e-05,0.1967682056524502,1.1601218702956202,371,True,1.282727956318748,0.12681452461407192,2.254046659624764e-05,0,30,0,0,True,1.9390024740475657e-18,8.553173608614547e-16,True,0.1967682056524502,1.1601218702956198,4.826000710167477e-15,5.48172618408671e-16,1e-06,0,30,0,0,True,1.9390024740475657e-18,8.553173608614547e-16,True,0.1967682056524502,1.1601218702956198,4.826000710167477e-15,5.48172618408671e-16
5,0.7,21,"2,4,13,26,29",30,0,0,1.3706733959870735e-05,False,144.74606895821555,3.619975220952366e-05,0.24360653847818453,1.3716893436067281,371,True,1.282727956318748,0.12681452461407192,2.267181042766543e-05,1,30,0,0,True,8.96507646779475e-06,0.0038454565378830447,True,0.24601640114119494,1.3621152986598863,0.059720175343683145,0.011865051592470921,1e-06,0,30,0,0,True,2.0954872937842957e-18,8.988328591374324e-16,True,0.24360653847818428,1.3716893436067241,1.1097026075823635e-14,2.282896094385478e-15
5,0.7,22,"9,12,18,22,24",30,0,0,3.746517938151324e-05,False,51.428808972777595,4.284731367503681e-05,0.12745984507704378,1.1808872797383796,371,True,1.282727956318748,0.12681452461407192,2.22752635558562e-05,0,30,0,0,True,2.8703978894213417e-18,1.2748397442325272e-15,True,0.12745984507704441,1.1808872797383814,7.99187105382515e-15,1.7486012637846216e-15,1e-06,0,30,0,0,True,2.8703978894213417e-18,1.2748397442325272e-15,True,0.12745984507704441,1.1808872797383814,7.99187105382515e-15,1.7486012637846216e-15
5,0.7,23,"10,12,14,24,29",30,0,0,4.9226775657372464e-05,False,39.6330665552249,4.444890532068896e-05,0.14284231797379351,1.093589294585545,371,True,1.282727956318748,0.12681452461407192,2.244680643380299e-05,0,30,0,0,True,5.136811457887413e-18,2.2579080790041775e-15,True,0.14284231797379388,1.093589294585546,4.989064716909297e-15,1.2351231148954867e-15,1e-06,0,30,0,0,True,5.136811457887413e-18,2.2579080790041775e-15,True,0.14284231797379388,1.093589294585546,4.989064716909297e-15,1.2351231148954867e-15
5,0.7,24,"5,13,15,21,28",30,0,0,4.6798217630177044e-05,False,42.16130593428739,3.70733994031966e-05,0.20025037822425923,1.2615176579426686,371,True,1.282727956318748,0.12681452461407192,2.2657003564435144e-05,0,30,0,0,True,3.2243635260958974e-18,1.4076132398410311e-15,True,0.20025037822425948,1.2615176579426697,5.743452588524711e-15,1.3010426069826053e-15,1e-06,0,30,0,0,True,3.2243635260958974e-18,1.4076132398410311e-15,True,0.20025037822425948,1.2615176579426697,5.743452588524711e-15,1.3010426069826053e-15
5,0.7,25,"0,1,5,14,27",30,0,0,2.1822293497301815e-05,False,89.44491049790953,3.8341351726223766e-05,0.18679621498089344,1.1566046464046327,371,True,1.282727956318748,0.12681452461407192,2.271589202531323e-05,1,30,0,0,True,8.935985280110634e-07,0.00039175874214539405,True,0.18649167374024483,1.15591184633138,0.00707153826346522,0.001639364523398715,1e-06,0,30,0,0,True,2.082186794479033e-18,9.128426848827094e-16,True,0.186796214980893,1.1566046464046311,1.1748143690509805e-14,2.7157096016416915e-15
5,0.7,26,"1,12,16,17,21",30,0,0,2.11003358552994e-05,False,94.49370655918706,4.131833781793767e-05,0.20801945047235107,1.1538374780582128,371,True,1.282727956318748,0.12681452461407192,2.3039940567300627e-05,1,30,0,0,True,1.9396047120011335e-06,0.0008295299627099404,True,0.2081870488238355,1.1540649702221029,0.0032196496761173,0.0006937073922988063,1e-06,0,30,0,0,True,1.937517580349141e-18,8.286373384392653e-16,True,0.20801945047235143,1.153837478058213,4.806701911497235e-15,6.800116025829084e-16
5,0.7,27,"3,6,10,20,23",30,0,0,1.4067370992188419e-05,False,137.98787509534813,3.748522629102349e-05,0.20253326074092118,1.296741934865747,371,True,1.282727956318748,0.12681452461407192,2.271650667294435e-05,1,30,0,0,True,8.649135680755927e-06,0.003770003609879087,True,0.1834829744076925,1.2095712484131682,0.3153984152779393,0.08687174556126585,1e-06,0,30,0,0,True,2.739748332657215e-18,1.194207315681187e-15,True,0.20253326074091865,1.2967419348657425,1.2945157099042426e-14,3.7192471324942744e-15
5,0.7,28,"2,3,9,14,18",30,0,0,1.1216878536052997e-05,False,177.45012906033077,3.82250623326522e-05,0.34778709033430416,1.5047857209190323,371,True,1.282727956318748,0.12681452461407192,2.2972301701376297e-05,1,30,0,0,True,1.1755423165323346e-05,0.0050000624442931695,True,0.18484073889076133,1.239313640196462,0.6876246637916441,0.16294635144354283,1e-06,0,30,0,0,True,2.6963633217077313e-18,1.1468736421850086e-15,True,0.3477870903343055,1.5047857209190354,8.534839501805891e-15,1.7763568394002505e-15
5,0.7,29,"9,17,18,26,29",30,0,0,1.1040958235571497e-05,False,180.79308299008238,4.0627895773461865e-05,0.22931533232634202,1.3179858254475867,371,True,1.282727956318748,0.12681452461407192,2.2749773038242924e-05,1,30,0,0,True,1.1708814802671352e-05,0.005001513650318042,True,0.1640496461472124,1.236150525684288,0.3383698949304232,0.06526568617912962,1e-06,0,30,0,0,True,4.621633342281564e-18,1.9741675513487955e-15,True,0.22931533232634366,1.3179858254475896,1.0297318553398327e-14,1.9567680809018384e-15
5,0.7,30,"4,9,20,26,27",30,0,0,1.1455545875520915e-05,False,166.57925318452988,3.6247272933009696e-05,0.16795549094814097,1.3603132998263756,371,True,1.282727956318748,0.12681452461407192,2.2546120582032603e-05,1,30,0,0,True,1.1090574706511632e-05,0.004896900947538025,True,0.16855625307547936,1.2777380389765092,0.31591764130617267,0.053277872797781456,1e-06,0,30,0,0,True,1.9475794732621335e-18,8.599287251023528e-16,True,0.16795549094814002,1.3603132998263745,9.770829978439366e-15,1.3461454173580023e-15
5,0.7,31,"6,7,10,14,21",30,0,0,4.3871179532646515e-05,False,43.544293598467256,3.858016682551489e-05,0.17448908699105495,1.2762939668340287,371,True,1.282727956318748,0.12681452461407192,2.2351551634323117e-05,0,30,0,0,True,1.745877406322857e-18,7.813688100985548e-16,True,0.17448908699105484,1.2762939668340283,5.354224008602415e-15,1.0217521273503394e-15,1e-06,0,30,0,0,True,1.745877406322857e-18,7.813688100985548e-16,True,0.17448908699105484,1.2762939668340283,5.354224008602415e-15,1.0217521273503394e-15
5,0.7,32,"7,17,18,19,26",29,0,1,-1.6347914209531577e-06,True,inf,0.00016696303398980075,10.162382813540562,688.0737216429034,371,True,1.282727956318748,0.12681452461407192,2.2714347355194656e-05,1,30,0,0,True,2.4349138776147732e-05,0.010656072294432913,True,0.22655776370451705,1.4513073697874075,64.90095357149102,10.388940577245078,1e-06,1,30,0,0,True,2.6347914209530306e-06,0.0011530809414060554,True,1.8636349755194035,23.122961683075076,75.12797059280875,12.026017789059965
5,0.7,33,"0,10,17,24,26",30,0,0,1.7621740885452323e-05,False,107.43454217693225,4.176061768354535e-05,0.3450452709786677,1.5543681321306393,371,True,1.282727956318748,0.12681452461407192,2.2521495489901326e-05,1,30,0,0,True,4.899754604449175e-06,0.00218198696803914,True,0.2837966151426614,1.4036629384589183,0.26075733425012293,0.061248655836006305,1e-06,0,30,0,0,True,2.2358822320152163e-18,9.956959656504923e-16,True,0.3450452709786666,1.5543681321306366,6.0728332085258074e-15,1.2628786905111156e-15
5,0.7,34,"1,6,17,22,28",30,0,0,1.9382467680334816e-05,False,104.22353662436433,4.204395893253207e-05,0.1334964495521811,1.0689675567469532,371,True,1.282727956318748,0.12681452461407192,2.3078304328012763e-05,1,30,0,0,True,3.6958366476778363e-06,0.0015715364482059967,True,0.13212927960333712,1.066865212656711,0.025674519713136505,0.005421208854259882,1e-06,0,30,0,0,True,4.877607142077028e-18,2.074046592026791e-15,True,0.13349644955218054,1.0689675567469525,6.943555973248916e-15,1.0200174038743626e-15
5,0.7,35,"0,2,3,14,17",30,0,0,1.0344110888132477e-05,False,192.18869315393798,3.9697017377717425e-05,0.31374173578107,1.349574395713994,371,True,1.282727956318748,0.12681452461407192,2.311205589862634e-05,1,30,0,0,True,1.2767945010493585e-05,0.005450487998471055,True,0.1617506058686585,1.148587188012105,0.6186748897903185,0.1519911299124115,1e-06,0,30,0,0,True,2.59153092229002e-18,1.1062945664317465e-15,True,0.31374173578107456,1.3495743957140038,1.8156361288566847e-14,4.551914400963142e-15
5,0.7,36,"0,9,16,18,28",30,0,0,3.63653143293224e-05,False,54.02617723681278,4.195352170640846e-05,0.12604801132116153,1.1678196252970707,371,True,1.282727956318748,0.12681452461407192,2.290622354678612e-05,0,30,0,0,True,3.031973749920708e-18,1.311967087969543e-15,True,0.12604801132116153,1.1678196252970703,4.542373421845269e-15,4.579669976578771e-16,1e-06,0,30,0,0,True,3.031973749920708e-18,1.311967087969543e-15,True,0.12604801132116153,1.1678196252970703,4.542373421845269e-15,4.579669976578771e-16
5,0.7,37,"8,12,14,17,28",30,0,0,5.4763706502719904e-05,False,37.06136026364111,4.133997299707611e-05,0.13271649491348578,1.0433392564785482,371,True,1.282727956318748,0.12681452461407192,2.3093504664928046e-05,0,30,0,0,True,1.9709067965575174e-18,8.388619258444998e-16,True,0.1327164949134861,1.0433392564785486,3.9979955110402976e-15,3.885780586188048e-16,1e-06,0,30,0,0,True,1.9709067965575174e-18,8.388619258444998e-16,True,0.1327164949134861,1.0433392564785486,3.9979955110402976e-15,3.885780586188048e-16
5,0.7,38,"3,15,18,19,22",30,0,0,8.38203779950706e-06,False,230.76840791505384,3.515867283604452e-05,0.47727822448627205,2.1119544044229333,371,True,1.282727956318748,0.12681452461407192,2.269641790979384e-05,1,30,0,0,True,1.4314380110286783e-05,0.006228641238080654,True,0.19359032887530372,1.3168691399552361,1.3154196780477017,0.29617437075257513,1e-06,0,30,0,0,True,3.513410756624439e-18,1.5287965637646256e-15,True,0.47727822448627266,2.111954404422933,7.69349861595714e-15,7.563394355258879e-16
5,0.7,39,"2,16,20,26,29",30,0,0,1.112223622175958e-05,False,178.24449781453518,4.129761188002425e-05,0.28252868333319797,1.5085328645289922,371,True,1.282727956318748,0.12681452461407192,2.3018376012852357e-05,1,30,0,0,True,1.1896139791092531e-05,0.005051536247049368,True,0.17520161474047444,1.1857564690630933,0.7121631025244126,0.12804887002450066,1e-06,0,30,0,0,True,1.744980410323332e-18,7.409825328162057e-16,True,0.2825286833332022,1.5085328645290086,2.891046776976047e-14,5.551115123125783e-15
5,0.7,40,"10,11,14,21,25",30,0,0,3.5294110562883384e-05,False,55.052296114197325,4.0552405571049415e-05,0.20541608884955104,1.145192500814767,371,True,1.282727956318748,0.12681452461407192,2.2418926971092816e-05,0,30,0,0,True,5.423502221171112e-18,2.3912516030561107e-15,True,0.2054160888495513,1.1451925008147679,8.384352240264903e-15,2.1510571102112408e-15,1e-06,0,30,0,0,True,5.423502221171112e-18,2.3912516030561107e-15,True,0.2054160888495513,1.1451925008147679,8.384352240264903e-15,2.1510571102112408e-15
5,0.7,41,"2,5,9,14,24",30,0,0,4.445153390585951e-05,False,43.894743722474175,4.19038978228809e-05,0.16092703848739356,1.1836489807868624,371,True,1.282727956318748,0.12681452461407192,2.2578665924949393e-05,0,30,0,0,True,2.921100807213747e-18,1.28402612137669e-15,True,0.16092703848739331,1.183648980786861,7.95370713735366e-15,1.8561541192951836e-15,1e-06,0,30,0,0,True,2.921100807213747e-18,1.28402612137669e-15,True,0.16092703848739331,1.183648980786861,7.95370713735366e-15,1.8561541192951836e-15
5,0.7,42,"1,6,8,13,24",30,0,0,2.143323376010793e-05,False,91.10109218123337,4.150664799166801e-05,0.1540809192894393,1.1722962660669662,371,True,1.282727956318748,0.12681452461407192,2.282230879067655e-05,1,30,0,0,True,1.3890750305682609e-06,0.0006034613557193866,True,0.15354079425219755,1.170920230341389,0.010861677660559291,0.0022536575571630788,1e-06,0,30,0,0,True,2.6357555817261215e-18,1.1450617149476023e-15,True,0.15408091928943918,1.1722962660669656,1.3795388442705558e-14,3.406996906818449e-15
5,0.7,43,"5,7,10,11,21",30,0,0,4.12210777611074e-05,False,46.504993746080075,4.0291413117756025e-05,0.19571384821287977,1.2410296148682416,371,True,1.282727956318748,0.12681452461407192,2.2382733537642574e-05,0,30,0,0,True,1.991688513759071e-18,8.876137929063709e-16,True,0.19571384821287968,1.2410296148682418,3.762032460725984e-15,5.551115123125783e-16,1e-06,0,30,0,0,True,1.991688513759071e-18,8.876137929063709e-16,True,0.19571384821287968,1.2410296148682418,3.762032460725984e-15,5.551115123125783e-16
5,0.7,44,"1,7,9,12,18",30,0,0,1.2476790057382386e-05,False,158.50295881150532,4.0343506835057196e-05,0.16817583604664582,1.3899936179093366,371,True,1.282727956318748,0.12681452461407192,2.2919687242075563e-05,1,30,0,0,True,1.0442897184693001e-05,0.004471847480820926,True,0.15243154427817573,1.2601228567834346,0.45995402400424146,0.08079660847289018,1e-06,0,30,0,0,True,5.450664979133229e-18,2.334078563127435e-15,True,0.16817583604664468,1.3899936179093266,2.894429487754202e-14,5.551115123125783e-15
5,0.7,45,"10,12,14,15,25",30,0,0,3.729969999790548e-05,False,53.1748854930926,4.299215560243642e-05,0.15769956850068953,1.0755877698936596,371,True,1.282727956318748,0.12681452461407192,2.2749621320097306e-05,0,30,0,0,True,2.9140078128232456e-18,1.2565421759163317e-15,True,0.15769956850068984,1.0755877698936602,7.389922007661198e-15,9.818534874028728e-16,1e-06,0,30,0,0,True,2.9140078128232456e-18,1.2565421759163317e-15,True,0.15769956850068984,1.0755877698936602,7.389922007661198e-15,9.818534874028728e-16
5,0.7,46,"2,7,9,15,21",30,0,0,3.7565862140387134e-05,False,50.845882054519116,3.5093145372789176e-05,0.17964349733661933,1.5181046446543691,371,True,1.282727956318748,0.12681452461407192,2.2263673679283582e-05,0,30,0,0,True,2.2207680903888835e-18,9.929821144592457e-16,True,0.17964349733661922,1.5181046446543671,5.690760362941916e-15,1.087671619437458e-15,1e-06,0,30,0,0,True,2.2207680903888835e-18,9.929821144592457e-16,True,0.17964349733661922,1.5181046446543671,5.690760362941916e-15,1.087671619437458e-15
5,0.7,47,"2,5,15,17,18",30,0,0,3.26855006949766e-05,False,61.66033523340597,3.9667453526430906e-05,0.19746707211605324,1.3063354816917478,371,True,1.282727956318748,0.12681452461407192,2.2909376166702947e-05,0,30,0,0,True,1.9624782085301157e-18,8.374249587041655e-16,True,0.1974670721160528,1.3063354816917463,4.659467256473704e-15,1.214306433183765e-15,1e-06,0,30,0,0,True,1.9624782085301157e-18,8.374249587041655e-16,True,0.1974670721160528,1.3063354816917463,4.659467256473704e-15,1.214306433183765e-15
5,0.7,48,"3,6,13,15,28",30,0,0,9.516778996547718e-06,False,209.85532131536513,3.708359940898737e-05,0.3574364741691922,1.5459080523222097,371,True,1.282727956318748,0.12681452461407192,2.314273131739126e-05,1,30,0,0,True,1.3625952320843565e-05,0.005785042714738221,True,0.15414570585855553,1.2016796007651782,0.8605548913819668,0.20522268205156113,1e-06,0,30,0,0,True,3.3198270729358238e-18,1.4094678280284135e-15,True,0.3574364741691916,1.5459080523222088,8.389122729823839e-15,1.6930901125533637e-15
5,0.7,49,"9,12,19,20,28",30,0,0,2.3096399082289466e-05,False,86.25150740938068,4.0458501116105295e-05,0.16827013558326334,1.226786186096967,371,True,1.282727956318748,0.12681452461407192,2.3146181904691097e-05,1,30,0,0,True,4.978282240167675e-08,2.1181156945764635e-05,True,0.16807653864400357,1.2262402095542193,0.0015648990762684016,0.0003200481992035875,1e-06,0,30,0,0,True,3.918653315213314e-18,1.6672741094482117e-15,True,0.16827013558326243,1.2267861860969638,9.187529209642165e-15,2.275957200481571e-15
10,0.3,0,"2,6,10,13,15,16,22,23,25,27",30,0,0,5.772544746607502e-05,False,33.5839165566378,4.304044872150094e-05,0.1411514385952649,1.0405696920215932,867,True,1.0332187187339898,0.13407662545161655,2.238764888555916e-05,0,30,0,0,True,1.884608525224093e-18,8.36320697992919e-16,True,0.1411514385952648,1.0405696920215932,4.7316751211612385e-15,9.020562075079397e-16,1e-06,0,30,0,0,True,1.884608525224093e-18,8.36320697992919e-16,True,0.1411514385952648,1.0405696920215932,4.7316751211612385e-15,9.020562075079397e-16
10,0.3,1,"5,6,7,11,12,20,22,24,25,28",30,0,0,5.652587712161435e-05,False,34.365705779001495,4.301213525351001e-05,0.11482161678497128,1.0367608702583337,867,True,1.0332187187339898,0.13407662545161655,2.251552990657078e-05,0,30,0,0,True,3.373278696606853e-18,1.489533015030837e-15,True,0.114821616784971,1.0367608702583335,5.147791914961175e-15,9.298117831235686e-16,1e-06,0,30,0,0,True,3.373278696606853e-18,1.489533015030837e-15,True,0.114821616784971,1.0367608702583335,5.147791914961175e-15,9.298117831235686e-16
10,0.3,2,"0,5,8,12,13,16,19,21,23,27",30,0,0,5.621826624880772e-05,False,34.51949513170061,4.2752832004383466e-05,0.12427792474165053,1.0364190661081332,867,True,1.0332187187339898,0.13407662545161655,2.232766468381192e-05,0,30,0,0,True,2.5804091003154404e-18,1.1456662132137521e-15,True,0.1242779247416505,1.0364190661081323,5.052219493456578e-15,1.3322676295501878e-15,1e-06,0,30,0,0,True,2.5804091003154404e-18,1.1456662132137521e-15,True,0.1242779247416505,1.0364190661081323,5.052219493456578e-15,1.3322676295501878e-15
10,0.3,3,"1,3,6,8,14,17,19,20,21,23",30,0,0,5.544534061634861e-05,False,35.501775815837,4.211717971269244e-05,0.12490030151400028,1.0173063274220326,867,True,1.0332187187339898,0.13407662545161655,2.2836012026640747e-05,0,30,0,0,True,3.2816214337473295e-18,1.4282062158676617e-15,True,0.12490030151400043,1.017306327422034,3.787109294645921e-15,3.5929570611575e-16,1e-06,0,30,0,0,True,3.2816214337473295e-18,1.4282062158676617e-15,True,0.12490030151400043,1.017306327422034,3.787109294645921e-15,3.5929570611575e-16
10,0.3,4,"0,1,7,11,21,23,24,25,26,28",30,0,0,5.239276990478252e-05,False,36.776075421033994,4.3704380850801946e-05,0.13648633925614342,1.042362779415703,867,True,1.0332187187339898,0.13407662545161655,2.2349794887629472e-05,0,30,0,0,True,2.3268696543022448e-18,1.035097907453764e-15,True,0.1364863392561456,1.0423627794157035,7.103692634125025e-15,2.1649348980190553e-15,1e-06,0,30,0,0,True,2.3268696543022448e-18,1.035097907453764e-15,True,0.1364863392561456,1.0423627794157035,7.103692634125025e-15,2.1649348980190553e-15
10,0.3,5,"1,3,8,11,13,20,21,25,27,28",30,0,0,5.446572396146692e-05,False,35.765343384516434,4.228979423035168e-05,0.11027774562346407,1.0170525805108437,867,True,1.0332187187339898,0.13407662545161655,2.2791431878874374e-05,0,30,0,0,True,2.0066845159418594e-18,8.802820787471502e-16,True,0.11027774562346379,1.0170525805108437,4.0588192529167344e-15,7.91033905045424e-16,1e-06,0,30,0,0,True,2.0066845159418594e-18,8.802820787471502e-16,True,0.11027774562346379,1.0170525805108437,4.0588192529167344e-15,7.91033905045424e-16
10,0.3,6,"0,1,7,8,17,21,23,26,27,28",30,0,0,5.1811735689048814e-05,False,37.6701729150951,4.229020222602593e-05,0.12417414921372381,1.0313590081310615,867,True,1.0332187187339898,0.13407662545161655,2.2525950987926867e-05,0,30,0,0,True,3.253983812445375e-18,1.4316439090228788e-15,True,0.12417414921372355,1.031359008131061,5.502542865798432e-15,1.457167719820518e-15,1e-06,0,30,0,0,True,3.253983812445375e-18,1.4316439090228788e-15,True,0.12417414921372355,1.031359008131061,5.502542865798432e-15,1.457167719820518e-15
10,0.3,7,"0,1,8,10,15,17,21,25,26,29",30,0,0,5.226668164838814e-05,False,37.38380966455643,4.303910064264877e-05,0.12583416467129807,1.0323040098077665,867,True,1.0332187187339898,0.13407662545161655,2.2785743917296294e-05,0,30,0,0,True,3.7561687267815875e-18,1.6441258754504566e-15,True,0.12583416467129965,1.0323040098077665,7.549516567451064e-15,1.582067810090848e-15,1e-06,0,30,0,0,True,3.7561687267815875e-18,1.6441258754504566e-15,True,0.12583416467129965,1.0323040098077665,7.549516567451064e-15,1.582067810090848e-15
10,0.3,8,"0,6,15,17,18,22,23,24,25,27",30,0,0,5.726409903109591e-05,False,34.056987941668076,4.389689135100706e-05,0.1321046632783977,1.0326578989587962,867,True,1.0332187187339898,0.13407662545161655,2.224309459440808e-05,0,30,0,0,True,2.1511726238161076e-18,9.508513564944974e-16,True,0.1321046632783977,1.0326578989587967,5.005544589931077e-15,7.632783294297951e-16,1e-06,0,30,0,0,True,2.1511726238161076e-18,9.508513564944974e-16,True,0.1321046632783977,1.0326578989587967,5.005544589931077e-15,7.632783294297951e-16
10,0.3,9,"1,2,7,8,15,17,19,22,25,28",30,0,0,5.285451168712703e-05,False,37.00455473879421,4.167893105725504e-05,0.1266973720400949,1.0345979983796219,867,True,1.0332187187339898,0.13407662545161655,2.2864711190383233e-05,0,30,0,0,True,2.578939780562707e-18,1.1286240951400773e-15,True,0.12669737204009512,1.034597998379621,5.679918341217061e-15,1.0408340855860843e-15,1e-06,0,30,0,0,True,2.578939780562707e-18,1.1286240951400773e-15,True,0.12669737204009512,1.034597998379621,5.679918341217061e-15,1.0408340855860843e-15
10,0.3,10,"4,5,12,14,16,18,21,22,26,29",30,0,0,5.6670021304104156e-05,False,34.551259374008545,4.1328131646192755e-05,0.1714678057245692,1.0389940805108269,867,True,1.0332187187339898,0.13407662545161655,2.255502840349809e-05,0,30,0,0,True,1.9741513446861264e-18,8.669892808569762e-16,True,0.1714678057245689,1.0389940805108275,3.9654694458657325e-15,5.551115123125783e-16,1e-06,0,30,0,0,True,1.9741513446861264e-18,8.669892808569762e-16,True,0.1714678057245689,1.0389940805108275,3.9654694458657325e-15,5.551115123125783e-16
10,0.3,11,"3,5,7,9,12,17,18,19,23,28",30,0,0,5.30302252080857e-05,False,36.96652876881363,4.1806214381464654e-05,0.10925393748601227,1.0329476042793326,867,True,1.0332187187339898,0.13407662545161655,2.2637792671187024e-05,0,30,0,0,True,1.981523104302105e-18,8.704717266027769e-16,True,0.10925393748601225,1.0329476042793333,2.940356291780688e-15,3.382710778154774e-16,1e-06,0,30,0,0,True,1.981523104302105e-18,8.704717266027769e-16,True,0.10925393748601225,1.0329476042793333,2.940356291780688e-15,3.382710778154774e-16
10,0.3,12,"0,4,5,7,8,9,11,14,15,16",30,0,0,5.646741670945653e-05,False,33.74285090567054,4.084492613400286e-05,0.14787119575057187,1.0481964652961215,867,True,1.0332187187339898,0.13407662545161655,2.2351308291299807e-05,0,30,0,0,True,1.640584527312647e-18,7.353661132976833e-16,True,0.14787119575057164,1.0481964652961215,4.007211229506424e-15,4.3021142204224816e-16,1e-06,0,30,0,0,True,1.640584527312647e-18,7.353661132976833e-16,True,0.14787119575057164,1.0481964652961215,4.007211229506424e-15,4.3021142204224816e-16
10,0.3,13,"5,8,13,15,17,18,19,20,22,23",30,0,0,5.635832179861108e-05,False,34.97699068884257,4.189905827884386e-05,0.11403052195007662,1.0288531303239958,867,True,1.0332187187339898,0.13407662545161655,2.2590041667072637e-05,0,30,0,0,True,2.1643218396928273e-18,9.468302549409739e-16,True,0.11403052195007649,1.0288531303239956,4.488163313220994e-15,1.1102230246251565e-15,1e-06,0,30,0,0,True,2.1643218396928273e-18,9.468302549409739e-16,True,0.11403052195007649,1.0288531303239956,4.488163313220994e-15,1.1102230246251565e-15
10,0.3,14,"0,1,8,13,16,19,20,22,25,29",30,0,0,5.466212642593831e-05,False,35.561715360035755,4.354603391229916e-05,0.11529654941282808,1.0281400893253327,867,True,1.0332187187339898,0.13407662545161655,2.2779169874558566e-05,0,30,0,0,True,3.1406862338072463e-18,1.3798385039792501e-15,True,0.11529654941282833,1.0281400893253332,3.0895425107146934e-15,4.3021142204224816e-16,1e-06,0,30,0,0,True,3.1406862338072463e-18,1.3798385039792501e-15,True,0.11529654941282833,1.0281400893253332,3.0895425107146934e-15,4.3021142204224816e-16
10,0.3,15,"5,14,15,16,18,19,22,23,24,26",30,0,0,5.658103127004649e-05,False,33.922241976027635,4.3115791949566774e-05,0.13277989533272072,1.0582791203595383,867,True,1.0332187187339898,0.13407662545161655,2.220603160034474e-05,0,30,0,0,True,2.576100284274472e-18,1.1526550832784213e-15,True,0.13277989533272083,1.058279120359538,4.6455894686658894e-15,6.938893903907228e-16,1e-06,0,30,0,0,True,2.576100284274472e-18,1.1526550832784213e-15,True,0.13277989533272083,1.058279120359538,4.6455894686658894e-15,6.938893903907228e-16
10,0.3,16,"3,9,11,13,17,18,20,23,27,29",30,0,0,5.272765388189247e-05,False,37.14133273275159,4.219239696643179e-05,0.1251449267733613,1.0285029516192647,867,True,1.0332187187339898,0.13407662545161655,2.25313858599775e-05,0,30,0,0,True,5.9851337563972536e-18,2.6331834597195174e-15,True,0.12514492677336106,1.0285029516192645,9.410495386413809e-15,2.851885394505871e-15,1e-06,0,30,0,0,True,5.9851337563972536e-18,2.6331834597195174e-15,True,0.12514492677336106,1.0285029516192645,9.410495386413809e-15,2.851885394505871e-15
10,0.3,17,"0,1,6,10,15,17,19,21,26,28",30,0,0,5.1560265552445296e-05,False,37.62783868394287,4.218351265062957e-05,0.11408869317136221,1.0312168774365629,867,True,1.0332187187339898,0.13407662545161655,2.2754940640993623e-05,0,30,0,0,True,2.0845523854687027e-18,9.157642064280863e-16,True,0.1140886931713622,1.0312168774365624,3.2569433261464553e-15,4.718447854656915e-16,1e-06,0,30,0,0,True,2.0845523854687027e-18,9.157642064280863e-16,True,0.1140886931713622,1.0312168774365624,3.2569433261464553e-15,4.718447854656915e-16
10,0.3,18,"2,3,10,13,14,17,18,22,25,27",30,0,0,5.2793966167076114e-05,False,37.22921771881625,4.2063597705657504e-05,0.13247542742352075,1.026273841637832,867,True,1.0332187187339898,0.13407662545161655,2.2769274931113444e-05,0,30,0,0,True,1.7663839947467197e-18,7.714792896414202e-16,True,0.13247542742352078,1.0262738416378325,3.5459916253310908e-15,5.828670879282072e-16,1e-06,0,30,0,0,True,1.7663839947467197e-18,7.714792896414202e-16,True,0.13247542742352078,1.0262738416378325,3.5459916253310908e-15,5.828670879282072e-16
10,0.3,19,"3,5,9,10,13,19,20,23,24,27",30,0,0,5.08758175935151e-05,False,37.84511743519469,4.287801385664396e-05,0.11727745298956975,1.035861496907503,867,True,1.0332187187339898,0.13407662545161655,2.239259728580635e-05,0,30,0,0,True,1.8595802491150103e-18,8.274989459934373e-16,True,0.11727745298956967,1.035861496907503,3.996098157238448e-15,1.2524703496552547e-15,1e-06,0,30,0,0,True,1.8595802491150103e-18,8.274989459934373e-16,True,0.11727745298956967,1.035861496907503,3.996098157238448e-15,1.2524703496552547e-15
10,0.3,20,"1,2,5,7,9,12,13,15,22,26",30,0,0,5.006757867844138e-05,False,38.72035801945129,4.06449647505856e-05,0.11215109797663127,1.0446838882082545,867,True,1.0332187187339898,0.13407662545161655,2.249558089464846e-05,0,30,0,0,True,2.8659582261145698e-18,1.267812726205626e-15,True,0.11215109797663109,1.0446838882082548,6.952446431063297e-15,1.8735013540549517e-15,1e-06,0,30,0,0,True,2.8659582261145698e-18,1.267812726205626e-15,True,0.11215109797663109,1.0446838882082548,6.952446431063297e-15,1.8735013540549517e-15
10,0.3,21,"0,1,3,11,12,18,22,24,25,26",30,0,0,5.554424136991941e-05,False,34.55289502085282,4.42132158761498e-05,0.11073893667716952,1.0351404180426822,867,True,1.0332187187339898,0.13407662545161655,2.244893347729625e-05,0,30,0,0,True,2.377668405751376e-18,1.0573383725928444e-15,True,0.11073893667716939,1.0351404180426833,4.002440739947488e-15,3.0531133177191805e-16,1e-06,0,30,0,0,True,2.377668405751376e-18,1.0573383725928444e-15,True,0.11073893667716939,1.0351404180426833,4.002440739947488e-15,3.0531133177191805e-16
10,0.3,22,"1,5,8,10,11,13,14,16,28,29",30,0,0,5.4000016337062784e-05,False,36.18528240590696,4.1258837336813077e-05,0.1203805349118734,1.0284355160703493,867,True,1.0332187187339898,0.13407662545161655,2.2673387706869266e-05,0,30,0,0,True,2.417717227907156e-18,1.0628416657554454e-15,True,0.12038053491187607,1.0284355160703493,9.217561609820013e-15,2.67841304690819e-15,1e-06,0,30,0,0,True,2.417717227907156e-18,1.0628416657554454e-15,True,0.12038053491187607,1.0284355160703493,9.217561609820013e-15,2.67841304690819e-15
10,0.3,23,"2,4,5,6,9,13,15,20,24,27",30,0,0,5.762403388651824e-05,False,33.1573263432337,4.034173007366663e-05,0.14739871039988053,1.0400641718946855,867,True,1.0332187187339898,0.13407662545161655,2.2202621935741072e-05,0,30,0,0,True,2.434412772361705e-18,1.0922554181053844e-15,True,0.14739871039988106,1.0400641718946857,5.66127006385031e-15,1.4849232954361469e-15,1e-06,0,30,0,0,True,2.434412772361705e-18,1.0922554181053844e-15,True,0.14739871039988106,1.0400641718946857,5.66127006385031e-15,1.4849232954361469e-15
10,0.3,24,"0,5,7,9,11,14,17,18,24,29",30,0,0,5.6788196165374735e-05,False,34.04799774273694,4.259664349574121e-05,0.12470494196209378,1.0408767410495072,867,True,1.0332187187339898,0.13407662545161655,2.239813047183169e-05,0,30,0,0,True,1.4445109504928146e-18,6.410110102069604e-16,True,0.12470494196209367,1.0408767410495074,3.028393508186511e-15,3.5388358909926865e-16,1e-06,0,30,0,0,True,1.4445109504928146e-18,6.410110102069604e-16,True,0.12470494196209367,1.0408767410495074,3.028393508186511e-15,3.5388358909926865e-16
10,0.3,25,"1,6,7,9,14,15,16,17,21,29",30,0,0,5.2033254494332896e-05,False,37.29002169615443,4.157088870823174e-05,0.1171549391887474,1.039000719284272,867,True,1.0332187187339898,0.13407662545161655,2.2676657526197577e-05,0,30,0,0,True,3.803764774198852e-18,1.6764738879583764e-15,True,0.11715493918874721,1.0390007192842712,8.105278601067134e-15,1.9984014443252818e-15,1e-06,0,30,0,0,True,3.803764774198852e-18,1.6764738879583764e-15,True,0.11715493918874721,1.0390007192842712,8.105278601067134e-15,1.9984014443252818e-15
10,0.3,26,"0,4,5,9,13,17,24,26,28,29",30,0,0,5.5836324411613e-05,False,34.56369497261292,4.114777642449607e-05,0.16687490414215206,1.0424993534608131,867,True,1.0332187187339898,0.13407662545161655,2.2343591641491078e-05,0,30,0,0,True,3.0769546466940334e-18,1.3697435416313504e-15,True,0.16687490414215161,1.0424993534608131,4.485994908876023e-15,4.440892098500626e-16,1e-06,0,30,0,0,True,3.0769546466940334e-18,1.3697435416313504e-15,True,0.16687490414215161,1.0424993534608131,4.485994908876023e-15,4.440892098500626e-16
10,0.3,27,"0,2,5,6,13,15,16,18,27,29",30,0,0,5.749169857882454e-05,False,33.467448840519694,4.133432235983109e-05,0.12501966229581127,1.03672690065204,867,True,1.0332187187339898,0.13407662545161655,2.2299738932907184e-05,0,30,0,0,True,1.8624738725549993e-18,8.308512011494353e-16,True,0.12501966229581124,1.0367269006520392,5.41146988330965e-15,1.3183898417423734e-15,1e-06,0,30,0,0,True,1.8624738725549993e-18,8.308512011494353e-16,True,0.12501966229581124,1.0367269006520392,5.41146988330965e-15,1.3183898417423734e-15
10,0.3,28,"1,2,5,8,9,18,21,23,26,29",30,0,0,5.2862771865084025e-05,False,37.26169481774242,4.109673276607298e-05,0.12235213432898438,1.0277081445598024,867,True,1.0332187187339898,0.13407662545161655,2.2571744061941564e-05,0,30,0,0,True,2.707343359793314e-18,1.1848991835244275e-15,True,0.12235213432898441,1.0277081445598026,6.3803129446426965e-15,1.4016565685892601e-15,1e-06,0,30,0,0,True,2.707343359793314e-18,1.1848991835244275e-15,True,0.12235213432898441,1.0277081445598026,6.3803129446426965e-15,1.4016565685892601e-15
10,0.3,29,"0,3,5,6,12,13,15,19,20,29",30,0,0,5.195862029687178e-05,False,37.31841814729562,4.176515886872458e-05,0.109719694818158,1.0302703741473374,867,True,1.0332187187339898,0.13407662545161655,2.2596047009567637e-05,0,30,0,0,True,2.5011656669428113e-18,1.103461416378112e-15,True,0.10971969481815798,1.0302703741473382,4.037135209467024e-15,9.71445146547012e-16,1e-06,0,30,0,0,True,2.5011656669428113e-18,1.103461416378112e-15,True,0.10971969481815798,1.0302703741473382,4.037135209467024e-15,9.71445146547012e-16
10,0.3,30,"0,1,2,9,11,17,19,20,23,29",30,0,0,5.3022604036515564e-05,False,36.8871285711108,4.174631438338458e-05,0.1264028396089365,1.0284167048102428,867,True,1.0332187187339898,0.13407662545161655,2.2664972986062148e-05,0,30,0,0,True,2.2191490529517856e-18,9.751127470812244e-16,True,0.12640283960893614,1.0284167048102426,3.611694276983712e-15,6.245004513516506e-16,1e-06,0,30,0,0,True,2.2191490529517856e-18,9.751127470812244e-16,True,0.12640283960893614,1.0284167048102426,3.611694276983712e-15,6.245004513516506e-16
10,0.3,31,"7,8,10,13,16,18,23,25,27,28",30,0,0,5.790804633658126e-05,False,33.38426206722639,4.431259320806856e-05,0.1103281722085353,1.032417894703268,867,True,1.0332187187339898,0.13407662545161655,2.244623125075012e-05,0,30,0,0,True,1.718877179161743e-18,7.63595616189931e-16,True,0.11032817220853564,1.0324178947032676,3.655292756844786e-15,3.469446951953614e-16,1e-06,0,30,0,0,True,1.718877179161743e-18,7.63595616189931e-16,True,0.11032817220853564,1.0324178947032676,3.655292756844786e-15,3.469446951953614e-16
10,0.3,32,"2,5,11,15,16,17,19,20,23,24",30,0,0,5.654468759294011e-05,False,33.77959880319277,4.1961263100446825e-05,0.12532638492947373,1.0465650501677999,867,True,1.0332187187339898,0.13407662545161655,2.2277001378154068e-05,0,30,0,0,True,2.340520483446259e-18,1.0515609876355043e-15,True,0.12532638492947423,1.0465650501678005,3.993767122567604e-15,4.996003610813204e-16,1e-06,0,30,0,0,True,2.340520483446259e-18,1.0515609876355043e-15,True,0.12532638492947423,1.0465650501678005,3.993767122567604e-15,4.996003610813204e-16
10,0.3,33,"3,9,11,14,21,23,24,26,27,28",30,0,0,4.853588067376873e-05,False,39.834977281099775,4.253170475419229e-05,0.11967851875221153,1.036662959900387,867,True,1.0332187187339898,0.13407662545161655,2.229105376254731e-05,0,30,0,0,True,1.9683226894844637e-18,8.738030308732853e-16,True,0.1196785187522114,1.036662959900386,3.4468955467659157e-15,6.38378239159465e-16,1e-06,0,30,0,0,True,1.9683226894844637e-18,8.738030308732853e-16,True,0.1196785187522114,1.036662959900386,3.4468955467659157e-15,6.38378239159465e-16
10,0.3,34,"1,2,3,8,16,17,23,24,27,28",30,0,0,5.645902374278649e-05,False,34.11814447871295,4.1813768359663005e-05,0.12814258667505818,1.0280008347954317,867,True,1.0332187187339898,0.13407662545161655,2.236669066389671e-05,0,30,0,0,True,2.5572386206797254e-18,1.138529542381191e-15,True,0.12814258667505818,1.0280008347954313,4.053615082488804e-15,5.273559366969494e-16,1e-06,0,30,0,0,True,2.5572386206797254e-18,1.138529542381191e-15,True,0.12814258667505818,1.0280008347954313,4.053615082488804e-15,5.273559366969494e-16
10,0.3,35,"3,4,8,10,15,16,17,18,20,25",30,0,0,5.093196874114526e-05,False,37.72742300024504,4.225773952575501e-05,0.17334063237251343,1.0358854198373122,867,True,1.0332187187339898,0.13407662545161655,2.2726710031865418e-05,0,30,0,0,True,2.5526186360020236e-18,1.1320304306052142e-15,True,0.17334063237251332,1.0358854198373122,5.960635224332503e-15,1.9012569296705806e-15,1e-06,0,30,0,0,True,2.5526186360020236e-18,1.1320304306052142e-15,True,0.17334063237251332,1.0358854198373122,5.960635224332503e-15,1.9012569296705806e-15
10,0.3,36,"1,3,8,9,10,15,16,25,26,28",30,0,0,5.6080144902936104e-05,False,34.10995654259109,4.245748376215071e-05,0.11310461001935107,1.037523870253581,867,True,1.0332187187339898,0.13407662545161655,2.2717343674097698e-05,0,30,0,0,True,3.1431691028428314e-18,1.3970283352033349e-15,True,0.11310461001935085,1.0375238702535812,8.151790874266762e-15,2.3314683517128287e-15,1e-06,0,30,0,0,True,3.1431691028428314e-18,1.3970283352033349e-15,True,0.11310461001935085,1.0375238702535812,8.151790874266762e-15,2.3314683517128287e-15
10,0.3,37,"0,2,7,10,12,13,14,17,21,27",30,0,0,5.671214619704493e-05,False,34.338208920173805,4.155115081607063e-05,0.1326095985526753,1.0345206909602358,867,True,1.0332187187339898,0.13407662545161655,2.256439665165563e-05,0,30,0,0,True,1.471282819183711e-18,6.481912382259477e-16,True,0.13260959855267537,1.034520690960236,2.371150151225798e-15,2.467644144577008e-16,1e-06,0,30,0,0,True,1.471282819183711e-18,6.481912382259477e-16,True,0.13260959855267537,1.034520690960236,2.371150151225798e-15,2.467644144577008e-16
10,0.3,38,"0,1,7,8,9,12,14,16,20,21",30,0,0,5.300269871212842e-05,False,36.35657828274328,4.2332309660627944e-05,0.1192756951233862,1.0319287647471598,867,True,1.0332187187339898,0.13407662545161655,2.2637202024920132e-05,0,30,0,0,True,3.022445246517776e-18,1.338403484378965e-15,True,0.11927569512338647,1.0319287647471596,3.884479543581065e-15,4.0245584642661925e-16,1e-06,0,30,0,0,True,3.022445246517776e-18,1.338403484378965e-15,True,0.11927569512338647,1.0319287647471596,3.884479543581065e-15,4.0245584642661925e-16
10,0.3,39,"1,2,10,12,13,16,17,22,23,26",30,0,0,5.159484264501187e-05,False,37.777984279447146,4.1912697395793764e-05,0.13167735223720306,1.0316098795772886,867,True,1.0332187187339898,0.13407662545161655,2.250947344678964e-05,0,30,0,0,True,2.568201661158638e-18,1.1335271915025244e-15,True,0.13167735223720287,1.0316098795772877,6.95450641519102e-15,1.582067810090848e-15,1e-06,0,30,0,0,True,2.568201661158638e-18,1.1335271915025244e-15,True,0.13167735223720287,1.0316098795772877,6.95450641519102e-15,1.582067810090848e-15
10,0.3,40,"0,1,2,11,12,17,18,19,20,28",30,0,0,5.2501654989339456e-05,False,37.13850352325964,4.182910228988872e-05,0.12221307624881028,1.02402522788489,867,True,1.0332187187339898,0.13407662545161655,2.273453530306279e-05,0,30,0,0,True,2.430052348507036e-18,1.0677089777378484e-15,True,0.12221307624881032,1.0240252278848903,4.498137973207861e-15,9.43689570931383e-16,1e-06,0,30,0,0,True,2.430052348507036e-18,1.0677089777378484e-15,True,0.12221307624881032,1.0240252278848903,4.498137973207861e-15,9.43689570931383e-16
10,0.3,41,"5,6,7,14,16,19,26,27,28,29",30,0,0,5.6424182821577586e-05,False,34.08389768946002,4.197745078550047e-05,0.12456646925077579,1.0447146854899092,867,True,1.0332187187339898,0.13407662545161655,2.2535221201689002e-05,0,30,0,0,True,2.0181975343640335e-18,8.97569520045687e-16,True,0.1245664692507756,1.044714685489909,3.997128149302309e-15,9.992007221626409e-16,1e-06,0,30,0,0,True,2.0181975343640335e-18,8.97569520045687e-16,True,0.1245664692507756,1.044714685489909,3.997128149302309e-15,9.992007221626409e-16
10,0.3,42,"2,12,13,16,17,20,21,24,26,29",30,0,0,5.327564655105613e-05,False,36.052018431337515,4.266267625928502e-05,0.13827938870961012,1.0405458190589651,867,True,1.0332187187339898,0.13407662545161655,2.2401257596920778e-05,0,30,0,0,True,1.7031812796140127e-18,7.592196289493757e-16,True,0.1382793887096101,1.0405458190589663,3.8055496254241206e-15,5.967448757360216e-16,1e-06,0,30,0,0,True,1.7031812796140127e-18,7.592196289493757e-16,True,0.1382793887096101,1.0405458190589663,3.8055496254241206e-15,5.967448757360216e-16
10,0.3,43,"1,2,10,12,15,17,19,23,26,28",30,0,0,5.187588849867726e-05,False,37.596077193916166,4.152372620565401e-05,0.12700286721491014,1.0321601362060386,867,True,1.0332187187339898,0.13407662545161655,2.2604065879419337e-05,0,30,0,0,True,1.9521068330713824e-18,8.598326587798107e-16,True,0.12700286721491036,1.0321601362060386,5.091413401991929e-15,7.771561172376096e-16,1e-06,0,30,0,0,True,1.9521068330713824e-18,8.598326587798107e-16,True,0.12700286721491036,1.0321601362060386,5.091413401991929e-15,7.771561172376096e-16
10,0.3,44,"3,5,7,8,12,20,22,24,25,29",30,0,0,5.091366692749124e-05,False,38.22763583122134,4.3334638356399454e-05,0.12028991545386443,1.038432041580078,867,True,1.0332187187339898,0.13407662545161655,2.2635661169132172e-05,0,30,0,0,True,2.2144966484106375e-18,9.745397735641003e-16,True,0.12028991545386453,1.0384320415800778,3.986394547794703e-15,5.134781488891349e-16,1e-06,0,30,0,0,True,2.2144966484106375e-18,9.745397735641003e-16,True,0.12028991545386453,1.0384320415800778,3.986394547794703e-15,5.134781488891349e-16
10,0.3,45,"0,5,8,11,15,16,19,22,23,28",30,0,0,5.653333424520494e-05,False,34.32439353173057,4.2327564160056965e-05,0.1213039582841715,1.0472239019180256,867,True,1.0332187187339898,0.13407662545161655,2.2427017468081124e-05,0,30,0,0,True,3.2528425310952234e-18,1.442880053666752e-15,True,0.12130395828417159,1.047223901918026,4.95220184304479e-15,1.1379786002407855e-15,1e-06,0,30,0,0,True,3.2528425310952234e-18,1.442880053666752e-15,True,0.12130395828417159,1.047223901918026,4.95220184304479e-15,1.1379786002407855e-15
10,0.3,46,"0,1,5,11,13,14,16,19,25,26",30,0,0,5.3124542090259056e-05,False,35.989576390953815,4.2154164013188254e-05,0.12391971749555918,1.040641497056252,867,True,1.0332187187339898,0.13407662545161655,2.2534181772152128e-05,0,30,0,0,True,2.1192449493582987e-18,9.458040365712125e-16,True,0.12391971749555913,1.0406414970562523,6.422163148500637e-15,1.4016565685892601e-15,1e-06,0,30,0,0,True,2.1192449493582987e-18,9.458040365712125e-16,True,0.12391971749555913,1.0406414970562523,6.422163148500637e-15,1.4016565685892601e-15
10,0.3,47,"0,3,5,9,11,17,19,20,22,23",30,0,0,5.1024366397470284e-05,False,38.36731362021975,4.235919130698518e-05,0.11617675063830357,1.0318173627553657,867,True,1.0332187187339898,0.13407662545161655,2.2683709473009123e-05,0,30,0,0,True,2.064283418495408e-18,9.054673006596295e-16,True,0.11617675063830357,1.0318173627553657,3.862144978827864e-15,6.661338147750939e-16,1e-06,0,30,0,0,True,2.064283418495408e-18,9.054673006596295e-16,True,0.11617675063830357,1.0318173627553657,3.862144978827864e-15,6.661338147750939e-16
10,0.3,48,"4,7,15,19,20,21,24,26,28,29",30,0,0,5.178447342911468e-05,False,36.918307653723026,4.1834140270272515e-05,0.1851658766969664,1.0538158579619092,867,True,1.0332187187339898,0.13407662545161655,2.248293817209865e-05,0,30,0,0,True,1.836928776666147e-18,8.181476543531241e-16,True,0.18516587669696666,1.0538158579619092,4.36282954208167e-15,4.996003610813204e-16,1e-06,0,30,0,0,True,1.836928776666147e-18,8.181476543531241e-16,True,0.18516587669696666,1.0538158579619092,4.36282954208167e-15,4.996003610813204e-16
10,0.3,49,"2,3,4,9,12,16,17,19,22,29",30,0,0,5.174972297478295e-05,False,37.613960711172595,4.0991252701408716e-05,0.16233029100221916,1.036836522916559,867,True,1.0332187187339898,0.13407662545161655,2.272447202521824e-05,0,30,0,0,True,2.025327867281094e-18,8.911170620083848e-16,True,0.1623302910022192,1.03683652291656,3.683468460802253e-15,7.840950111415168e-16,1e-06,0,30,0,0,True,2.025327867281094e-18,8.911170620083848e-16,True,0.1623302910022192,1.03683652291656,3.683468460802253e-15,7.840950111415168e-16
10,0.5,0,"0,2,4,5,12,13,16,17,19,21",30,0,0,3.2874071057268865e-05,False,62.386698053450665,4.352892295970191e-05,0.1634766494011489,1.063539481832317,619,True,1.0522223978353533,0.1369967752531781,2.3058152811141625e-05,0,30,0,0,True,3.2676549722308778e-18,1.3770919323037757e-15,True,0.1634766494011496,1.0635394818323178,9.322403959899361e-15,1.7555401576885288e-15,1e-06,0,30,0,0,True,3.2676549722308778e-18,1.3770919323037757e-15,True,0.1634766494011496,1.0635394818323178,9.322403959899361e-15,1.7555401576885288e-15
10,0.5,1,"2,10,11,13,20,21,23,26,28,29",30,0,0,4.2285308202535324e-05,False,49.434958243647245,4.401462876601726e-05,0.13484386277609084,1.0311497863788333,619,True,1.0522223978353533,0.1369967752531781,2.3067117862258383e-05,0,30,0,0,True,3.0639765781371063e-18,1.2706425461079958e-15,True,0.1348438627760907,1.0311497863788328,6.377277178559737e-15,1.9567680809018384e-15,1e-06,0,30,0,0,True,3.0639765781371063e-18,1.2706425461079958e-15,True,0.1348438627760907,1.0311497863788328,6.377277178559737e-15,1.9567680809018384e-15
10,0.5,2,"0,2,3,5,10,16,19,21,23,29",30,0,0,2.952862359470097e-05,False,70.47843799880846,4.4873177299831604e-05,0.12634872903697297,1.0290003494797693,619,True,1.0522223978353533,0.1369967752531781,2.3136925195066996e-05,0,30,0,0,True,3.425690705316379e-18,1.4244733590455967e-15,True,0.12634872903697292,1.0290003494797686,5.227589194856108e-15,7.389922007661198e-16,1e-06,0,30,0,0,True,3.425690705316379e-18,1.4244733590455967e-15,True,0.12634872903697292,1.0290003494797686,5.227589194856108e-15,7.389922007661198e-16
10,0.5,3,"3,4,12,17,20,21,22,23,25,29",30,0,0,3.5584187227428036e-05,False,59.24889285112036,4.4552800455491356e-05,0.1975914196322301,1.0428848888511884,619,True,1.0522223978353533,0.1369967752531781,2.3203281365779543e-05,0,30,0,0,True,2.429561303715978e-18,1.0001719770366808e-15,True,0.19759141963223006,1.0428848888511875,6.4878658001532585e-15,1.5681900222830336e-15,1e-06,0,30,0,0,True,2.429561303715978e-18,1.0001719770366808e-15,True,0.19759141963223006,1.0428848888511875,6.4878658001532585e-15,1.5681900222830336e-15
10,0.5,4,"0,3,6,11,12,15,17,20,21,24",30,0,0,3.084680662135962e-05,False,66.12786325002766,4.524836028373562e-05,0.11680959902101148,1.0356147938832059,619,True,1.0522223978353533,0.1369967752531781,2.2972795485370205e-05,0,30,0,0,True,4.151466868879442e-18,1.7507281823739383e-15,True,0.11680959902101158,1.0356147938832052,6.3178628995075314e-15,1.0477729794899915e-15,1e-06,0,30,0,0,True,4.151466868879442e-18,1.7507281823739383e-15,True,0.11680959902101158,1.0356147938832052,6.3178628995075314e-15,1.0477729794899915e-15
10,0.5,5,"2,3,5,7,11,13,18,25,28,29",30,0,0,3.5346125560928086e-05,False,59.18302650662997,4.3723514767160174e-05,0.13034317338115506,1.0359447710921388,619,True,1.0522223978353533,0.1369967752531781,2.315894769698987e-05,0,30,0,0,True,1.967715693922681e-18,8.154080393128979e-16,True,0.13034317338115475,1.0359447710921383,4.8155923693116165e-15,1.0130785099704553e-15,1e-06,0,30,0,0,True,1.967715693922681e-18,8.154080393128979e-16,True,0.13034317338115475,1.0359447710921383,4.8155923693116165e-15,1.0130785099704553e-15
10,0.5,6,"0,5,6,9,13,21,26,27,28,29",30,0,0,3.355797291125303e-05,False,60.72226287817756,4.4076253608838075e-05,0.12955344011049139,1.0438262667762883,619,True,1.0522223978353533,0.1369967752531781,2.2771783787097358e-05,0,30,0,0,True,2.374090940790617e-18,1.0065237944897967e-15,True,0.12955344011049183,1.0438262667762885,4.283736993598852e-15,6.591949208711867e-16,1e-06,0,30,0,0,True,2.374090940790617e-18,1.0065237944897967e-15,True,0.12955344011049183,1.0438262667762885,4.283736993598852e-15,6.591949208711867e-16
10,0.5,7,"0,7,9,13,18,19,20,26,27,28",30,0,0,3.5305836707672224e-05,False,57.600876052237055,4.396036466857981e-05,0.11489895418627806,1.0539458944341717,619,True,1.0522223978353533,0.1369967752531781,2.302424844594502e-05,0,30,0,0,True,2.7864984363765046e-18,1.1762421242469238e-15,True,0.11489895418627788,1.0539458944341729,4.614364446098307e-15,4.440892098500626e-16,1e-06,0,30,0,0,True,2.7864984363765046e-18,1.1762421242469238e-15,True,0.11489895418627788,1.0539458944341729,4.614364446098307e-15,4.440892098500626e-16
10,0.5,8,"3,7,11,12,18,20,22,25,26,27",30,0,0,3.58119784225086e-05,False,57.70728369419903,4.500174621877955e-05,0.13411289349273145,1.0301511939961001,619,True,1.0522223978353533,0.1369967752531781,2.309720706007827e-05,0,30,0,0,True,2.48006952811879e-18,1.033459970212822e-15,True,0.13411289349273098,1.0301511939960994,1.1632838789465971e-14,3.6914915568786455e-15,1e-06,0,30,0,0,True,2.48006952811879e-18,1.033459970212822e-15,True,0.13411289349273098,1.0301511939960994,1.1632838789465971e-14,3.6914915568786455e-15
10,0.5,9,"1,2,5,7,10,16,18,22,24,28",30,0,0,4.5750135261917004e-05,False,45.6224546516862,4.4468814372226245e-05,0.1263365990525032,1.0329500802706648,619,True,1.0522223978353533,0.1369967752531781,2.3094950115999497e-05,0,30,0,0,True,3.2733134260574848e-18,1.359102196910421e-15,True,0.12633659905250313,1.032950080270665,6.342582709040201e-15,1.3877787807814457e-15,1e-06,0,30,0,0,True,3.2733134260574848e-18,1.359102196910421e-15,True,0.12633659905250313,1.032950080270665,6.342582709040201e-15,1.3877787807814457e-15
10,0.5,10,"5,7,10,11,13,17,19,21,28,29",30,0,0,5.385866587888138e-05,False,38.8922860517345,4.467763673713299e-05,0.10675507387126615,1.0294856183550105,619,True,1.0522223978353533,0.1369967752531781,2.3290335982042337e-05,0,30,0,0,True,5.3457679681960695e-18,2.214069056983075e-15,True,0.10675507387126655,1.0294856183550103,7.968018606030469e-15,2.2343238370581275e-15,1e-06,0,30,0,0,True,5.3457679681960695e-18,2.214069056983075e-15,True,0.10675507387126655,1.0294856183550103,7.968018606030469e-15,2.2343238370581275e-15
10,0.5,11,"0,1,2,4,6,10,11,15,19,29",30,0,0,4.409746610659866e-05,False,46.845273587045554,4.361619212802034e-05,0.14355712107884655,1.0366190382374576,619,True,1.0522223978353533,0.1369967752531781,2.31096197290537e-05,0,30,0,0,True,1.7669667628206244e-18,7.393973607026241e-16,True,0.14355712107884647,1.0366190382374585,3.772156198511567e-15,3.7470027081099033e-16,1e-06,0,30,0,0,True,1.7669667628206244e-18,7.393973607026241e-16,True,0.14355712107884647,1.0366190382374585,3.772156198511567e-15,3.7470027081099033e-16
10,0.5,12,"5,6,7,11,15,17,20,23,26,29",30,0,0,4.6868806385108975e-05,False,43.646669155215655,4.4843623915147374e-05,0.11182601884071817,1.0416014741116577,619,True,1.0522223978353533,0.1369967752531781,2.3011399188122323e-05,0,30,0,0,True,2.3894344544089113e-18,1.0069873748941243e-15,True,0.1118260188407182,1.0416014741116582,5.70463815074973e-15,1.5057399771478686e-15,1e-06,0,30,0,0,True,2.3894344544089113e-18,1.0069873748941243e-15,True,0.1118260188407182,1.0416014741116582,5.70463815074973e-15,1.5057399771478686e-15
10,0.5,13,"0,1,6,7,8,12,14,22,24,25",30,0,0,3.093317120688494e-05,False,67.17135852811862,4.5224812657473845e-05,0.12203142152276036,1.0214943817706705,619,True,1.0522223978353533,0.1369967752531781,2.2995011199382214e-05,0,30,0,0,True,3.554630657112225e-18,1.4823285165711335e-15,True,0.12203142152276028,1.0214943817706694,1.1250332263013085e-14,2.3037127760972e-15,1e-06,0,30,0,0,True,3.554630657112225e-18,1.4823285165711335e-15,True,0.12203142152276028,1.0214943817706694,1.1250332263013085e-14,2.3037127760972e-15
10,0.5,14,"1,3,5,9,11,15,22,23,27,29",30,0,0,3.745671673619767e-05,False,55.0833505224591,4.43472397311856e-05,0.11953790431303545,1.0372082633902826,619,True,1.0522223978353533,0.1369967752531781,2.293043280584533e-05,0,30,0,0,True,1.863292288238318e-18,7.817724995088322e-16,True,0.11953790431303533,1.0372082633902817,5.7313095241928735e-15,6.071532165918825e-16,1e-06,0,30,0,0,True,1.863292288238318e-18,7.817724995088322e-16,True,0.11953790431303533,1.0372082633902817,5.7313095241928735e-15,6.071532165918825e-16
10,0.5,15,"3,5,6,7,9,13,20,22,25,29",30,0,0,3.5816585719807166e-05,False,58.165517587646846,4.4242315074847825e-05,0.11942907013130716,1.0364024649755486,619,True,1.0522223978353533,0.1369967752531781,2.326510895018496e-05,0,30,0,0,True,2.3096590387613274e-18,9.568237474374983e-16,True,0.11942907013130698,1.0364024649755479,3.4288977907026563e-15,3.191891195797325e-16,1e-06,0,30,0,0,True,2.3096590387613274e-18,9.568237474374983e-16,True,0.11942907013130698,1.0364024649755479,3.4288977907026563e-15,3.191891195797325e-16
10,0.5,16,"1,2,11,12,19,20,21,22,25,27",30,0,0,4.233656618176669e-05,False,49.143093590411844,4.451719156418864e-05,0.13161053902391373,1.0301663001364068,619,True,1.0522223978353533,0.1369967752531781,2.3208637618315777e-05,0,30,0,0,True,4.0027492145782546e-18,1.6606899472510743e-15,True,0.13161053902391412,1.0301663001364072,5.524660590117136e-15,6.201636426617085e-16,1e-06,0,30,0,0,True,4.0027492145782546e-18,1.6606899472510743e-15,True,0.13161053902391412,1.0301663001364072,5.524660590117136e-15,6.201636426617085e-16
10,0.5,17,"2,13,16,17,18,20,21,24,26,28",30,0,0,2.9939527296046405e-05,False,68.5875749579276,4.52689102030105e-05,0.12766141561317243,1.0346673962180246,619,True,1.0522223978353533,0.1369967752531781,2.2955231334364784e-05,0,30,0,0,True,2.8020917627969468e-18,1.1764945137166453e-15,True,0.12766141561317282,1.0346673962180244,7.108463123683961e-15,7.008282842946301e-16,1e-06,0,30,0,0,True,2.8020917627969468e-18,1.1764945137166453e-15,True,0.12766141561317282,1.0346673962180244,7.108463123683961e-15,7.008282842946301e-16
10,0.5,18,"6,7,9,10,17,20,21,22,27,29",30,0,0,5.3209356640357246e-05,False,39.28045634170786,4.536259469732939e-05,0.12684323272696685,1.0295672922814363,619,True,1.0522223978353533,0.1369967752531781,2.3114400876345464e-05,0,30,0,0,True,1.5043493828657644e-18,6.238139025683258e-16,True,0.1268432327269668,1.029567292281436,3.615705825021909e-15,3.7470027081099033e-16,1e-06,0,30,0,0,True,1.5043493828657644e-18,6.238139025683258e-16,True,0.1268432327269668,1.029567292281436,3.615705825021909e-15,3.7470027081099033e-16
10,0.5,19,"1,2,3,5,10,11,12,22,27,29",30,0,0,3.890556040712793e-05,False,53.56688328593957,4.438734259244258e-05,0.127779931211865,1.0278772717064313,619,True,1.0522223978353533,0.1369967752531781,2.306876197829357e-05,0,30,0,0,True,2.777482788106876e-18,1.1536218408326307e-15,True,0.12777993121186518,1.027877271706431,5.68295410730002e-15,7.632783294297951e-16,1e-06,0,30,0,0,True,2.777482788106876e-18,1.1536218408326307e-15,True,0.12777993121186518,1.027877271706431,5.68295410730002e-15,7.632783294297951e-16
10,0.5,20,"0,1,2,7,10,12,16,21,24,28",30,0,0,4.5626391097280626e-05,False,45.385003132042705,4.475210442061358e-05,0.12720799390852103,1.023654307880915,619,True,1.0522223978353533,0.1369967752531781,2.304785670721164e-05,0,30,0,0,True,2.4854126228792146e-18,1.03747531605349e-15,True,0.12720799390852122,1.0236543078809137,1.0180658399638887e-14,2.9837243786801082e-15,1e-06,0,30,0,0,True,2.4854126228792146e-18,1.03747531605349e-15,True,0.12720799390852122,1.0236543078809137,1.0180658399638887e-14,2.9837243786801082e-15
10,0.5,21,"3,4,11,12,16,17,18,21,25,28",30,0,0,3.057685799680833e-05,False,68.24602996426952,4.47316590355343e-05,0.15113033364079143,1.0200994901215186,619,True,1.0522223978353533,0.1369967752531781,2.324829655085258e-05,0,30,0,0,True,2.6783939878618903e-18,1.110415699096494e-15,True,0.15113033364079143,1.0200994901215186,4.223184302265537e-15,4.597017211338539e-16,1e-06,0,30,0,0,True,2.6783939878618903e-18,1.110415699096494e-15,True,0.15113033364079143,1.0200994901215186,4.223184302265537e-15,4.597017211338539e-16
10,0.5,22,"0,3,5,6,7,13,15,20,23,26",30,0,0,3.9280261231009335e-05,False,51.4239507023121,4.4593403069867486e-05,0.1152763517422226,1.0420222636065892,619,True,1.0522223978353533,0.1369967752531781,2.2976045634819015e-05,0,30,0,0,True,4.210205712388039e-18,1.785874846489457e-15,True,0.115276351742223,1.0420222636065901,7.233146373519794e-15,2.2065682614424986e-15,1e-06,0,30,0,0,True,4.210205712388039e-18,1.785874846489457e-15,True,0.115276351742223,1.0420222636065901,7.233146373519794e-15,2.2065682614424986e-15
10,0.5,23,"2,3,8,12,18,19,23,24,25,27",30,0,0,3.7932694476626124e-05,False,54.513256387251595,4.440494482460318e-05,0.1365159643291331,1.031075460349555,619,True,1.0522223978353533,0.1369967752531781,2.2841139401741564e-05,0,30,0,0,True,2.592740317985873e-18,1.0863127082946486e-15,True,0.13651596432913274,1.0310754603495547,5.3584523970751086e-15,1.0894063429134349e-15,1e-06,0,30,0,0,True,2.592740317985873e-18,1.0863127082946486e-15,True,0.13651596432913274,1.0310754603495547,5.3584523970751086e-15,1.0894063429134349e-15
10,0.5,24,"0,1,2,3,5,11,18,25,27,29",30,0,0,4.041919890104921e-05,False,51.28845940296275,4.407251695739482e-05,0.13131366532689284,1.0213850354006746,619,True,1.0522223978353533,0.1369967752531781,2.302368363764171e-05,0,30,0,0,True,5.890740826800617e-18,2.4565160621092396e-15,True,0.13131366532689312,1.0213850354006748,5.6343818499726694e-15,4.163336342344337e-16,1e-06,0,30,0,0,True,5.890740826800617e-18,2.4565160621092396e-15,True,0.13131366532689312,1.0213850354006748,5.6343818499726694e-15,4.163336342344337e-16
10,0.5,25,"2,8,9,12,14,16,19,22,25,27",30,0,0,5.334560500761423e-05,False,38.774540179507746,4.392240522752659e-05,0.13147116385130622,1.042641958197368,619,True,1.0522223978353533,0.1369967752531781,2.306158332925622e-05,0,30,0,0,True,2.6642804519989957e-18,1.1180972391046035e-15,True,0.1314711638513062,1.0426419581973678,7.849515308577804e-15,1.9220736113823023e-15,1e-06,0,30,0,0,True,2.6642804519989957e-18,1.1180972391046035e-15,True,0.1314711638513062,1.0426419581973678,7.849515308577804e-15,1.9220736113823023e-15
10,0.5,26,"1,3,6,8,12,13,17,21,23,27",30,0,0,4.788116796585459e-05,False,42.96903444511927,4.512653636913555e-05,0.12288719648053083,1.0313435402777387,619,True,1.0522223978353533,0.1369967752531781,2.294155962146408e-05,0,30,0,0,True,2.0436031643007563e-18,8.576562364251078e-16,True,0.12288719648053098,1.031343540277739,4.944829268271889e-15,1.0894063429134349e-15,1e-06,0,30,0,0,True,2.0436031643007563e-18,8.576562364251078e-16,True,0.12288719648053098,1.031343540277739,4.944829268271889e-15,1.0894063429134349e-15
10,0.5,27,"1,4,10,12,16,18,21,24,25,27",30,0,0,4.5324719452973496e-05,False,45.96225056250848,4.320004097797505e-05,0.13825176475330161,1.040489387830934,619,True,1.0522223978353533,0.1369967752531781,2.2988116971227217e-05,0,30,0,0,True,2.676771267850649e-18,1.1131435819253258e-15,True,0.13825176475330156,1.0404893878309338,3.1933006586215562e-15,3.0531133177191805e-16,1e-06,0,30,0,0,True,2.676771267850649e-18,1.1131435819253258e-15,True,0.13825176475330156,1.0404893878309338,3.1933006586215562e-15,3.0531133177191805e-16
10,0.5,28,"1,4,5,9,12,15,22,23,26,28",30,0,0,3.271659099399304e-05,False,62.69630841280934,4.369742774171003e-05,0.17310734127588598,1.0585748406422797,619,True,1.0522223978353533,0.1369967752531781,2.3030748915877994e-05,0,30,0,0,True,2.639459317437573e-18,1.1110723991747948e-15,True,0.17310734127588667,1.0585748406422806,9.074555343269175e-15,1.519617764955683e-15,1e-06,0,30,0,0,True,2.639459317437573e-18,1.1110723991747948e-15,True,0.17310734127588667,1.0585748406422806,9.074555343269175e-15,1.519617764955683e-15
10,0.5,29,"2,3,4,5,7,11,15,19,25,26",30,0,0,3.479691061651988e-05,False,58.40127009666583,4.315462046032979e-05,0.13310661671184346,1.0395331866533508,619,True,1.0522223978353533,0.1369967752531781,2.318129172091727e-05,0,30,0,0,True,1.5049318364193638e-18,6.341740813664324e-16,True,0.13310661671184326,1.0395331866533504,4.651661000831808e-15,1.0200174038743626e-15,1e-06,0,30,0,0,True,1.5049318364193638e-18,6.341740813664324e-16,True,0.13310661671184326,1.0395331866533504,4.651661000831808e-15,1.0200174038743626e-15
10,0.5,30,"1,5,6,7,8,13,16,19,21,27",30,0,0,4.0908600585423233e-05,False,49.95586105495247,4.500002863842534e-05,0.10894793369783838,1.0248899818796489,619,True,1.0522223978353533,0.1369967752531781,2.304987127877544e-05,0,30,0,0,True,1.6972507357271298e-18,7.150193324825754e-16,True,0.10894793369783831,1.0248899818796493,7.094585335876147e-15,1.6792123247455493e-15,1e-06,0,30,0,0,True,1.6972507357271298e-18,7.150193324825754e-16,True,0.10894793369783831,1.0248899818796493,7.094585335876147e-15,1.6792123247455493e-15
10,0.5,31,"1,3,10,12,14,17,18,27,28,29",30,0,0,5.0442597646835066e-05,False,41.421084166477506,4.475063480132641e-05,0.11297365249254078,1.0200657440891232,619,True,1.0522223978353533,0.1369967752531781,2.3173605908413198e-05,0,30,0,0,True,2.2023527729106364e-18,9.12583483492141e-16,True,0.11297365249254075,1.0200657440891223,4.924012586560167e-15,7.494005416219807e-16,1e-06,0,30,0,0,True,2.2023527729106364e-18,9.12583483492141e-16,True,0.11297365249254075,1.0200657440891223,4.924012586560167e-15,7.494005416219807e-16
10,0.5,32,"0,3,8,14,16,19,22,26,28,29",30,0,0,3.391767840872356e-05,False,60.54286641590204,4.5003776646551116e-05,0.12292751596867497,1.0476817862671888,619,True,1.0522223978353533,0.1369967752531781,2.3099768617632482e-05,0,30,0,0,True,2.8126264382794216e-18,1.1785563224374726e-15,True,0.12292751596867516,1.047681786267189,3.085151491916127e-15,2.636779683484747e-16,1e-06,0,30,0,0,True,2.8126264382794216e-18,1.1785563224374726e-15,True,0.12292751596867516,1.047681786267189,3.085151491916127e-15,2.636779683484747e-16
10,0.5,33,"2,12,15,17,19,20,22,23,25,27",30,0,0,5.055591543133087e-05,False,41.01411566832639,4.4393928438282886e-05,0.14708745206268295,1.0478620836514208,619,True,1.0522223978353533,0.1369967752531781,2.3040627729659966e-05,0,30,0,0,True,2.0632168251974908e-18,8.62577341360489e-16,True,0.14708745206268314,1.0478620836514205,7.077671781985373e-15,1.5681900222830336e-15,1e-06,0,30,0,0,True,2.0632168251974908e-18,8.62577341360489e-16,True,0.14708745206268314,1.0478620836514205,7.077671781985373e-15,1.5681900222830336e-15
10,0.5,34,"2,3,8,10,13,14,22,24,26,27",30,0,0,3.5533455061835565e-05,False,57.867001057452626,4.3835404457121904e-05,0.1196139942126582,1.0435904150499953,619,True,1.0522223978353533,0.1369967752531781,2.2756666194308967e-05,0,30,0,0,True,1.727530937948219e-18,7.258483309549187e-16,True,0.11961399421265834,1.0435904150499953,4.4449036465388225e-15,7.91033905045424e-16,1e-06,0,30,0,0,True,1.727530937948219e-18,7.258483309549187e-16,True,0.11961399421265834,1.0435904150499953,4.4449036465388225e-15,7.91033905045424e-16
10,0.5,35,"0,7,8,9,11,15,18,21,27,28",30,0,0,3.902536722854633e-05,False,52.74001514570932,4.454497181959532e-05,0.12156248629350543,1.0366134052770246,619,True,1.0522223978353533,0.1369967752531781,2.290972191539602e-05,0,30,0,0,True,5.499299301015116e-18,2.31434063830705e-15,True,0.12156248629350569,1.0366134052770248,6.554598443869741e-15,1.582067810090848e-15,1e-06,0,30,0,0,True,5.499299301015116e-18,2.31434063830705e-15,True,0.12156248629350569,1.0366134052770248,6.554598443869741e-15,1.582067810090848e-15
10,0.5,36,"3,6,7,8,9,13,14,16,23,26",30,0,0,3.398836082028952e-05,False,60.06663277483992,4.4196115659884056e-05,0.12122542826260399,1.0707496944301753,619,True,1.0522223978353533,0.1369967752531781,2.298592665378302e-05,0,30,0,0,True,1.80215092939828e-18,7.602130628828412e-16,True,0.12122542826260375,1.0707496944301758,3.9172224491901275e-15,8.673617379884035e-16,1e-06,0,30,0,0,True,1.80215092939828e-18,7.602130628828412e-16,True,0.12122542826260375,1.0707496944301758,3.9172224491901275e-15,8.673617379884035e-16
10,0.5,37,"1,4,5,8,12,16,20,22,27,29",30,0,0,3.3565644109216384e-05,False,61.419129515552456,4.465339209992774e-05,0.18100826176818965,1.042491554070775,619,True,1.0522223978353533,0.1369967752531781,2.3040072951232565e-05,0,30,0,0,True,2.5791769537895888e-18,1.0804940975711328e-15,True,0.18100826176818952,1.0424915540707742,5.105291189799743e-15,5.342948306008566e-16,1e-06,0,30,0,0,True,2.5791769537895888e-18,1.0804940975711328e-15,True,0.18100826176818952,1.0424915540707742,5.105291189799743e-15,5.342948306008566e-16
10,0.5,38,"1,6,7,16,18,20,22,26,27,28",30,0,0,3.433621353152227e-05,False,59.68406267275657,4.5057091247927284e-05,0.12545972786561332,1.0342398909573092,619,True,1.0522223978353533,0.1369967752531781,2.30226776541984e-05,0,30,0,0,True,2.5291610231053466e-18,1.0606542242581071e-15,True,0.12545972786561335,1.0342398909573094,3.961241057393039e-15,4.163336342344337e-16,1e-06,0,30,0,0,True,2.5291610231053466e-18,1.0606542242581071e-15,True,0.12545972786561335,1.0342398909573094,3.961241057393039e-15,4.163336342344337e-16
10,0.5,39,"0,1,7,9,11,17,18,20,24,25",30,0,0,3.5877823790698135e-05,False,57.80616050901828,4.447076617635193e-05,0.12032979428423503,1.0324668403895165,619,True,1.0522223978353533,0.1369967752531781,2.3224435589131306e-05,0,30,0,0,True,5.019989480531621e-18,2.087810866319638e-15,True,0.12032979428423436,1.0324668403895172,5.8364771349239675e-15,6.661338147750939e-16,1e-06,0,30,0,0,True,5.019989480531621e-18,2.087810866319638e-15,True,0.12032979428423436,1.0324668403895172,5.8364771349239675e-15,6.661338147750939e-16
10,0.5,40,"0,9,11,14,16,19,20,23,25,27",30,0,0,5.146380782160969e-05,False,40.10212997035584,4.4572338693248624e-05,0.12258433778465248,1.025047538033841,619,True,1.0522223978353533,0.1369967752531781,2.3061602125479337e-05,0,30,0,0,True,2.618139790110205e-18,1.0979105763207015e-15,True,0.12258433778465248,1.025047538033841,6.9154751369815415e-15,2.1649348980190553e-15,1e-06,0,30,0,0,True,2.618139790110205e-18,1.0979105763207015e-15,True,0.12258433778465248,1.025047538033841,6.9154751369815415e-15,2.1649348980190553e-15
10,0.5,41,"2,3,6,8,9,11,14,25,26,27",30,0,0,3.3360801707347175e-05,False,61.12273620001792,4.387025072021501e-05,0.12963550301423762,1.037512071766206,619,True,1.0522223978353533,0.1369967752531781,2.295474139148478e-05,0,30,0,0,True,3.699660583775875e-18,1.562387318796923e-15,True,0.12963550301423732,1.0375120717662056,8.170574676905074e-15,2.095545958979983e-15,1e-06,0,30,0,0,True,3.699660583775875e-18,1.562387318796923e-15,True,0.12963550301423732,1.0375120717662056,8.170574676905074e-15,2.095545958979983e-15
10,0.5,42,"4,6,14,17,18,19,22,25,26,28",30,0,0,4.659731026736729e-05,False,44.505098897797225,4.4462202735006824e-05,0.1542634400408728,1.039279552618366,619,True,1.0522223978353533,0.1369967752531781,2.316219025057028e-05,0,30,0,0,True,2.2444841998012837e-18,9.355637011158813e-16,True,0.1542634400408723,1.0392795526183656,6.929136084354859e-15,1.790234627208065e-15,1e-06,0,30,0,0,True,2.2444841998012837e-18,9.355637011158813e-16,True,0.1542634400408723,1.0392795526183656,6.929136084354859e-15,1.790234627208065e-15
10,0.5,43,"0,2,3,4,9,11,22,24,26,27",30,0,0,3.2152683842973154e-05,False,63.256984507287285,4.3354273144616793e-05,0.15074329539445533,1.0505729373526047,619,True,1.0522223978353533,0.1369967752531781,2.2614326977464687e-05,0,30,0,0,True,2.6529585748047506e-18,1.1251904690930937e-15,True,0.15074329539445533,1.0505729373526065,7.069079479768425e-15,1.8110513089197866e-15,1e-06,0,30,0,0,True,2.6529585748047506e-18,1.1251904690930937e-15,True,0.15074329539445533,1.0505729373526065,7.069079479768425e-15,1.8110513089197866e-15
10,0.5,44,"1,2,3,4,7,14,16,22,23,26",30,0,0,3.373296780061039e-05,False,60.84232458745344,4.2786963705547106e-05,0.1605667239959028,1.0948291166641984,619,True,1.0522223978353533,0.1369967752531781,2.300999824363119e-05,0,30,0,0,True,3.223731283564182e-18,1.3518991915408849e-15,True,0.16056672399590305,1.0948291166641981,3.975986206938842e-15,4.163336342344337e-16,1e-06,0,30,0,0,True,3.223731283564182e-18,1.3518991915408849e-15,True,0.16056672399590305,1.0948291166641981,3.975986206938842e-15,4.163336342344337e-16
10,0.5,45,"5,6,7,8,11,13,17,19,20,26",30,0,0,4.495000621171467e-05,False,45.24231237644997,4.4479313024218856e-05,0.10689459520774895,1.041464631902596,619,True,1.0522223978353533,0.1369967752531781,2.3218204901186073e-05,0,30,0,0,True,3.653976631272941e-18,1.5397798778287148e-15,True,0.1068945952077486,1.0414646319025953,7.203005553124697e-15,1.6479873021779667e-15,1e-06,0,30,0,0,True,3.653976631272941e-18,1.5397798778287148e-15,True,0.1068945952077486,1.0414646319025953,7.203005553124697e-15,1.6479873021779667e-15
10,0.5,46,"2,4,9,10,11,13,17,19,21,29",30,0,0,4.434037158907174e-05,False,47.13966310756215,4.319914306637161e-05,0.15688338968286428,1.0560764052441387,619,True,1.0522223978353533,0.1369967752531781,2.3196919557565316e-05,0,30,0,0,True,3.14405874066527e-18,1.305474355331665e-15,True,0.15688338968286406,1.0560764052441383,4.123004021527876e-15,2.7755575615628914e-16,1e-06,0,30,0,0,True,3.14405874066527e-18,1.305474355331665e-15,True,0.15688338968286406,1.0560764052441383,4.123004021527876e-15,2.7755575615628914e-16
10,0.5,47,"0,3,4,10,11,12,16,17,19,29",30,0,0,3.601741233970126e-05,False,57.64365914043397,4.475802997368169e-05,0.15326650654705445,1.0324946254734102,619,True,1.0522223978353533,0.1369967752531781,2.3229053925382e-05,0,30,0,0,True,3.7559129560309084e-18,1.5638960705460505e-15,True,0.1532665065470552,1.0324946254734106,7.319557286666889e-15,1.3114509478384662e-15,1e-06,0,30,0,0,True,3.7559129560309084e-18,1.5638960705460505e-15,True,0.1532665065470552,1.0324946254734106,7.319557286666889e-15,1.3114509478384662e-15
10,0.5,48,"2,4,7,8,9,12,13,15,23,24",30,0,0,3.4259788571803896e-05,False,59.926466481827156,4.18054023908302e-05,0.17846233178498233,1.221551849095104,619,True,1.0522223978353533,0.1369967752531781,2.2739448746405317e-05,0,30,0,0,True,2.716074510304055e-18,1.1493815251673867e-15,True,0.17846233178498203,1.2215518490951038,4.28953747522165e-15,8.187894806610529e-16,1e-06,0,30,0,0,True,2.716074510304055e-18,1.1493815251673867e-15,True,0.17846233178498203,1.2215518490951038,4.28953747522165e-15,8.187894806610529e-16
10,0.5,49,"1,2,3,5,10,11,13,14,19,28",30,0,0,4.4168990040354245e-05,False,46.81428356512588,4.3378935326092345e-05,0.11738215790007539,1.0340734072506048,619,True,1.0522223978353533,0.1369967752531781,2.3355342032249588e-05,0,30,0,0,True,1.8338051059541454e-18,7.6343220570981365e-16,True,0.1173821579000756,1.0340734072506053,5.74280206722122e-15,9.992007221626409e-16,1e-06,0,30,0,0,True,1.8338051059541454e-18,7.6343220570981365e-16,True,0.1173821579000756,1.0340734072506053,5.74280206722122e-15,9.992007221626409e-16
10,0.7,0,"1,5,8,10,11,12,16,21,22,29",30,0,0,2.2714683065769826e-05,False,83.38664004603625,3.9885564297959375e-05,0.1520447448661649,1.207378959761796,371,True,1.282727956318748,0.12681452461407192,2.2310448002977087e-05,0,30,0,0,True,2.4442998734904608e-18,1.084892151204858e-15,True,0.15204474486616487,1.2073789597617963,6.6125490499890915e-15,1.2351231148954867e-15,1e-06,0,30,0,0,True,2.4442998734904608e-18,1.084892151204858e-15,True,0.15204474486616487,1.2073789597617963,6.6125490499890915e-15,1.2351231148954867e-15
10,0.7,1,"7,9,10,11,13,18,21,23,24,26",30,0,0,1.4919875223351893e-05,False,117.7286359746588,3.569537839650219e-05,0.24012440404584776,1.4975498479155056,371,True,1.282727956318748,0.12681452461407192,2.1149186519720157e-05,1,30,0,0,True,6.229311296368318e-06,0.0029719647504589295,True,0.18589788126168497,1.4095068390987373,0.2647781101175214,0.05422652278416279,1e-06,0,30,0,0,True,1.896208464630357e-18,9.046689831809721e-16,True,0.24012440404584695,1.4975498479155043,5.505144951012397e-15,1.2490009027033011e-15
10,0.7,2,"3,5,8,9,12,15,16,20,27,29",30,0,0,1.2394844590385189e-05,False,153.23557433122636,3.57113126427936e-05,0.19591818607976907,1.3451315265665147,371,True,1.282727956318748,0.12681452461407192,2.2617761992439318e-05,1,30,0,0,True,1.0222917402054222e-05,0.0044917662351223525,True,0.17547347290248855,1.2360480742992364,0.41417855927726077,0.10307208004921467,1e-06,0,30,0,0,True,1.8949432077944924e-18,8.326039997677558e-16,True,0.19591818607976735,1.3451315265665127,7.627579123870021e-15,1.7208456881689926e-15
10,0.7,3,"0,1,2,7,9,11,14,16,18,24",30,0,0,2.2831943378267494e-05,False,79.78689521448209,4.1362352462567624e-05,0.14254746087980696,1.1645503466170082,371,True,1.282727956318748,0.12681452461407192,2.2352422687475352e-05,0,30,0,0,True,4.18487375024657e-18,1.8929960325238596e-15,True,0.14254746087980677,1.164550346617008,1.1066668414994041e-14,2.3314683517128287e-15,1e-06,0,30,0,0,True,4.18487375024657e-18,1.8929960325238596e-15,True,0.14254746087980677,1.164550346617008,1.1066668414994041e-14,2.3314683517128287e-15
10,0.7,4,"2,3,5,8,10,13,15,20,21,25",30,0,0,8.979832696581196e-06,False,209.03670365095647,3.757293856149128e-05,0.206717251266498,1.329411423388391,371,True,1.282727956318748,0.12681452461407192,2.2579182012509724e-05,1,30,0,0,True,1.3599349315928455e-05,0.005992209405982242,True,0.1944687366836038,1.274597489574824,0.3688253256135911,0.07026530910253667,1e-06,0,30,0,0,True,5.044744189886244e-18,2.2228389670088274e-15,True,0.206717251266499,1.329411423388399,4.2465597011043243e-14,9.908740494779522e-15
10,0.7,5,"0,9,11,12,13,20,21,23,26,29",30,0,0,9.1812690368168e-06,False,201.43898372505043,3.41125892731364e-05,0.14669675110477814,1.342772768195161,371,True,1.282727956318748,0.12681452461407192,2.1816289518397614e-05,1,30,0,0,True,1.2635020481580775e-05,0.005749876578787281,True,0.14075547187639534,1.3401214697703088,0.20906767274561966,0.03117186722008326,1e-06,0,30,0,0,True,3.499515098759622e-18,1.5925403471093513e-15,True,0.14669675110477823,1.3427727681951618,3.296841966093922e-15,3.191891195797325e-16
10,0.7,6,"1,9,12,15,17,18,22,25,28,29",30,0,0,1.0542748721541626e-05,False,185.46167521439563,3.601519009977598e-05,0.3003578792117039,1.8332324096800647,371,True,1.282727956318748,0.12681452461407192,2.2551446570273526e-05,1,30,0,0,True,1.2008697848732128e-05,0.0051911872033371526,True,0.1353333482061642,1.317694037769208,1.0997973300538755,0.19965970164278002,1e-06,0,30,0,0,True,1.9723688641741725e-18,8.52626665849755e-16,True,0.3003578792116988,1.8332324096800487,2.6199474447569093e-14,5.10702591327572e-15
10,0.7,7,"0,4,6,11,12,13,17,20,26,28",30,0,0,1.0532840670859496e-05,False,181.71165363423154,3.465741879518306e-05,0.23449634633534722,1.3656409525878155,371,True,1.282727956318748,0.12681452461407192,2.2978468813423415e-05,1,30,0,0,True,1.2445628142564046e-05,0.005399594952042875,True,0.22145700673113422,1.3590452194772595,0.24428191195698185,0.036477079486138785,1e-06,0,30,0,0,True,2.215640657375542e-18,9.612662351842697e-16,True,0.2344963463353468,1.365640952587814,7.077238101116379e-15,1.1518563880486e-15
10,0.7,8,"0,1,7,15,16,17,18,19,20,27",30,0,0,1.646534082645231e-05,False,110.72767022062797,3.702907523954731e-05,0.14793872457263726,1.2039181371909082,371,True,1.282727956318748,0.12681452461407192,2.2536253326292468e-05,1,30,0,0,True,6.0709124998400656e-06,0.002742527401061347,True,0.14826807760566632,1.2048244375631452,0.02761416882325969,0.005121511703010943,1e-06,0,30,0,0,True,1.801223638074901e-18,8.137006064557778e-16,True,0.14793872457263713,1.2039181371909085,7.268491364342822e-15,1.304512053934559e-15
10,0.7,9,"6,7,9,12,13,16,17,21,24,29",30,0,0,2.9649892445511226e-05,False,61.936260451113576,3.40457171928773e-05,0.17791145749854542,1.6184505722956806,371,True,1.282727956318748,0.12681452461407192,2.198791444468393e-05,0,30,0,0,True,2.895892131741465e-18,1.3262374974366098e-15,True,0.1779114574985454,1.6184505722956795,4.1856709070975384e-15,7.494005416219807e-16,1e-06,0,30,0,0,True,2.895892131741465e-18,1.3262374974366098e-15,True,0.1779114574985454,1.6184505722956795,4.1856709070975384e-15,7.494005416219807e-16
10,0.7,10,"3,7,8,10,11,21,22,24,28,29",30,0,0,1.0367166121583155e-05,False,173.18706920686284,3.945765005070304e-05,0.1330513601490143,1.2201352945687096,371,True,1.282727956318748,0.12681452461407192,2.1673681838157496e-05,1,30,0,0,True,1.130651571657437e-05,0.005253937982934381,True,0.13288292256386508,1.199630600711418,0.20246725952497283,0.04811498007734186,1e-06,0,30,0,0,True,2.1232959652258462e-18,9.866581005462324e-16,True,0.13305136014901403,1.2201352945687103,3.2400297722556815e-15,2.949029909160572e-16
10,0.7,11,"0,4,11,18,19,20,22,23,24,27",30,0,0,1.61058479027816e-05,False,109.46127613798426,3.5329648073470004e-05,0.13708841811195502,1.2650219751955079,371,True,1.282727956318748,0.12681452461407192,2.1144025094648147e-05,1,30,0,0,True,5.038177191866517e-06,0.002405098815690795,True,0.13594808228153074,1.2563779521500262,0.07833759277781677,0.010913537067291604,1e-06,0,30,0,0,True,1.7669430702004955e-18,8.434940899642859e-16,True,0.13708841811195516,1.265021975195508,4.5406386983692926e-15,4.579669976578771e-16
10,0.7,12,"3,4,8,12,13,14,18,19,26,29",29,0,1,-2.6392485942181516e-06,True,inf,9.21371955445086e-05,5.168155381270119,97.76355459453325,371,True,1.282727956318748,0.12681452461407192,2.262079814248164e-05,1,30,0,0,True,2.5260046736699602e-05,0.01100704565754861,True,0.1970041954576399,1.4100458984159694,23.139767745300503,5.311806158852156,1e-06,1,30,0,0,True,3.6392485942179595e-06,0.0015857997355772288,True,1.9663864478580602,17.294963014156004,31.08013281321103,7.134541829128179
10,0.7,13,"0,1,4,5,6,7,11,18,21,28",30,0,0,1.3753211440083407e-05,False,135.26965898235468,3.3394812021745796e-05,0.20830736114435108,1.8414068856116674,371,True,1.282727956318748,0.12681452461407192,2.238275035376415e-05,1,30,0,0,True,8.62953891368069e-06,0.0038765778572045165,True,0.18917315283192285,1.5103059430589716,0.6775044954494258,0.11592621400521189,1e-06,0,30,0,0,True,2.488951854138856e-18,1.1180916781204323e-15,True,0.20830736114435125,1.841406885611666,4.8329396040713846e-15,6.938893903907228e-16
10,0.7,14,"0,3,7,9,12,18,19,22,24,25",30,0,0,8.33952674942256e-06,False,214.4731332170554,3.643928079939251e-05,0.4292602522931334,1.998061538061136,371,True,1.282727956318748,0.12681452461407192,2.1936759809761208e-05,1,30,0,0,True,1.3597233060338615e-05,0.006258467787729675,True,0.17603426829397087,1.347828925609155,1.1933073146521276,0.270082682145758,1e-06,0,30,0,0,True,2.648366391250053e-18,1.2189771018995519e-15,True,0.42926025229313464,1.9980615380611413,1.0432626984524518e-14,1.2212453270876722e-15
10,0.7,15,"3,8,13,15,16,19,20,23,25,28",30,0,0,1.041261560184036e-05,False,178.3690030622095,3.5279633796358256e-05,0.18566791228094637,1.3091598981907002,371,True,1.282727956318748,0.12681452461407192,2.2561950084604787e-05,1,30,0,0,True,1.2149334482764026e-05,0.005408771542638175,True,0.17384909846742772,1.20694727498194,0.421765874568725,0.11572243036611149,1e-06,0,30,0,0,True,1.9150439600423358e-18,8.525598903110952e-16,True,0.185667912280953,1.309159898190708,2.4429460190877883e-14,6.63358257213531e-15
10,0.7,16,"1,7,10,13,14,17,18,19,21,23",30,0,0,1.1877464851551474e-05,False,153.40425679296987,3.456223453694022e-05,0.13819284529747095,1.3875527860583752,371,True,1.282727956318748,0.12681452461407192,2.1870872711763206e-05,1,30,0,0,True,9.993407860211624e-06,0.004605479018672836,True,0.14022661648353615,1.3137342094360183,0.3451311174570183,0.05438432412790667,1e-06,0,30,0,0,True,4.765473955884041e-18,2.1961767822204174e-15,True,0.13819284529747097,1.3875527860583807,1.9504688662796976e-14,3.2057689836051395e-15
10,0.7,17,"0,10,12,14,17,18,20,25,28,29",30,0,0,3.165265951596873e-05,False,61.33063695470746,4.172329450174699e-05,0.12487969334721577,1.1193614038532105,371,True,1.282727956318748,0.12681452461407192,2.2749266969342566e-05,0,30,0,0,True,2.2901057972240905e-18,9.904507225436181e-16,True,0.12487969334721578,1.11936140385321,3.662868619525028e-15,4.2327252813834093e-16,1e-06,0,30,0,0,True,2.2901057972240905e-18,9.904507225436181e-16,True,0.12487969334721578,1.11936140385321,3.662868619525028e-15,4.2327252813834093e-16
10,0.7,18,"3,10,11,15,16,18,21,26,27,29",30,0,0,7.252378879658579e-07,False,2489.719224849504,1.564508446729478e-05,2.266595334042943,23.406824949292268,371,True,1.282727956318748,0.12681452461407192,2.1864412608362688e-05,1,30,0,0,True,2.113917472039716e-05,0.00968438309888693,True,0.1487324641529938,1.3462935070084838,9.855884605578915,2.133982855192006,1e-06,1,30,0,0,True,2.747621120344505e-07,0.00012587537542009194,True,1.9520746471106813,17.822285716876923,1.4526262893488666,0.3145206869322619
10,0.7,19,"0,4,9,11,13,14,15,22,24,26",30,0,0,1.656665262181497e-05,False,108.81641337581115,3.3797807844427626e-05,0.20845850284547315,1.5874573607286935,371,True,1.282727956318748,0.12681452461407192,2.1889901198940753e-05,1,30,0,0,True,5.323248577125784e-06,0.002456750726889553,True,0.2144221534747087,1.5593482341249194,0.12602140339086818,0.02589802729895091,1e-06,0,30,0,0,True,1.959251942021426e-18,9.042210903703155e-16,True,0.20845850284547277,1.5874573607286917,6.579806144380029e-15,1.304512053934559e-15
10,0.7,20,"1,4,8,15,16,17,21,24,25,28",30,0,0,2.503209687131281e-05,False,73.41103398364226,3.9241924132659576e-05,0.19044881602185473,1.1953367614938883,371,True,1.282727956318748,0.12681452461407192,2.2332448323595928e-05,0,30,0,0,True,1.6699780057231673e-18,7.569266761949298e-16,True,0.1904488160218547,1.1953367614938888,4.3793094151034495e-15,7.892991815694472e-16,1e-06,0,30,0,0,True,1.6699780057231673e-18,7.569266761949298e-16,True,0.1904488160218547,1.1953367614938888,4.3793094151034495e-15,7.892991815694472e-16
10,0.7,21,"0,7,10,17,19,21,22,23,24,26",30,0,0,3.251942323457649e-06,False,531.0849529555613,2.670328204481858e-05,0.9485706962559909,6.317058619345593,371,True,1.282727956318748,0.12681452461407192,2.0995859022920503e-05,1,30,0,0,True,1.7743916699462954e-05,0.008598017947473544,True,0.21996869513662165,1.495730049430665,4.050400291177708,0.7286020011193692,1e-06,0,30,0,0,True,2.0761179281203603e-18,1.0060067069403408e-15,True,0.9485706962559738,6.317058619345412,9.661195454757632e-14,1.709743457922741e-14
10,0.7,22,"1,3,6,9,10,11,14,20,25,27",30,0,0,3.092883740797211e-05,False,60.471580523412754,3.666158198450781e-05,0.1865321608724492,1.170161127624769,371,True,1.282727956318748,0.12681452461407192,2.273861015963775e-05,0,30,0,0,True,3.8250762930626005e-18,1.6903769780052254e-15,True,0.18653216087244917,1.170161127624769,4.484260185400046e-15,6.522560269672795e-16,1e-06,0,30,0,0,True,3.8250762930626005e-18,1.6903769780052254e-15,True,0.18653216087244917,1.170161127624769,4.484260185400046e-15,6.522560269672795e-16
10,0.7,23,"2,3,4,6,7,8,12,16,17,25",30,0,0,1.0956399046911064e-05,False,172.55385146700604,3.7940998097286914e-05,0.18670247027365028,1.2660120218241515,371,True,1.282727956318748,0.12681452461407192,2.2781992223884755e-05,1,30,0,0,True,1.1825593176973555e-05,0.005172889077877222,True,0.18336793153182085,1.2415704818420934,0.22866764438215167,0.055378380667039304,1e-06,0,30,0,0,True,3.666129996987678e-18,1.6036813997984214e-15,True,0.18670247027365014,1.2660120218241526,9.512356180518822e-15,2.3592239273284576e-15
10,0.7,24,"1,2,8,9,16,17,20,21,23,26",30,0,0,1.8947277411613863e-05,False,97.76256853648286,3.563723742257083e-05,0.1357347864216129,1.267718578041011,371,True,1.282727956318748,0.12681452461407192,2.2325286388693207e-05,1,30,0,0,True,3.3780089770794025e-06,0.001518600671196241,True,0.13578696168154544,1.265845735819951,0.02411633391008721,0.004867890565451911,1e-06,0,30,0,0,True,2.24712621283277e-18,1.0102067218367546e-15,True,0.13573478642161305,1.2677185780410118,5.630478722151722e-15,1.0677222994637248e-15
10,0.7,25,"0,1,12,14,17,21,23,24,25,26",30,0,0,7.211836876817487e-06,False,251.62378617662256,3.4844631167984346e-05,0.27642345668974444,1.635537772044386,371,True,1.282727956318748,0.12681452461407192,2.1724252584714897e-05,1,30,0,0,True,1.4512415707897318e-05,0.006720505373934351,True,0.155124352795076,1.2665527175211309,1.2236522118170436,0.1968474075216899,1e-06,0,30,0,0,True,2.637089635763714e-18,1.2212008962127794e-15,True,0.27642345668974677,1.6355377720443958,2.1383068926628113e-14,3.3306690738754696e-15
10,0.7,26,"0,3,4,9,17,18,21,23,26,28",29,0,1,-2.098729118732495e-07,True,inf,-2.1101628371973602e-05,8.107760594763437,287.7619663727357,371,True,1.282727956318748,0.12681452461407192,2.193629600483747e-05,1,30,0,0,True,2.214616891671097e-05,0.010150399102672325,True,0.18101475265467667,1.3840690988227184,39.843191329272564,8.028348484764836,1e-06,1,30,0,0,True,1.209872911873508e-06,0.0005545290007140554,True,1.7525889006767157,15.569306053415076,31.539527988649716,6.355171694086722
10,0.7,27,"0,1,7,8,13,16,18,19,23,25",30,0,0,2.0043841262235015e-05,False,90.9765643621197,3.6550886965849706e-05,0.16825617471785279,1.2529471867472683,371,True,1.282727956318748,0.12681452461407192,2.2093994201809167e-05,1,30,0,0,True,2.0501529395741832e-06,0.0009352215314270986,True,0.16824570011445478,1.2527384671201018,0.00245161257818353,0.0004338372312188282,1e-06,0,30,0,0,True,2.5254048361359253e-18,1.1520179459465056e-15,True,0.16825617471785279,1.2529471867472681,4.307752071719406e-15,7.632783294297951e-16
10,0.7,28,"3,4,7,8,9,12,13,21,23,29",30,0,0,1.1303238780472188e-05,False,163.13080864344423,2.9374149964504085e-05,0.2290129257327934,1.732148850671931,371,True,1.282727956318748,0.12681452461407192,2.166745439774233e-05,1,30,0,0,True,1.03642156172702e-05,0.004747963725745197,True,0.22261943830110795,1.6855933564476142,0.30287332527232114,0.06852224030119128,1e-06,0,30,0,0,True,2.4930375588855626e-18,1.1420885413445963e-15,True,0.22901292573279333,1.732148850671931,5.24840587656783e-15,4.996003610813204e-16
10,0.7,29,"3,6,7,8,12,15,21,26,28,29",30,0,0,1.3923112333650077e-06,False,1323.9594704906044,2.4426098209093326e-05,1.486361373508208,10.900821960139874,371,True,1.282727956318748,0.12681452461407192,2.2266900940099834e-05,1,30,0,0,True,2.0874589706734904e-05,0.009384770777623215,True,0.12860748361492141,1.3711996860425077,6.319251542294837,1.4053627653650338,1e-06,0,30,0,0,True,3.8944937561045115e-18,1.750881416564258e-15,True,1.4863613735081171,10.900821960138773,4.0390780997601183e-13,9.08162434143378e-14
10,0.7,30,"2,4,8,9,13,14,21,23,24,26",30,0,0,1.6299114750199934e-05,False,109.69359677479146,3.2170842520558655e-05,0.19303297317700205,1.5769281161133883,371,True,1.282727956318748,0.12681452461407192,2.132962838782098e-05,1,30,0,0,True,5.030513637621078e-06,0.002374122631278045,True,0.19083789084123526,1.577501708503164,0.05327691435097966,0.009520309596049992,1e-06,0,30,0,0,True,1.6696169803278605e-18,7.879663477936606e-16,True,0.1930329731770023,1.5769281161133881,7.4571425423553e-15,9.159339953157541e-16
10,0.7,31,"0,6,7,11,12,13,15,19,24,27",30,0,0,3.377822185969951e-05,False,52.53281278098031,3.511030536785066e-05,0.1335247013043095,1.4012918241557542,371,True,1.282727956318748,0.12681452461407192,2.1680698557055716e-05,0,30,0,0,True,2.6849872349172153e-18,1.26631555856438e-15,True,0.13352470130430943,1.401291824155755,4.269154474378922e-15,4.0939474033052647e-16,1e-06,0,30,0,0,True,2.6849872349172153e-18,1.26631555856438e-15,True,0.13352470130430943,1.401291824155755,4.269154474378922e-15,4.0939474033052647e-16
10,0.7,32,"0,3,6,7,10,11,17,21,22,27",30,0,0,9.345167066903697e-06,False,192.58310149478478,3.555368220011729e-05,0.29933872601203787,1.4604397287376214,371,True,1.282727956318748,0.12681452461407192,2.1681022617553353e-05,1,30,0,0,True,1.2335855550649436e-05,0.0057488779200756445,True,0.14538159627093206,1.2836099511716987,0.6662381864921278,0.1539571297411058,1e-06,0,30,0,0,True,1.936815547503975e-18,9.026140173730093e-16,True,0.2993387260120441,1.460439728737632,2.652912611811331e-14,6.217248937900877e-15
10,0.7,33,"0,1,2,6,12,16,17,18,21,26",30,0,0,3.64046406170132e-06,False,516.6035795242249,3.6332129704229105e-05,0.2882402233623416,1.621937259562052,371,True,1.282727956318748,0.12681452461407192,2.2643229324262325e-05,1,30,0,0,True,1.900276526256083e-05,0.008379200337038841,True,0.1561225544407534,1.294705126152518,1.4277499674877334,0.21892389590247924,1e-06,0,30,0,0,True,2.7832427885309405e-18,1.2272608007039379e-15,True,0.2882402233623495,1.621937259562085,8.316698024701807e-14,1.2378986724570495e-14
10,0.7,34,"0,1,6,7,9,11,16,19,23,26",30,0,0,6.158913456333151e-06,False,292.86041574205194,3.243351182845767e-05,0.38248684232794444,2.0614675652568115,371,True,1.282727956318748,0.12681452461407192,2.2153699854714135e-05,1,30,0,0,True,1.5994786398380957e-05,0.007319711632177643,True,0.16036183424987263,1.3611182900472287,1.7543331049237127,0.2811607073195791,1e-06,0,30,0,0,True,2.9004691878439168e-18,1.3273448937825757e-15,True,0.3824868423279476,2.061467565256826,2.0702189962307216e-14,3.497202527569243e-15
10,0.7,35,"0,8,9,16,18,19,24,25,26,29",30,0,0,2.0113609444784594e-06,False,897.8282445747632,2.4116098043994524e-05,1.3545236004031715,12.578418897879741,371,True,1.282727956318748,0.12681452461407192,2.201610855073018e-05,1,30,0,0,True,2.000474760625184e-05,0.009110625068743348,True,0.23171964396257877,1.4499279240480942,6.549420714380622,1.1228039564405927,1e-06,0,30,0,0,True,2.2585853005771212e-18,1.0286120207236424e-15,True,1.354523600403135,12.57841889787912,2.18720115803539e-13,3.6637359812630166e-14
10,0.7,36,"5,7,9,12,19,21,23,24,25,27",30,0,0,4.25902062086306e-05,False,41.264840250297375,3.4975935333677795e-05,0.12929082728013516,1.2916679012724912,371,True,1.282727956318748,0.12681452461407192,2.086329138216974e-05,0,30,0,0,True,2.7211451030832194e-18,1.3184451862072771e-15,True,0.12929082728013527,1.2916679012724928,3.820945296273415e-15,4.909267437014364e-16,1e-06,0,30,0,0,True,2.7211451030832194e-18,1.3184451862072771e-15,True,0.12929082728013527,1.2916679012724928,3.820945296273415e-15,4.909267437014364e-16
10,0.7,37,"1,3,4,6,11,14,21,23,24,29",30,0,0,2.3761765506689838e-05,False,76.97289962183983,3.5155802882150566e-05,0.1619752515793988,1.2494850925415428,371,True,1.282727956318748,0.12681452461407192,2.1771061974032408e-05,0,30,0,0,True,4.007631578144996e-18,1.843187709108953e-15,True,0.16197525157939865,1.249485092541542,4.111728318934027e-15,4.440892098500626e-16,1e-06,0,30,0,0,True,4.007631578144996e-18,1.843187709108953e-15,True,0.16197525157939865,1.249485092541542,4.111728318934027e-15,4.440892098500626e-16
10,0.7,38,"0,2,3,5,10,11,12,13,21,26",30,0,0,1.6298684941636556e-06,False,1137.8780543750627,2.794198589156624e-05,1.3304860456964664,9.190786472455379,371,True,1.282727956318748,0.12681452461407192,2.2454979239326578e-05,1,30,0,0,True,2.082511074516317e-05,0.009267697685228959,True,0.16308331402138884,1.3643768262370604,5.490356740695219,1.2337053078017166,1e-06,0,30,0,0,True,2.4963787045293075e-18,1.1109512657355069e-15,True,1.3304860456962915,9.190786472453437,7.5019851442093e-13,1.7497114868092467e-13
10,0.7,39,"8,10,11,12,15,21,23,25,28,29",30,0,0,3.105387302860121e-05,False,59.919173362209776,3.5911802889431354e-05,0.15147810657837404,1.1862420082520433,371,True,1.282727956318748,0.12681452461407192,2.1566729903034433e-05,0,30,0,0,True,2.3142249367767332e-18,1.065262614309055e-15,True,0.15147810657837368,1.1862420082520428,6.070719014289461e-15,9.43689570931383e-16,1e-06,0,30,0,0,True,2.3142249367767332e-18,1.065262614309055e-15,True,0.15147810657837368,1.1862420082520428,6.070719014289461e-15,9.43689570931383e-16
10,0.7,40,"1,4,7,8,11,20,23,24,26,27",30,0,0,1.6619640572307046e-05,False,106.47039918957908,3.4948450987537664e-05,0.15470604249314657,1.2952659272264873,371,True,1.282727956318748,0.12681452461407192,2.156665202634399e-05,1,30,0,0,True,4.9470114540367685e-06,0.002325475572103183,True,0.14937027648678092,1.2835699199610597,0.08493592886658119,0.017855984253260935,1e-06,0,30,0,0,True,1.8377241323227395e-18,8.638715753313647e-16,True,0.1547060424931468,1.2952659272264875,5.613565168260948e-15,1.3600232051658168e-15
10,0.7,41,"0,2,3,8,14,18,24,26,28,29",30,0,0,3.3970612211067756e-06,False,541.7643133077854,3.353968256844473e-05,0.7953506437726217,4.068168875216374,371,True,1.282727956318748,0.12681452461407192,2.2313687007569893e-05,1,30,0,0,True,1.8916625786463213e-05,0.008480208595436058,True,0.13325581601651648,1.2549796754413347,2.9585260289899686,0.7038042250253529,1e-06,0,30,0,0,True,2.2163259452313875e-18,9.935654774377809e-16,True,0.7953506437726006,4.068168875216233,9.0353072246252e-14,2.1094237467877974e-14
10,0.7,42,"1,2,5,7,10,11,15,22,24,25",30,0,0,1.945916611664961e-05,False,93.81926579143676,4.1887523687303e-05,0.12929203457090888,1.193569492369877,371,True,1.282727956318748,0.12681452461407192,2.2025307242133777e-05,1,30,0,0,True,2.5661411254841457e-06,0.0011697518407342488,True,0.1287796063368924,1.1897857213863843,0.02232036277449458,0.004555499012686138,1e-06,0,30,0,0,True,2.9554932151989355e-18,1.3472344113982743e-15,True,0.12929203457090901,1.1935694923698765,4.4048965863741074e-15,8.222589276130066e-16
10,0.7,43,"2,4,6,7,12,15,16,23,27,28",30,0,0,4.233374308509098e-05,False,42.87656989270278,3.336044225707516e-05,0.15375216127090646,1.2976837306521103,371,True,1.282727956318748,0.12681452461407192,2.1628527383880555e-05,0,30,0,0,True,2.013119533944185e-18,9.42799743391105e-16,True,0.15375216127090624,1.297683730652112,5.540706782269922e-15,1.0408340855860843e-15,1e-06,0,30,0,0,True,2.013119533944185e-18,9.42799743391105e-16,True,0.15375216127090624,1.297683730652112,5.540706782269922e-15,1.0408340855860843e-15
10,0.7,44,"0,3,7,9,12,13,15,19,20,24",30,0,0,9.280039996318754e-06,False,194.1840803617683,3.2102722870590194e-05,0.441768498034332,2.0388514378009845,371,True,1.282727956318748,0.12681452461407192,2.2488379517769986e-05,1,30,0,0,True,1.3208339521451579e-05,0.005971718267337456,True,0.17324768901999196,1.6480771763085504,1.0014651846848366,0.26852080901434006,1e-06,0,30,0,0,True,2.4988966390358783e-18,1.1297943002814894e-15,True,0.44176849803431784,2.038851437800955,5.035728778413073e-14,1.4155343563970746e-14
10,0.7,45,"2,7,8,11,13,14,17,23,25,26",30,0,0,1.619004894655128e-05,False,114.37276058302868,3.51096964306659e-05,0.15208562874605655,1.2669070333425179,371,True,1.282727956318748,0.12681452461407192,2.1945715243434775e-05,1,30,0,0,True,5.755666296883697e-06,0.0026181254184384915,True,0.15234265563833851,1.260068152999253,0.051589983646212756,0.010881076609925683,1e-06,0,30,0,0,True,3.1616624733438204e-18,1.4381703974857508e-15,True,0.15208562874605644,1.2669070333425168,3.779311932849971e-15,3.5735303605122226e-16
10,0.7,46,"1,3,6,7,9,10,11,15,23,24",30,0,0,2.385337515498926e-05,False,75.42156417902075,3.602194207929247e-05,0.17161571594254274,1.257198199961222,371,True,1.282727956318748,0.12681452461407192,2.1950581029891323e-05,0,30,0,0,True,1.4384943828936617e-18,6.635578105240223e-16,True,0.1716157159425427,1.2571981999612216,4.767020111984266e-15,8.534839501805891e-16,1e-06,0,30,0,0,True,1.4384943828936617e-18,6.635578105240223e-16,True,0.1716157159425427,1.2571981999612216,4.767020111984266e-15,8.534839501805891e-16
10,0.7,47,"5,8,9,13,15,19,20,21,28,29",30,0,0,2.0652148238011077e-05,False,91.52083635568562,3.288512836547135e-05,0.1830227011869614,1.4305399159945718,371,True,1.282727956318748,0.12681452461407192,2.243278224208912e-05,1,30,0,0,True,1.7806340040781126e-06,0.0007902745832200808,True,0.18254595856046488,1.4297252579250725,0.022902593158096556,0.004153669409357446,1e-06,0,30,0,0,True,2.5467640037823824e-18,1.1302956458427469e-15,True,0.18302270118696182,1.430539915994575,1.187374851219225e-14,2.8727020762175925e-15
10,0.7,48,"3,6,7,12,14,15,18,21,26,28",30,0,0,1.0125721161626531e-06,False,1816.1747704560264,1.8847234604322362e-05,1.9155565871408893,17.025850491675286,371,True,1.282727956318748,0.12681452461407192,2.2368840632160886e-05,1,30,0,0,True,2.1356268515998533e-05,0.009586021251145714,True,0.12192309127155941,1.4114524372634956,8.354630783144179,1.79571450516676,1e-06,0,30,0,0,True,2.523152487253626e-18,1.1325477268922385e-15,True,1.9155565871405715,17.025850491670315,1.453500514392303e-12,3.177458296477198e-13
10,0.7,49,"2,3,6,8,9,19,21,24,26,28",29,0,1,-5.5694481049780965e-06,True,inf,4.812565466075952e-05,1.1863635205539274,5.602670849213503,371,True,1.282727956318748,0.12681452461407192,2.213596976879528e-05,1,30,0,0,True,2.7705417873773517e-05,0.01269325454741889,True,0.15695362103013782,1.476932012573375,6.258341397275745,1.3433171415840652,1e-06,1,30,0,0,True,6.569448104978214e-06,0.0030097967629459043,True,2.011089003277423,17.073644741836056,14.896519128848832,3.19745252383135
15,0.3,0,"0,1,3,4,5,6,12,13,14,15,16,17,20,26,27",30,0,0,5.6531188548576943e-05,False,32.88131218800344,4.01784822620578e-05,0.14379635283071027,1.0374688277467095,867,True,1.0332187187339898,0.13407662545161655,2.2149352036918446e-05,0,30,0,0,True,1.8099202329903643e-18,8.252192727084297e-16,True,0.14379635283071,1.0374688277467092,3.104070819825999e-15,4.85722573273506e-16,1e-06,0,30,0,0,True,1.8099202329903643e-18,8.252192727084297e-16,True,0.14379635283071,1.0374688277467092,3.104070819825999e-15,4.85722573273506e-16
15,0.3,1,"0,4,6,9,11,12,15,17,18,19,20,22,23,25,26",30,0,0,5.5889346519151494e-05,False,33.88770724552991,4.1347590947324314e-05,0.15594892540388108,1.0370748389336764,867,True,1.0332187187339898,0.13407662545161655,2.221229679213407e-05,0,30,0,0,True,2.0183982917700305e-18,9.102029253287806e-16,True,0.15594892540388106,1.037074838933676,3.47573532455403e-15,4.926614671774132e-16,1e-06,0,30,0,0,True,2.0183982917700305e-18,9.102029253287806e-16,True,0.15594892540388106,1.037074838933676,3.47573532455403e-15,4.926614671774132e-16
15,0.3,2,"0,2,4,5,10,11,13,14,15,22,23,24,27,28,29",30,0,0,5.743732860852813e-05,False,33.06374405450695,3.990941307851064e-05,0.14839656449642522,1.0362031855629668,867,True,1.0332187187339898,0.13407662545161655,2.1914580479107118e-05,0,30,0,0,True,2.4486101486480247e-18,1.1061077122608363e-15,True,0.14839656449642508,1.0362031855629668,4.456938290653412e-15,5.412337245047638e-16,1e-06,0,30,0,0,True,2.4486101486480247e-18,1.1061077122608363e-15,True,0.14839656449642508,1.0362031855629668,4.456938290653412e-15,5.412337245047638e-16
15,0.3,3,"0,2,7,8,10,13,16,17,20,21,22,23,26,27,28",30,0,0,5.555650768609695e-05,False,34.035743129009276,4.158537351397766e-05,0.12540679875961774,1.0387134918638474,867,True,1.0332187187339898,0.13407662545161655,2.226346174677064e-05,0,30,0,0,True,3.211930619295343e-18,1.448579613248907e-15,True,0.12540679875961777,1.0387134918638463,7.051542509628472e-15,1.887379141862766e-15,1e-06,0,30,0,0,True,3.211930619295343e-18,1.448579613248907e-15,True,0.12540679875961777,1.0387134918638463,7.051542509628472e-15,1.887379141862766e-15
15,0.3,4,"3,4,8,9,11,13,14,15,16,17,19,22,25,28,29",30,0,0,5.022831423141309e-05,False,37.7997567535679,4.0443643146899966e-05,0.1477677898232964,1.036353041461734,867,True,1.0332187187339898,0.13407662545161655,2.2489077988899516e-05,0,30,0,0,True,3.1575845490857912e-18,1.4151489181479474e-15,True,0.14776778982329647,1.0363530414617343,7.577434773392566e-15,2.518818487118324e-15,1e-06,0,30,0,0,True,3.1575845490857912e-18,1.4151489181479474e-15,True,0.14776778982329647,1.0363530414617343,7.577434773392566e-15,2.518818487118324e-15
15,0.3,5,"1,4,7,9,14,15,17,19,20,21,22,23,24,27,29",30,0,0,5.033359919111626e-05,False,37.80384900933243,4.057955243982187e-05,0.16075600836191395,1.0427592751423307,867,True,1.0332187187339898,0.13407662545161655,2.224265908779224e-05,0,30,0,0,True,1.7904000510195923e-18,8.037414489908697e-16,True,0.16075600836191406,1.0427592751423307,5.182703224915208e-15,9.71445146547012e-16,1e-06,0,30,0,0,True,1.7904000510195923e-18,8.037414489908697e-16,True,0.16075600836191406,1.0427592751423307,5.182703224915208e-15,9.71445146547012e-16
15,0.3,6,"2,6,7,11,13,14,15,17,19,21,23,24,25,27,28",30,0,0,5.585487894817856e-05,False,33.85696751640129,4.084282526310399e-05,0.12152645652169214,1.040746755334859,867,True,1.0332187187339898,0.13407662545161655,2.205612040447755e-05,0,30,0,0,True,2.315853215383817e-18,1.0475065902554947e-15,True,0.1215264565216925,1.0407467553348586,5.156031851472065e-15,1.3322676295501878e-15,1e-06,0,30,0,0,True,2.315853215383817e-18,1.0475065902554947e-15,True,0.1215264565216925,1.0407467553348586,5.156031851472065e-15,1.3322676295501878e-15
15,0.3,7,"0,1,3,7,11,12,14,15,18,19,20,23,25,26,27",30,0,0,5.5789044468422147e-05,False,33.50073307827619,4.251638904904118e-05,0.12387886221582652,1.0416156381524033,867,True,1.0332187187339898,0.13407662545161655,2.2205755164999172e-05,0,30,0,0,True,2.1263028275845057e-18,9.653404781416482e-16,True,0.12387886221582632,1.0416156381524042,5.708107597701684e-15,8.187894806610529e-16,1e-06,0,30,0,0,True,2.1263028275845057e-18,9.653404781416482e-16,True,0.12387886221582632,1.0416156381524042,5.708107597701684e-15,8.187894806610529e-16
15,0.3,8,"1,2,7,8,10,12,13,15,17,18,19,20,23,24,28",30,0,0,5.298193456060752e-05,False,35.64145777021765,4.1233398554865356e-05,0.12157201092649499,1.032323613053334,867,True,1.0332187187339898,0.13407662545161655,2.2191055496719343e-05,0,30,0,0,True,3.712626718609541e-18,1.6782166175227867e-15,True,0.12157201092649507,1.0323236130533344,4.147723831060546e-15,5.967448757360216e-16,1e-06,0,30,0,0,True,3.712626718609541e-18,1.6782166175227867e-15,True,0.12157201092649507,1.0323236130533344,4.147723831060546e-15,5.967448757360216e-16
15,0.3,9,"0,3,6,7,8,9,10,12,19,20,21,22,23,26,27",30,0,0,5.162023426188159e-05,False,36.64546015210547,4.308382038046224e-05,0.10607972192516611,1.034640374411745,867,True,1.0332187187339898,0.13407662545161655,2.2351020419991693e-05,0,30,0,0,True,1.921831708194772e-18,8.635079810587556e-16,True,0.10607972192516608,1.0346403744117443,4.5087089443895945e-15,8.98586760555986e-16,1e-06,0,30,0,0,True,1.921831708194772e-18,8.635079810587556e-16,True,0.10607972192516608,1.0346403744117443,4.5087089443895945e-15,8.98586760555986e-16
15,0.3,10,"0,1,5,6,8,12,14,15,16,17,18,19,21,23,27",30,0,0,5.212328603562643e-05,False,36.404441486559264,4.1253716900100766e-05,0.11095431680792493,1.0301600681270133,867,True,1.0332187187339898,0.13407662545161655,2.216463294718914e-05,0,30,0,0,True,1.6035056315604952e-18,7.223767488006154e-16,True,0.11095431680792484,1.0301600681270133,3.9258960665700116e-15,3.7470027081099033e-16,1e-06,0,30,0,0,True,1.6035056315604952e-18,7.223767488006154e-16,True,0.11095431680792484,1.0301600681270133,3.9258960665700116e-15,3.7470027081099033e-16
15,0.3,11,"0,1,2,3,7,11,12,13,14,15,17,18,22,25,29",30,0,0,5.6252374266683986e-05,False,33.991393773915085,4.095369968482292e-05,0.11482662099726067,1.0346118736581218,867,True,1.0332187187339898,0.13407662545161655,2.2429840097135685e-05,0,30,0,0,True,1.8157462625877695e-18,8.100630088848942e-16,True,0.11482662099726074,1.0346118736581222,3.1476557471599165e-15,2.914335439641036e-16,1e-06,0,30,0,0,True,1.8157462625877695e-18,8.100630088848942e-16,True,0.11482662099726074,1.0346118736581222,3.1476557471599165e-15,2.914335439641036e-16
15,0.3,12,"3,5,6,7,9,13,14,17,19,20,22,24,26,27,29",30,0,0,5.2847744978558176e-05,False,35.62897456670535,4.112437778170086e-05,0.11434435094799084,1.0391106322837242,867,True,1.0332187187339898,0.13407662545161655,2.228610180252958e-05,0,30,0,0,True,3.4927337590073186e-18,1.5743860780443555e-15,True,0.1143443509479909,1.0391106322837245,2.6109756717795918e-15,2.983724378680108e-16,1e-06,0,30,0,0,True,3.4927337590073186e-18,1.5743860780443555e-15,True,0.1143443509479909,1.0391106322837245,2.6109756717795918e-15,2.983724378680108e-16
15,0.3,13,"2,4,5,7,8,10,11,14,15,16,17,19,25,28,29",30,0,0,5.621750779553245e-05,False,33.66400300627122,4.034369603811688e-05,0.13809354685186165,1.0391476306133167,867,True,1.0332187187339898,0.13407662545161655,2.2462316333271978e-05,0,30,0,0,True,2.309410205377186e-18,1.039054925750433e-15,True,0.13809354685186204,1.0391476306133163,5.4173245750410715e-15,5.828670879282072e-16,1e-06,0,30,0,0,True,2.309410205377186e-18,1.039054925750433e-15,True,0.13809354685186204,1.0391476306133163,5.4173245750410715e-15,5.828670879282072e-16
15,0.3,14,"1,2,5,6,8,10,11,13,16,20,21,26,27,28,29",30,0,0,5.505657589736201e-05,False,34.35515158960494,4.0626538532247585e-05,0.11116883999140205,1.0298820387383927,867,True,1.0332187187339898,0.13407662545161655,2.2374172849785625e-05,0,30,0,0,True,4.371696195061242e-18,1.9673303999965747e-15,True,0.11116883999140216,1.0298820387383936,6.728125001576046e-15,1.609823385706477e-15,1e-06,0,30,0,0,True,4.371696195061242e-18,1.9673303999965747e-15,True,0.11116883999140216,1.0298820387383936,6.728125001576046e-15,1.609823385706477e-15
15,0.3,15,"0,1,4,6,8,11,12,15,16,18,20,21,22,24,27",30,0,0,5.130966564619165e-05,False,36.43583491132009,4.149773242994796e-05,0.1574862411022296,1.034848723393033,867,True,1.0332187187339898,0.13407662545161655,2.1992184336385656e-05,0,30,0,0,True,3.4637009399156867e-18,1.5754473099375343e-15,True,0.15748624110222934,1.034848723393033,6.022959908591474e-15,1.2351231148954867e-15,1e-06,0,30,0,0,True,3.4637009399156867e-18,1.5754473099375343e-15,True,0.15748624110222934,1.034848723393033,6.022959908591474e-15,1.2351231148954867e-15
15,0.3,16,"1,2,4,5,7,8,11,13,16,17,18,21,22,27,29",30,0,0,5.2990235232699055e-05,False,35.891839202436515,4.020952639714176e-05,0.14135791945946388,1.0370600766938378,867,True,1.0332187187339898,0.13407662545161655,2.2329620151124923e-05,0,30,0,0,True,2.878743127110532e-18,1.2902902408528784e-15,True,0.1413579194594641,1.037060076693837,3.4100326729014085e-15,5.273559366969494e-16,1e-06,0,30,0,0,True,2.878743127110532e-18,1.2902902408528784e-15,True,0.1413579194594641,1.037060076693837,3.4100326729014085e-15,5.273559366969494e-16
15,0.3,17,"0,1,3,6,8,9,11,13,16,18,19,21,24,25,28",30,0,0,5.259750762822975e-05,False,35.48892283273477,4.2215358921733644e-05,0.1011999155918956,1.0263092943051524,867,True,1.0332187187339898,0.13407662545161655,2.225688413712449e-05,0,30,0,0,True,1.5675451788962636e-18,7.120513100517801e-16,True,0.10119991559189577,1.026309294305152,4.0954652863467444e-15,5.828670879282072e-16,1e-06,0,30,0,0,True,1.5675451788962636e-18,7.120513100517801e-16,True,0.10119991559189577,1.026309294305152,4.0954652863467444e-15,5.828670879282072e-16
15,0.3,18,"0,1,3,5,9,11,12,13,15,23,25,26,27,28,29",30,0,0,5.5984088045133024e-05,False,33.85872522004368,4.079883907149556e-05,0.11237394371865096,1.0327418804897,867,True,1.0332187187339898,0.13407662545161655,2.213490930857491e-05,0,30,0,0,True,1.743171991539197e-18,7.867914911278369e-16,True,0.11237394371865089,1.0327418804897002,3.449931312848875e-15,8.604228440844963e-16,1e-06,0,30,0,0,True,1.743171991539197e-18,7.867914911278369e-16,True,0.11237394371865089,1.0327418804897002,3.449931312848875e-15,8.604228440844963e-16
15,0.3,19,"2,3,6,9,10,12,13,14,15,18,21,24,25,26,28",30,0,0,5.029780392666174e-05,False,37.45413500888271,4.1173161767893033e-05,0.1168040495172544,1.034848796076584,867,True,1.0332187187339898,0.13407662545161655,2.219737991310968e-05,0,30,0,0,True,2.880667524781139e-18,1.3016906614513764e-15,True,0.11680404951725483,1.0348487960765835,7.029099524658022e-15,1.970645868709653e-15,1e-06,0,30,0,0,True,2.880667524781139e-18,1.3016906614513764e-15,True,0.11680404951725483,1.0348487960765835,7.029099524658022e-15,1.970645868709653e-15
15,0.3,20,"2,3,6,9,10,13,15,16,18,19,22,23,24,26,27",30,0,0,5.159809963499859e-05,False,36.13802621678505,4.2178286916599185e-05,0.11941601627005966,1.0475142713562666,867,True,1.0332187187339898,0.13407662545161655,2.1919417676260695e-05,0,30,0,0,True,2.6956067327634897e-18,1.2316281879724719e-15,True,0.11941601627005966,1.0475142713562668,3.671108556035918e-15,4.85722573273506e-16,1e-06,0,30,0,0,True,2.6956067327634897e-18,1.2316281879724719e-15,True,0.11941601627005966,1.0475142713562668,3.671108556035918e-15,4.85722573273506e-16
15,0.3,21,"1,2,3,5,9,10,11,17,18,20,21,23,26,28,29",30,0,0,5.63519642339223e-05,False,34.036776474196216,4.0932382250872055e-05,0.11098321670618279,1.0248919549935092,867,True,1.0332187187339898,0.13407662545161655,2.2555668662905702e-05,0,30,0,0,True,1.6715683917671336e-18,7.434008597096262e-16,True,0.11098321670618269,1.0248919549935092,3.892719480091955e-15,5.967448757360216e-16,1e-06,0,30,0,0,True,1.6715683917671336e-18,7.434008597096262e-16,True,0.11098321670618269,1.0248919549935092,3.892719480091955e-15,5.967448757360216e-16
15,0.3,22,"0,2,4,8,9,10,11,12,15,18,19,20,25,27,29",30,0,0,5.67585793810648e-05,False,33.211459285330356,4.117623018920724e-05,0.14436821771639366,1.0276776803762921,867,True,1.0332187187339898,0.13407662545161655,2.2317984019110498e-05,0,30,0,0,True,2.0561916270258537e-18,9.28760301140723e-16,True,0.14436821771639374,1.0276776803762926,2.8063489032614797e-15,3.3306690738754696e-16,1e-06,0,30,0,0,True,2.0561916270258537e-18,9.28760301140723e-16,True,0.14436821771639374,1.0276776803762926,2.8063489032614797e-15,3.3306690738754696e-16
15,0.3,23,"2,3,4,6,7,9,12,13,15,17,20,22,23,27,28",30,0,0,5.2483840740891e-05,False,36.26004235598966,3.987605572475944e-05,0.14558908534657466,1.0447343050007865,867,True,1.0332187187339898,0.13407662545161655,2.220802916011572e-05,0,30,0,0,True,2.98097574843569e-18,1.340903481838678e-15,True,0.14558908534657514,1.0447343050007867,4.888450755302642e-15,1.0685896612017132e-15,1e-06,0,30,0,0,True,2.98097574843569e-18,1.340903481838678e-15,True,0.14558908534657514,1.0447343050007867,4.888450755302642e-15,1.0685896612017132e-15
15,0.3,24,"1,2,6,7,9,10,11,13,16,17,18,20,22,25,28",30,0,0,5.234153210274581e-05,False,36.30604363315766,4.150905879585286e-05,0.11574949410653868,1.0253996941114754,867,True,1.0332187187339898,0.13407662545161655,2.254883398174006e-05,0,30,0,0,True,3.40097430360377e-18,1.5204365706596352e-15,True,0.11574949410653862,1.025399694111475,6.7112114476852724e-15,1.8596235662471372e-15,1e-06,0,30,0,0,True,3.40097430360377e-18,1.5204365706596352e-15,True,0.11574949410653862,1.025399694111475,6.7112114476852724e-15,1.8596235662471372e-15
15,0.3,25,"0,2,3,9,12,13,14,15,16,18,20,22,26,28,29",30,0,0,5.2577992490122356e-05,False,35.98510055536092,4.048727728049397e-05,0.11524255767752903,1.0388610045629472,867,True,1.0332187187339898,0.13407662545161655,2.2278868750592856e-05,0,30,0,0,True,2.06095387757246e-18,9.271291622870313e-16,True,0.11524255767752901,1.038861004562947,2.5849141620584715e-15,2.1510571102112408e-16,1e-06,0,30,0,0,True,2.06095387757246e-18,9.271291622870313e-16,True,0.11524255767752901,1.038861004562947,2.5849141620584715e-15,2.1510571102112408e-16
15,0.3,26,"0,2,4,5,7,10,13,17,19,20,22,25,27,28,29",30,0,0,5.6556780326489e-05,False,33.78684962883817,4.0474678848203276e-05,0.153884763643586,1.0364831973834618,867,True,1.0332187187339898,0.13407662545161655,2.255031879370392e-05,0,30,0,0,True,2.563839308601501e-18,1.1434254671275886e-15,True,0.1538847636435863,1.0364831973834614,3.422528102939304e-15,4.696763811207205e-16,1e-06,0,30,0,0,True,2.563839308601501e-18,1.1434254671275886e-15,True,0.1538847636435863,1.0364831973834614,3.422528102939304e-15,4.696763811207205e-16
15,0.3,27,"0,1,6,8,9,11,12,14,15,16,21,23,25,26,27",30,0,0,5.0993572408151244e-05,False,36.88467839851784,4.198038752229608e-05,0.11310272737053718,1.0385342159053796,867,True,1.0332187187339898,0.13407662545161655,2.204046316816043e-05,0,30,0,0,True,1.9113493179412443e-18,8.683025658949875e-16,True,0.11310272737053712,1.0385342159053796,4.2402604864821836e-15,4.718447854656915e-16,1e-06,0,30,0,0,True,1.9113493179412443e-18,8.683025658949875e-16,True,0.11310272737053712,1.0385342159053796,4.2402604864821836e-15,4.718447854656915e-16
15,0.3,28,"0,2,5,7,9,10,12,15,17,20,21,22,24,25,26",30,0,0,5.579307559228516e-05,False,33.704388370742485,4.184199342156702e-05,0.11715606863708444,1.0482087050188051,867,True,1.0332187187339898,0.13407662545161655,2.227697704315156e-05,0,30,0,0,True,2.4888638781641658e-18,1.1253114654113656e-15,True,0.11715606863708435,1.0482087050188038,5.758848259374005e-15,1.949829186997931e-15,1e-06,0,30,0,0,True,2.4888638781641658e-18,1.1253114654113656e-15,True,0.11715606863708435,1.0482087050188038,5.758848259374005e-15,1.949829186997931e-15
15,0.3,29,"9,10,11,12,14,15,17,20,21,22,24,25,26,28,29",30,0,0,5.6113594396438024e-05,False,33.9157841027221,4.2397965680921845e-05,0.11506803657956338,1.038364868553727,867,True,1.0332187187339898,0.13407662545161655,2.2410209813784802e-05,0,30,0,0,True,2.4439564793446405e-18,1.0946846239256827e-15,True,0.11506803657956344,1.0383648685537268,4.844865827968725e-15,6.314393452555578e-16,1e-06,0,30,0,0,True,2.4439564793446405e-18,1.0946846239256827e-15,True,0.11506803657956344,1.0383648685537268,4.844865827968725e-15,6.314393452555578e-16
15,0.3,30,"3,5,7,9,10,12,18,22,23,24,25,26,27,28,29",30,0,0,5.335543064818331e-05,False,35.5534064963298,4.254960356489054e-05,0.11624753759367203,1.041508948184634,867,True,1.0332187187339898,0.13407662545161655,2.2166008721006994e-05,0,30,0,0,True,3.7546831412609e-18,1.6918219708718648e-15,True,0.11624753759367204,1.041508948184634,6.468783841917514e-15,1.762479051592436e-15,1e-06,0,30,0,0,True,3.7546831412609e-18,1.6918219708718648e-15,True,0.11624753759367204,1.041508948184634,6.468783841917514e-15,1.762479051592436e-15
15,0.3,31,"0,1,4,6,7,8,10,12,14,16,20,21,22,28,29",30,0,0,5.214869701225062e-05,False,36.584368596614524,4.089562718347842e-05,0.1580020833145131,1.0306482528217686,867,True,1.0332187187339898,0.13407662545161655,2.2525392295780044e-05,0,30,0,0,True,1.8519944897179568e-18,8.250445463562118e-16,True,0.15800208331451318,1.0306482528217693,3.826095256592721e-15,3.7470027081099033e-16,1e-06,0,30,0,0,True,1.8519944897179568e-18,8.250445463562118e-16,True,0.15800208331451318,1.0306482528217693,3.826095256592721e-15,3.7470027081099033e-16
15,0.3,32,"5,6,7,8,9,12,15,16,17,18,20,22,23,27,29",30,0,0,5.543395359408599e-05,False,34.31419138185505,4.1274595677074186e-05,0.1021008033548049,1.0364036908329646,867,True,1.0332187187339898,0.13407662545161655,2.2177543239675426e-05,0,30,0,0,True,2.696850215319534e-18,1.2135459237983393e-15,True,0.10210080335480495,1.0364036908329641,3.4103782623438883e-15,3.8510861166685117e-16,1e-06,0,30,0,0,True,2.696850215319534e-18,1.2135459237983393e-15,True,0.10210080335480495,1.0364036908329641,3.4103782623438883e-15,3.8510861166685117e-16
15,0.3,33,"0,2,5,6,7,9,10,11,14,15,19,21,22,24,29",30,0,0,5.53267622510009e-05,False,34.09515773029298,4.122133135897854e-05,0.12138522470224315,1.044261829296543,867,True,1.0332187187339898,0.13407662545161655,2.2239710466140212e-05,0,30,0,0,True,2.4547213562317255e-18,1.1071892217825098e-15,True,0.12138522470224303,1.0442618292965433,5.4240466285104816e-15,9.298117831235686e-16,1e-06,0,30,0,0,True,2.4547213562317255e-18,1.1071892217825098e-15,True,0.12138522470224303,1.0442618292965433,5.4240466285104816e-15,9.298117831235686e-16
15,0.3,34,"1,4,5,7,10,12,15,17,18,20,22,24,25,28,29",30,0,0,5.013285731216544e-05,False,38.00873623297398,4.122042673535536e-05,0.1615119770670333,1.03989848690633,867,True,1.0332187187339898,0.13407662545161655,2.2420790008077784e-05,0,30,0,0,True,2.0954852150609126e-18,9.372315139889753e-16,True,0.16151197706703313,1.0398984869063306,4.232725281383409e-15,4.85722573273506e-16,1e-06,0,30,0,0,True,2.0954852150609126e-18,9.372315139889753e-16,True,0.16151197706703313,1.0398984869063306,4.232725281383409e-15,4.85722573273506e-16
15,0.3,35,"0,5,6,7,9,11,12,13,14,15,16,19,20,21,28",30,0,0,5.5117966160553195e-05,False,34.12105226460544,4.106643641796952e-05,0.11764241426134309,1.0432953887725964,867,True,1.0332187187339898,0.13407662545161655,2.2241290036662987e-05,0,30,0,0,True,1.8240429227711532e-18,8.250934523013984e-16,True,0.11764241426134313,1.043295388772596,3.340426893427839e-15,3.3306690738754696e-16,1e-06,0,30,0,0,True,1.8240429227711532e-18,8.250934523013984e-16,True,0.11764241426134313,1.043295388772596,3.340426893427839e-15,3.3306690738754696e-16
15,0.3,36,"0,1,3,4,8,11,12,13,16,19,22,24,25,26,29",30,0,0,5.598579061477166e-05,False,33.265886487091485,4.21094922097534e-05,0.16353541654151454,1.0406341320959185,867,True,1.0332187187339898,0.13407662545161655,2.2157058657787196e-05,0,30,0,0,True,1.8324938727425715e-18,8.341951810191292e-16,True,0.16353541654151407,1.040634132095918,4.904063266586434e-15,9.575673587391975e-16,1e-06,0,30,0,0,True,1.8324938727425715e-18,8.341951810191292e-16,True,0.16353541654151407,1.040634132095918,4.904063266586434e-15,9.575673587391975e-16
15,0.3,37,"0,2,6,8,10,11,12,14,16,19,20,22,26,28,29",30,0,0,5.615820232349895e-05,False,33.77177092417433,4.1443822492753155e-05,0.11639161585553143,1.0296222137795408,867,True,1.0332187187339898,0.13407662545161655,2.242031951851965e-05,0,30,0,0,True,2.736591340348381e-18,1.2272214566518018e-15,True,0.11639161585553133,1.0296222137795408,4.5900783174346316e-15,6.591949208711867e-16,1e-06,0,30,0,0,True,2.736591340348381e-18,1.2272214566518018e-15,True,0.11639161585553133,1.0296222137795408,4.5900783174346316e-15,6.591949208711867e-16
15,0.3,38,"0,1,2,4,5,6,7,10,11,13,16,17,20,27,28",30,0,0,5.273413370010556e-05,False,35.585404969082454,4.016438391407643e-05,0.1396583451420743,1.0320217668508995,867,True,1.0332187187339898,0.13407662545161655,2.2276955407224595e-05,0,30,0,0,True,1.775346808048683e-18,8.036954765510499e-16,True,0.1396583451420745,1.0320217668508997,3.583288180064592e-15,5.273559366969494e-16,1e-06,0,30,0,0,True,1.775346808048683e-18,8.036954765510499e-16,True,0.1396583451420745,1.0320217668508997,3.583288180064592e-15,5.273559366969494e-16
15,0.3,39,"1,3,4,5,7,8,9,11,13,15,18,21,22,25,29",30,0,0,5.597824973487058e-05,False,34.16047358783765,4.045730875779703e-05,0.14286112783661523,1.0368865035296437,867,True,1.0332187187339898,0.13407662545161655,2.2472310190365582e-05,0,30,0,0,True,1.869648285854476e-18,8.330026995304474e-16,True,0.1428611278366153,1.0368865035296435,3.582637658761101e-15,5.273559366969494e-16,1e-06,0,30,0,0,True,1.869648285854476e-18,8.330026995304474e-16,True,0.1428611278366153,1.0368865035296435,3.582637658761101e-15,5.273559366969494e-16
15,0.3,40,"2,6,7,8,10,15,16,18,19,21,22,23,24,27,29",30,0,0,5.531285460703169e-05,False,33.97303214871733,4.2892070281263375e-05,0.13616948688771788,1.0440126945747399,867,True,1.0332187187339898,0.13407662545161655,2.2057034748967568e-05,0,30,0,0,True,2.6452276146702314e-18,1.1996800312170875e-15,True,0.13616948688771757,1.0440126945747394,4.5857415087446896e-15,7.771561172376096e-16,1e-06,0,30,0,0,True,2.6452276146702314e-18,1.1996800312170875e-15,True,0.13616948688771757,1.0440126945747394,4.5857415087446896e-15,7.771561172376096e-16
15,0.3,41,"0,1,2,4,5,6,12,18,19,22,23,24,26,27,29",30,0,0,4.873373875795168e-05,False,38.93950929792687,4.032126267182382e-05,0.15526311724214986,1.0311141786078906,867,True,1.0332187187339898,0.13407662545161655,2.1948194472011473e-05,0,30,0,0,True,3.1899314773346113e-18,1.4393768306938094e-15,True,0.15526311724214947,1.031114178607891,6.8715649489958786e-15,9.575673587391975e-16,1e-06,0,30,0,0,True,3.1899314773346113e-18,1.4393768306938094e-15,True,0.15526311724214947,1.031114178607891,6.8715649489958786e-15,9.575673587391975e-16
15,0.3,42,"0,1,2,5,6,8,10,13,14,15,21,23,25,26,29",30,0,0,5.3231684242023304e-05,False,35.99497829658115,4.065269618933491e-05,0.11738555732568527,1.0307411181327952,867,True,1.0332187187339898,0.13407662545161655,2.2284941214369036e-05,0,30,0,0,True,1.5868623678540537e-18,7.09211932189929e-16,True,0.11738555732568479,1.0307411181327955,4.132978681514743e-15,6.522560269672795e-16,1e-06,0,30,0,0,True,1.5868623678540537e-18,7.09211932189929e-16,True,0.11738555732568479,1.0307411181327955,4.132978681514743e-15,6.522560269672795e-16
15,0.3,43,"2,3,6,9,10,11,12,15,16,20,23,24,26,27,28",30,0,0,5.126838006617792e-05,False,36.26041125250975,4.1673201070378804e-05,0.11091438109644534,1.0379641161981614,867,True,1.0332187187339898,0.13407662545161655,2.190169029380254e-05,0,30,0,0,True,2.1526951995886737e-18,9.867315334707057e-16,True,0.11091438109644533,1.0379641161981614,5.76448611067093e-15,1.4918621893400541e-15,1e-06,0,30,0,0,True,2.1526951995886737e-18,9.867315334707057e-16,True,0.11091438109644533,1.0379641161981614,5.76448611067093e-15,1.4918621893400541e-15
15,0.3,44,"0,2,4,7,8,11,12,13,14,15,18,19,24,28,29",30,0,0,5.7065682753326006e-05,False,32.85276112968346,4.01796562112038e-05,0.1406956329067584,1.0435916614629182,867,True,1.0332187187339898,0.13407662545161655,2.199214083832765e-05,0,30,0,0,True,4.774749441884157e-18,2.171770182011585e-15,True,0.14069563290675785,1.0435916614629182,5.196689432940271e-15,7.494005416219807e-16,1e-06,0,30,0,0,True,4.774749441884157e-18,2.171770182011585e-15,True,0.14069563290675785,1.0435916614629182,5.196689432940271e-15,7.494005416219807e-16
15,0.3,45,"1,2,3,7,9,10,11,13,17,20,24,25,26,27,28",30,0,0,5.7141989517438176e-05,False,32.61907286395169,4.163630316957707e-05,0.12374065830697235,1.028794467485517,867,True,1.0332187187339898,0.13407662545161655,2.232242403121226e-05,0,30,0,0,True,1.6696865055235352e-18,7.582717305489098e-16,True,0.12374065830697231,1.0287944674855176,2.9018671146574526e-15,2.393918396847994e-16,1e-06,0,30,0,0,True,1.6696865055235352e-18,7.582717305489098e-16,True,0.12374065830697231,1.0287944674855176,2.9018671146574526e-15,2.393918396847994e-16
15,0.3,46,"0,2,6,8,9,11,12,13,14,15,16,20,25,26,28",30,0,0,5.72162633520051e-05,False,32.70073720534743,4.086362920442596e-05,0.11203880364691249,1.0329319220920772,867,True,1.0332187187339898,0.13407662545161655,2.215295238313102e-05,0,30,0,0,True,3.894409158109435e-18,1.7704009938784518e-15,True,0.11203880364691257,1.0329319220920772,5.201893603368202e-15,1.1657341758564144e-15,1e-06,0,30,0,0,True,3.894409158109435e-18,1.7704009938784518e-15,True,0.11203880364691257,1.0329319220920772,5.201893603368202e-15,1.1657341758564144e-15
15,0.3,47,"1,2,3,4,6,7,8,10,12,16,17,20,24,26,28",30,0,0,5.653376555676226e-05,False,32.92849757736276,4.0665423934213225e-05,0.1487597810347953,1.029448002522912,867,True,1.0332187187339898,0.13407662545161655,2.2264993660945425e-05,0,30,0,0,True,2.515676160270677e-18,1.1445884411600935e-15,True,0.14875978103479517,1.0294480025229122,3.508044549294098e-15,3.7816971776294395e-16,1e-06,0,30,0,0,True,2.515676160270677e-18,1.1445884411600935e-15,True,0.14875978103479517,1.0294480025229122,3.508044549294098e-15,3.7816971776294395e-16
15,0.3,48,"0,1,2,4,5,7,8,16,17,18,22,23,25,27,28",30,0,0,5.1184563235085406e-05,False,37.095375641671716,4.051662806302204e-05,0.15057658330266832,1.0377685467197317,867,True,1.0332187187339898,0.13407662545161655,2.2254896307168867e-05,0,30,0,0,True,2.0903795835684407e-18,9.407109277283595e-16,True,0.15057658330266777,1.0377685467197313,4.116691932004937e-15,5.551115123125783e-16,1e-06,0,30,0,0,True,2.0903795835684407e-18,9.407109277283595e-16,True,0.15057658330266777,1.0377685467197313,4.116691932004937e-15,5.551115123125783e-16
15,0.3,49,"1,2,4,5,6,7,15,16,18,19,22,23,24,26,27",30,0,0,5.108631624873441e-05,False,36.47030103963271,4.0297624376584856e-05,0.14789643976016675,1.0452567337544216,867,True,1.0332187187339898,0.13407662545161655,2.1852969007432732e-05,0,30,0,0,True,3.909469763343377e-18,1.7898434691316287e-15,True,0.14789643976016695,1.0452567337544212,7.01131860902926e-15,1.8457457784393227e-15,1e-06,0,30,0,0,True,3.909469763343377e-18,1.7898434691316287e-15,True,0.14789643976016695,1.0452567337544212,7.01131860902926e-15,1.8457457784393227e-15
15,0.5,0,"1,3,10,13,14,15,17,18,19,21,22,23,25,26,28",30,0,0,5.591782229667112e-05,False,37.3774437589697,4.3788409173730076e-05,0.12025469461206734,1.0412039929820844,619,True,1.0522223978353533,0.1369967752531781,2.3346008004644703e-05,0,30,0,0,True,2.4903555167449787e-18,1.026125969053385e-15,True,0.12025469461206728,1.0412039929820842,4.011331197761869e-15,6.522560269672795e-16,1e-06,0,30,0,0,True,2.4903555167449787e-18,1.026125969053385e-15,True,0.12025469461206728,1.0412039929820842,4.011331197761869e-15,6.522560269672795e-16
15,0.5,1,"0,2,5,7,11,14,15,16,18,19,24,25,27,28,29",30,0,0,5.318241317897218e-05,False,38.6082808497834,4.367535967559781e-05,0.12823106822641409,1.0409606313531943,619,True,1.0522223978353533,0.1369967752531781,2.2768391896991644e-05,0,30,0,0,True,4.03891764840238e-18,1.7035937218296712e-15,True,0.12823106822641406,1.0409606313531943,4.315124646492308e-15,5.689893001203927e-16,1e-06,0,30,0,0,True,4.03891764840238e-18,1.7035937218296712e-15,True,0.12823106822641406,1.0409606313531943,4.315124646492308e-15,5.689893001203927e-16
15,0.5,2,"3,4,5,10,12,15,16,19,20,21,22,23,27,28,29",30,0,0,3.516834661730497e-05,False,58.88528076520776,4.405674948692527e-05,0.16808828591608482,1.036288757288657,619,True,1.0522223978353533,0.1369967752531781,2.3072424141081342e-05,0,30,0,0,True,3.838091924334376e-18,1.5997166838992916e-15,True,0.1680882859160848,1.0362887572886572,4.122570340658882e-15,6.730727086790012e-16,1e-06,0,30,0,0,True,3.838091924334376e-18,1.5997166838992916e-15,True,0.1680882859160848,1.0362887572886572,4.122570340658882e-15,6.730727086790012e-16
15,0.5,3,"0,1,2,5,6,9,10,12,16,20,22,25,26,28,29",30,0,0,4.3840576248225834e-05,False,47.5075387477074,4.376541669025756e-05,0.12430140672111735,1.039279448199806,619,True,1.0522223978353533,0.1369967752531781,2.3295136726863734e-05,0,30,0,0,True,3.1829857242755617e-18,1.3163785875702985e-15,True,0.12430140672111768,1.0392794481998067,6.93802654216924e-15,1.4710455076283324e-15,1e-06,0,30,0,0,True,3.1829857242755617e-18,1.3163785875702985e-15,True,0.12430140672111768,1.0392794481998067,6.93802654216924e-15,1.4710455076283324e-15
15,0.5,4,"2,3,5,8,9,10,12,13,14,20,21,22,25,26,28",30,0,0,3.705296420269619e-05,False,56.35344810599044,4.33533250639939e-05,0.11757284774190134,1.040806376453512,619,True,1.0522223978353533,0.1369967752531781,2.3373481838318635e-05,0,30,0,0,True,4.618360751395835e-18,1.9035100148306643e-15,True,0.11757284774190165,1.0408063764535125,6.593792352405092e-15,1.4502288259166107e-15,1e-06,0,30,0,0,True,4.618360751395835e-18,1.9035100148306643e-15,True,0.11757284774190165,1.0408063764535125,6.593792352405092e-15,1.4502288259166107e-15
15,0.5,5,"3,4,8,10,12,14,15,18,19,20,22,23,25,26,27",30,0,0,4.081423167219539e-05,False,50.72812753754709,4.383677721394466e-05,0.14989799374277316,1.0456114931388685,619,True,1.0522223978353533,0.1369967752531781,2.3122396727221112e-05,0,30,0,0,True,3.523627943700028e-18,1.4659672623089824e-15,True,0.14989799374277335,1.045611493138869,4.005910186899442e-15,4.371503159461554e-16,1e-06,0,30,0,0,True,3.523627943700028e-18,1.4659672623089824e-15,True,0.14989799374277335,1.045611493138869,4.005910186899442e-15,4.371503159461554e-16
15,0.5,6,"0,1,4,7,8,10,11,15,18,19,20,23,24,28,29",30,0,0,4.201779176756436e-05,False,49.38265480343356,4.435341623697402e-05,0.14966141477861883,1.0349707176644352,619,True,1.0522223978353533,0.1369967752531781,2.307669932651833e-05,0,30,0,0,True,2.5148520894200637e-18,1.0468634869352302e-15,True,0.1496614147786185,1.0349707176644356,4.016752208624297e-15,4.822531263215524e-16,1e-06,0,30,0,0,True,2.5148520894200637e-18,1.0468634869352302e-15,True,0.1496614147786185,1.0349707176644356,4.016752208624297e-15,4.822531263215524e-16
15,0.5,7,"0,3,4,8,9,12,20,21,22,23,25,26,27,28,29",30,0,0,3.9408461080696165e-05,False,52.6216659023858,4.2634287710335386e-05,0.19140916218130757,1.0614401382695418,619,True,1.0522223978353533,0.1369967752531781,2.2945305575835124e-05,0,30,0,0,True,1.8799872889314706e-18,7.836921969426736e-16,True,0.19140916218130752,1.0614401382695418,2.8336707980081144e-15,2.983724378680108e-16,1e-06,0,30,0,0,True,1.8799872889314706e-18,7.836921969426736e-16,True,0.19140916218130752,1.0614401382695418,2.8336707980081144e-15,2.983724378680108e-16
15,0.5,8,"2,3,6,7,9,10,11,13,14,15,16,17,21,23,27",30,0,0,3.380584557729398e-05,False,60.88539130479337,4.381915092449891e-05,0.11819524767691256,1.0536340230945742,619,True,1.0522223978353533,0.1369967752531781,2.2895619246066263e-05,0,30,0,0,True,4.437407186457273e-18,1.8624452858204735e-15,True,0.11819524767691197,1.0536340230945749,9.212249019174834e-15,2.2967738821932926e-15,1e-06,0,30,0,0,True,4.437407186457273e-18,1.8624452858204735e-15,True,0.11819524767691197,1.0536340230945749,9.212249019174834e-15,2.2967738821932926e-15
15,0.5,9,"0,6,7,8,9,11,12,13,14,17,18,20,21,24,26",30,0,0,3.4187177542956875e-05,False,59.940804980979536,4.4590812522014364e-05,0.11243448442148453,1.0373035575195395,619,True,1.0522223978353533,0.1369967752531781,2.2920013031869418e-05,0,30,0,0,True,2.3751290185191313e-18,9.97841329852548e-16,True,0.11243448442148447,1.0373035575195404,5.947092861571801e-15,1.5057399771478686e-15,1e-06,0,30,0,0,True,2.3751290185191313e-18,9.97841329852548e-16,True,0.11243448442148447,1.0373035575195404,5.947092861571801e-15,1.5057399771478686e-15
15,0.5,10,"0,1,2,3,5,9,10,12,17,20,21,23,24,27,29",30,0,0,5.0331946722404264e-05,False,41.02492955414326,4.4236830239414335e-05,0.126147636340081,1.0336204714320034,619,True,1.0522223978353533,0.1369967752531781,2.295600370730072e-05,0,30,0,0,True,2.1326388917103695e-18,8.908060144149126e-16,True,0.12614763634008083,1.0336204714320039,4.057409790092503e-15,4.3021142204224816e-16,1e-06,0,30,0,0,True,2.1326388917103695e-18,8.908060144149126e-16,True,0.12614763634008083,1.0336204714320039,4.057409790092503e-15,4.3021142204224816e-16
15,0.5,11,"0,2,3,6,10,12,15,16,19,23,24,25,26,28,29",30,0,0,3.5952934126008605e-05,False,57.37635947596913,4.3943972581609794e-05,0.13342800137661057,1.0412101432350351,619,True,1.0522223978353533,0.1369967752531781,2.2908803882859136e-05,0,30,0,0,True,2.5235535335253953e-18,1.0560738975874806e-15,True,0.13342800137661032,1.0412101432350351,4.528061953168461e-15,9.367506770274758e-16,1e-06,0,30,0,0,True,2.5235535335253953e-18,1.0560738975874806e-15,True,0.13342800137661032,1.0412101432350351,4.528061953168461e-15,9.367506770274758e-16
15,0.5,12,"0,1,2,5,6,9,12,14,15,16,17,19,21,26,28",30,0,0,3.383141310854967e-05,False,59.898870176145905,4.405310987894953e-05,0.12078359346575133,1.0530792839410879,619,True,1.0522223978353533,0.1369967752531781,2.3143457264818504e-05,0,30,0,0,True,2.649980733658806e-18,1.119331490670385e-15,True,0.12078359346575106,1.0530792839410887,4.375839968151496e-15,7.216449660063518e-16,1e-06,0,30,0,0,True,2.649980733658806e-18,1.119331490670385e-15,True,0.12078359346575106,1.0530792839410887,4.375839968151496e-15,7.216449660063518e-16
15,0.5,13,"0,1,3,6,7,13,15,16,22,23,25,26,27,28,29",30,0,0,3.911692892010113e-05,False,52.5550768137748,4.378186225510098e-05,0.13276287598026648,1.0527842559946476,619,True,1.0522223978353533,0.1369967752531781,2.281458154901529e-05,0,30,0,0,True,1.7421394285708134e-18,7.306474307356557e-16,True,0.13276287598026668,1.0527842559946485,2.931682674400804e-15,2.8449465006019636e-16,1e-06,0,30,0,0,True,1.7421394285708134e-18,7.306474307356557e-16,True,0.13276287598026668,1.0527842559946485,2.931682674400804e-15,2.8449465006019636e-16
15,0.5,14,"2,3,5,7,14,15,16,19,20,21,23,24,25,26,27",30,0,0,3.062337664185759e-05,False,66.52881905882927,4.343494675165656e-05,0.1207974360318393,1.0376658690069211,619,True,1.0522223978353533,0.1369967752531781,2.288075172757462e-05,0,30,0,0,True,3.0126069690672402e-18,1.269223693418592e-15,True,0.12079743603183926,1.0376658690069211,5.2798477395699095e-15,1.2906342661267445e-15,1e-06,0,30,0,0,True,3.0126069690672402e-18,1.269223693418592e-15,True,0.12079743603183926,1.0376658690069211,5.2798477395699095e-15,1.2906342661267445e-15
15,0.5,15,"0,3,4,6,9,11,12,13,18,20,22,23,24,26,29",30,0,0,3.6737482873248836e-05,False,56.114736321202585,4.369150006322276e-05,0.17934628040373318,1.0722193817260142,619,True,1.0522223978353533,0.1369967752531781,2.2723618264228445e-05,0,30,0,0,True,3.004736410688615e-18,1.2596931380233883e-15,True,0.1793462804037328,1.0722193817260135,3.4330177589581012e-15,3.885780586188048e-16,1e-06,0,30,0,0,True,3.004736410688615e-18,1.2596931380233883e-15,True,0.1793462804037328,1.0722193817260135,3.4330177589581012e-15,3.885780586188048e-16
15,0.5,16,"0,2,7,8,9,11,15,16,17,19,22,23,25,26,27",30,0,0,4.504084986721541e-05,False,45.71483832652905,4.411620573123478e-05,0.1257410583219389,1.0689616061121283,619,True,1.0522223978353533,0.1369967752531781,2.28921167285922e-05,0,30,0,0,True,2.718282361949655e-18,1.1419679492938157e-15,True,0.1257410583219386,1.0689616061121274,4.343693373737301e-15,4.163336342344337e-16,1e-06,0,30,0,0,True,2.718282361949655e-18,1.1419679492938157e-15,True,0.1257410583219386,1.0689616061121274,4.343693373737301e-15,4.163336342344337e-16
15,0.5,17,"3,5,7,8,9,10,11,13,14,15,16,17,18,23,28",30,0,0,3.5541157439972284e-05,False,58.41347162176159,4.372448386278222e-05,0.11127951753651132,1.0428985349584443,619,True,1.0522223978353533,0.1369967752531781,2.32085357071291e-05,0,30,0,0,True,3.2349797334247867e-18,1.3468395728795913e-15,True,0.11127951753651151,1.0428985349584443,1.1210216782631122e-14,3.0704605524789486e-15,1e-06,0,30,0,0,True,3.2349797334247867e-18,1.3468395728795913e-15,True,0.11127951753651151,1.0428985349584443,1.1210216782631122e-14,3.0704605524789486e-15
15,0.5,18,"0,1,2,3,5,9,10,11,12,18,19,21,24,27,28",30,0,0,4.969439857596759e-05,False,41.40110205804243,4.360863967504771e-05,0.12924940282765762,1.032181832312436,619,True,1.0522223978353533,0.1369967752531781,2.302430398106221e-05,0,30,0,0,True,2.6963537425909383e-18,1.1278925704452714e-15,True,0.12924940282765762,1.0321818323124359,5.611830444784971e-15,1.2420620087993939e-15,1e-06,0,30,0,0,True,2.6963537425909383e-18,1.1278925704452714e-15,True,0.12924940282765762,1.0321818323124359,5.611830444784971e-15,1.2420620087993939e-15
15,0.5,19,"0,4,5,7,9,11,12,14,19,20,22,24,25,27,29",30,0,0,2.8448726640353796e-05,False,72.49058625672028,4.33872239574805e-05,0.159541596873678,1.086442490644187,619,True,1.0522223978353533,0.1369967752531781,2.2901025380316426e-05,0,30,0,0,True,2.1370690778534347e-18,8.951925527646474e-16,True,0.15954159687367833,1.086442490644187,5.2562121322097255e-15,6.938893903907228e-16,1e-06,0,30,0,0,True,2.1370690778534347e-18,8.951925527646474e-16,True,0.15954159687367833,1.086442490644187,5.2562121322097255e-15,6.938893903907228e-16
15,0.5,20,"0,2,3,6,8,9,11,14,16,17,18,19,21,24,29",30,0,0,2.5860259074176456e-05,False,79.61624579496234,4.4585787045940445e-05,0.12129375677185023,1.046635896332355,619,True,1.0522223978353533,0.1369967752531781,2.2944984952462963e-05,0,30,0,0,True,3.193153113551154e-18,1.33826371403395e-15,True,0.12129375677184957,1.0466358963323557,1.1110687023196952e-14,2.4320823133194835e-15,1e-06,0,30,0,0,True,3.193153113551154e-18,1.33826371403395e-15,True,0.12129375677184957,1.0466358963323557,1.1110687023196952e-14,2.4320823133194835e-15
15,0.5,21,"4,6,7,8,9,10,12,15,16,17,20,21,22,24,29",30,0,0,4.615926048802703e-05,False,44.928260510797344,4.438786881494553e-05,0.16083574826665378,1.0442578442959667,619,True,1.0522223978353533,0.1369967752531781,2.3053152647759932e-05,0,30,0,0,True,2.5541438289342145e-18,1.0643144271351368e-15,True,0.16083574826665437,1.0442578442959665,5.663031892380599e-15,6.38378239159465e-16,1e-06,0,30,0,0,True,2.5541438289342145e-18,1.0643144271351368e-15,True,0.16083574826665437,1.0442578442959665,5.663031892380599e-15,6.38378239159465e-16
15,0.5,22,"1,3,9,10,11,13,15,17,18,20,23,24,25,26,27",30,0,0,5.3974600542756286e-05,False,38.135700107365885,4.3345074608639815e-05,0.1255247220326836,1.0413038142282767,619,True,1.0522223978353533,0.1369967752531781,2.3035996356723033e-05,0,30,0,0,True,3.629790279974148e-18,1.5179085181096559e-15,True,0.1255247220326838,1.0413038142282764,5.7549451315530575e-15,1.0894063429134349e-15,1e-06,0,30,0,0,True,3.629790279974148e-18,1.5179085181096559e-15,True,0.1255247220326838,1.0413038142282764,5.7549451315530575e-15,1.0894063429134349e-15
15,0.5,23,"0,1,2,4,5,6,10,14,17,19,20,22,24,25,26",30,0,0,3.554393360058203e-05,False,57.885641863822194,4.249008454378622e-05,0.11639143934220489,1.0587484619713743,619,True,1.0522223978353533,0.1369967752531781,2.317559635498865e-05,0,30,0,0,True,3.613764196752825e-18,1.5076407843296649e-15,True,0.11639143934220496,1.0587484619713745,1.0236169550870144e-14,2.3800406090401793e-15,1e-06,0,30,0,0,True,3.613764196752825e-18,1.5076407843296649e-15,True,0.11639143934220496,1.0587484619713745,1.0236169550870144e-14,2.3800406090401793e-15
15,0.5,24,"0,1,3,4,5,6,7,11,13,16,22,24,26,27,29",30,0,0,3.2557096153576644e-05,False,62.64435862841246,4.395611651178186e-05,0.15327356292259778,1.0496390117777477,619,True,1.0522223978353533,0.1369967752531781,2.2615030325255866e-05,0,30,0,0,True,3.0140363288053786e-18,1.2718930959218436e-15,True,0.1532735629225982,1.049639011777748,5.658667978636345e-15,9.71445146547012e-16,1e-06,0,30,0,0,True,3.0140363288053786e-18,1.2718930959218436e-15,True,0.1532735629225982,1.049639011777748,5.658667978636345e-15,9.71445146547012e-16
15,0.5,25,"1,2,4,10,12,14,19,21,22,23,24,25,26,27,28",30,0,0,4.451715239222994e-05,False,46.56113532452416,4.291792966801195e-05,0.14219479353260442,1.040889403490644,619,True,1.0522223978353533,0.1369967752531781,2.287581035340486e-05,0,30,0,0,True,2.187949965421037e-18,9.126665125594974e-16,True,0.14219479353260417,1.040889403490643,6.9089699239466285e-15,2.067790383364354e-15,1e-06,0,30,0,0,True,2.187949965421037e-18,9.126665125594974e-16,True,0.14219479353260417,1.040889403490643,6.9089699239466285e-15,2.067790383364354e-15
15,0.5,26,"1,2,3,5,7,9,13,16,21,22,23,24,25,28,29",30,0,0,3.984359751657093e-05,False,52.21364732452705,4.341327520284893e-05,0.13680015253773284,1.065365668958147,619,True,1.0522223978353533,0.1369967752531781,2.301186648151803e-05,0,30,0,0,True,3.3994321101999357e-18,1.41225832832137e-15,True,0.13680015253773306,1.065365668958147,9.428113671716698e-15,2.8033131371785203e-15,1e-06,0,30,0,0,True,3.3994321101999357e-18,1.41225832832137e-15,True,0.13680015253773306,1.065365668958147,9.428113671716698e-15,2.8033131371785203e-15
15,0.5,27,"1,3,4,10,11,12,13,15,17,18,20,21,24,28,29",30,0,0,5.205471748025845e-05,False,39.87318595545527,4.41326034974848e-05,0.1583276391871506,1.0354263966356076,619,True,1.0522223978353533,0.1369967752531781,2.3169338950599963e-05,0,30,0,0,True,3.2104861755075945e-18,1.3327886421236417e-15,True,0.15832763918715093,1.0354263966356085,5.5498140805188e-15,9.922618282587337e-16,1e-06,0,30,0,0,True,3.2104861755075945e-18,1.3327886421236417e-15,True,0.15832763918715093,1.0354263966356085,5.5498140805188e-15,9.922618282587337e-16
15,0.5,28,"0,1,3,6,7,10,11,12,15,17,19,21,23,24,26",30,0,0,5.3389766091326654e-05,False,38.372096525064705,4.4365498277966996e-05,0.10746871656172717,1.0468499450241135,619,True,1.0522223978353533,0.1369967752531781,2.3023156398521564e-05,0,30,0,0,True,2.305956621375599e-18,9.672817902390064e-16,True,0.10746871656172695,1.0468499450241142,4.394921926387241e-15,5.551115123125783e-16,1e-06,0,30,0,0,True,2.305956621375599e-18,9.672817902390064e-16,True,0.10746871656172695,1.0468499450241142,4.394921926387241e-15,5.551115123125783e-16
15,0.5,29,"0,3,4,7,9,17,18,19,21,22,24,25,26,27,29",30,0,0,3.1040754818357904e-05,False,66.36031575167665,4.400198542214093e-05,0.16202073457727065,1.0628582665680515,619,True,1.0522223978353533,0.1369967752531781,2.2861222449200587e-05,0,30,0,0,True,2.7123111275104747e-18,1.1342725708706213e-15,True,0.1620207345772705,1.0628582665680508,4.298807403796401e-15,5.655198531684391e-16,1e-06,0,30,0,0,True,2.7123111275104747e-18,1.1342725708706213e-15,True,0.1620207345772705,1.0628582665680508,4.298807403796401e-15,5.655198531684391e-16
15,0.5,30,"0,1,3,8,11,12,13,14,19,21,22,23,24,27,28",30,0,0,4.446324640177197e-05,False,46.294206498472995,4.431286558866583e-05,0.11325985610561196,1.0401357726016052,619,True,1.0522223978353533,0.1369967752531781,2.277349991856529e-05,0,30,0,0,True,1.9646529108126355e-18,8.241450360471682e-16,True,0.11325985610561212,1.040135772601606,4.8413963810167715e-15,7.28583859910259e-16,1e-06,0,30,0,0,True,1.9646529108126355e-18,8.241450360471682e-16,True,0.11325985610561212,1.040135772601606,4.8413963810167715e-15,7.28583859910259e-16
15,0.5,31,"0,1,3,6,8,9,10,11,12,14,15,20,22,23,25",30,0,0,3.2909427791698515e-05,False,63.37020866540174,4.404394904668107e-05,0.13097810331227397,1.0537773261265408,619,True,1.0522223978353533,0.1369967752531781,2.3319185153045986e-05,0,30,0,0,True,2.5732219660411912e-18,1.0637400826638803e-15,True,0.130978103312274,1.0537773261265413,3.827233668873831e-15,6.245004513516506e-16,1e-06,0,30,0,0,True,2.5732219660411912e-18,1.0637400826638803e-15,True,0.130978103312274,1.0537773261265413,3.827233668873831e-15,6.245004513516506e-16
15,0.5,32,"0,3,5,6,9,10,11,15,16,18,19,20,22,23,26",30,0,0,3.6232783069357114e-05,False,56.85543263206521,4.419400012112999e-05,0.11047464061036188,1.0654303872953441,619,True,1.0522223978353533,0.1369967752531781,2.3186142988508716e-05,0,30,0,0,True,2.5934519458650733e-18,1.0814607977715404e-15,True,0.11047464061036154,1.0654303872953432,5.256862653513217e-15,8.881784197001252e-16,1e-06,0,30,0,0,True,2.5934519458650733e-18,1.0814607977715404e-15,True,0.11047464061036154,1.0654303872953432,5.256862653513217e-15,8.881784197001252e-16
15,0.5,33,"0,1,3,7,8,12,13,15,20,22,23,24,25,26,28",30,0,0,3.9412441889527975e-05,False,52.13510093704737,4.452263791354782e-05,0.12260745484019818,1.042046268796642,619,True,1.0522223978353533,0.1369967752531781,2.3014038228922266e-05,0,30,0,0,True,2.651957218762996e-18,1.1096922794827008e-15,True,0.12260745484019854,1.0420462687966432,8.262027130154226e-15,1.8943180357666733e-15,1e-06,0,30,0,0,True,2.651957218762996e-18,1.1096922794827008e-15,True,0.12260745484019854,1.0420462687966432,8.262027130154226e-15,1.8943180357666733e-15
15,0.5,34,"5,6,7,8,9,10,12,18,20,23,24,25,26,28,29",30,0,0,4.950649000860385e-05,False,42.04183636788052,4.422480191210192e-05,0.1159457192832232,1.0329450664064255,619,True,1.0522223978353533,0.1369967752531781,2.308742224051152e-05,0,30,0,0,True,3.3953788755875205e-18,1.4116677347054978e-15,True,0.11594571928322343,1.0329450664064264,5.263151026113633e-15,1.394717674685353e-15,1e-06,0,30,0,0,True,3.3953788755875205e-18,1.4116677347054978e-15,True,0.11594571928322343,1.0329450664064264,5.263151026113633e-15,1.394717674685353e-15
15,0.5,35,"0,2,4,8,9,11,12,13,14,17,20,22,23,27,28",30,0,0,3.933978562055066e-05,False,52.481859363070456,3.991024370529909e-05,0.17350513741133455,1.1969745668913085,619,True,1.0522223978353533,0.1369967752531781,2.2809707664550932e-05,0,30,0,0,True,3.0982638756409684e-18,1.30127430583646e-15,True,0.17350513741133486,1.1969745668913094,4.71064159901502e-15,7.077671781985373e-16,1e-06,0,30,0,0,True,3.0982638756409684e-18,1.30127430583646e-15,True,0.17350513741133486,1.1969745668913094,4.71064159901502e-15,7.077671781985373e-16
15,0.5,36,"0,1,3,5,6,10,11,15,16,17,18,19,20,22,23",30,0,0,4.5895067677614754e-05,False,45.16942911096193,4.4319604140082444e-05,0.10831903536322762,1.0475652319135498,619,True,1.0522223978353533,0.1369967752531781,2.3322874034094874e-05,0,30,0,0,True,2.7108276981659754e-18,1.1243836495513784e-15,True,0.10831903536322803,1.0475652319135504,5.852089646207759e-15,1.3183898417423734e-15,1e-06,0,30,0,0,True,2.7108276981659754e-18,1.1243836495513784e-15,True,0.10831903536322803,1.0475652319135504,5.852089646207759e-15,1.3183898417423734e-15
15,0.5,37,"2,4,6,8,9,11,14,19,20,23,25,26,27,28,29",30,0,0,4.153128116267231e-05,False,49.46537509310326,4.177260833383156e-05,0.16461612503758852,1.095118543237727,619,True,1.0522223978353533,0.1369967752531781,2.2930426915802157e-05,0,30,0,0,True,2.272907446675541e-18,9.546225046940193e-16,True,0.16461612503758852,1.095118543237727,7.308606844724785e-15,1.9567680809018384e-15,1e-06,0,30,0,0,True,2.272907446675541e-18,9.546225046940193e-16,True,0.16461612503758852,1.095118543237727,7.308606844724785e-15,1.9567680809018384e-15
15,0.5,38,"3,4,5,8,9,11,14,15,18,22,24,25,26,28,29",30,0,0,3.535722570409259e-05,False,58.27459227775549,4.3693544062032476e-05,0.14922784026468905,1.0439031130909737,619,True,1.0522223978353533,0.1369967752531781,2.2956125767844386e-05,0,30,0,0,True,5.85555990033306e-18,2.4531862279422893e-15,True,0.1492278402646887,1.0439031130909733,4.526327229692484e-15,6.591949208711867e-16,1e-06,0,30,0,0,True,5.85555990033306e-18,2.4531862279422893e-15,True,0.1492278402646887,1.0439031130909733,4.526327229692484e-15,6.591949208711867e-16
15,0.5,39,"3,5,6,7,8,9,10,12,13,18,22,23,24,25,27",30,0,0,3.925767288182966e-05,False,53.00927041639759,4.3879638245906577e-05,0.11825762396947032,1.043220222818813,619,True,1.0522223978353533,0.1369967752531781,2.2862762949989484e-05,0,30,0,0,True,2.104155664575585e-18,8.770662455989317e-16,True,0.1182576239694696,1.0432202228188125,6.074567932001784e-15,7.216449660063518e-16,1e-06,0,30,0,0,True,2.104155664575585e-18,8.770662455989317e-16,True,0.1182576239694696,1.0432202228188125,6.074567932001784e-15,7.216449660063518e-16
15,0.5,40,"0,4,5,6,8,10,12,14,15,16,17,21,22,25,26",30,0,0,5.206212946404593e-05,False,39.88258346928057,4.301848365375504e-05,0.13258358134543072,1.055045880292184,619,True,1.0522223978353533,0.1369967752531781,2.31160849294282e-05,0,30,0,0,True,3.507230517036818e-18,1.4605350128049529e-15,True,0.13258358134543086,1.0550458802921845,4.246603069191224e-15,7.008282842946301e-16,1e-06,0,30,0,0,True,3.507230517036818e-18,1.4605350128049529e-15,True,0.13258358134543086,1.0550458802921845,4.246603069191224e-15,7.008282842946301e-16
15,0.5,41,"0,5,6,8,10,11,12,13,15,22,23,24,27,28,29",30,0,0,5.3184958492234574e-05,False,38.94647714251012,4.4685120145929335e-05,0.11418065635767266,1.0279169335050213,619,True,1.0522223978353533,0.1369967752531781,2.2556902332750574e-05,0,30,0,0,True,2.6727961242945734e-18,1.125075521831113e-15,True,0.11418065635767254,1.0279169335050218,4.304716305636447e-15,5.412337245047638e-16,1e-06,0,30,0,0,True,2.6727961242945734e-18,1.125075521831113e-15,True,0.11418065635767254,1.0279169335050218,4.304716305636447e-15,5.412337245047638e-16
15,0.5,42,"3,4,7,9,13,16,17,18,20,22,23,24,25,26,29",30,0,0,3.353909111985638e-05,False,61.67219186899305,4.403013174508893e-05,0.1743031112746076,1.079786630599558,619,True,1.0522223978353533,0.1369967752531781,2.298159839904185e-05,0,30,0,0,True,1.8934128966080484e-18,7.894782244718673e-16,True,0.1743031112746076,1.0797866305995585,5.381112222480056e-15,1.2559397966072083e-15,1e-06,0,30,0,0,True,1.8934128966080484e-18,7.894782244718673e-16,True,0.1743031112746076,1.0797866305995585,5.381112222480056e-15,1.2559397966072083e-15
15,0.5,43,"0,2,4,6,7,9,10,13,15,16,17,18,21,23,28",30,0,0,4.688793632478736e-05,False,44.14290394776435,4.341073205437301e-05,0.14963601720073083,1.0617109388090222,619,True,1.0522223978353533,0.1369967752531781,2.29624028647901e-05,0,30,0,0,True,1.7466341058017892e-18,7.309678110672041e-16,True,0.14963601720073103,1.0617109388090231,5.0714640820181955e-15,5.759281940243e-16,1e-06,0,30,0,0,True,1.7466341058017892e-18,7.309678110672041e-16,True,0.14963601720073103,1.0617109388090231,5.0714640820181955e-15,5.759281940243e-16
15,0.5,44,"1,3,6,7,8,9,10,11,12,14,15,17,24,26,27",30,0,0,4.281144532988433e-05,False,47.60958992943656,4.351020514338295e-05,0.10961233899946843,1.0419098742970614,619,True,1.0522223978353533,0.1369967752531781,2.293933290111833e-05,0,30,0,0,True,2.1972698325047557e-18,9.25869163251347e-16,True,0.10961233899946898,1.0419098742970623,4.4037378453022635e-15,5.551115123125783e-16,1e-06,0,30,0,0,True,2.1972698325047557e-18,9.25869163251347e-16,True,0.10961233899946898,1.0419098742970623,4.4037378453022635e-15,5.551115123125783e-16
15,0.5,45,"1,3,6,7,8,11,13,14,15,19,20,23,24,28,29",30,0,0,4.3453278526480714e-05,False,47.12142058389014,4.361479318245444e-05,0.11795774599686751,1.070568673679163,619,True,1.0522223978353533,0.1369967752531781,2.3024423963779616e-05,0,30,0,0,True,3.923867854615232e-18,1.647959480851549e-15,True,0.11795774599686748,1.0705686736791633,5.710709682915649e-15,9.992007221626409e-16,1e-06,0,30,0,0,True,3.923867854615232e-18,1.647959480851549e-15,True,0.11795774599686748,1.0705686736791633,5.710709682915649e-15,9.992007221626409e-16
15,0.5,46,"4,5,7,8,12,13,15,19,20,21,25,26,27,28,29",30,0,0,3.125807285381967e-05,False,65.52806876259069,4.288878387698963e-05,0.1688394763392669,1.0782673332972963,619,True,1.0522223978353533,0.1369967752531781,2.3059864520065915e-05,0,30,0,0,True,3.804064714785505e-18,1.5959933893364237e-15,True,0.16883947633926727,1.0782673332972974,4.943094544795912e-15,5.412337245047638e-16,1e-06,0,30,0,0,True,3.804064714785505e-18,1.5959933893364237e-15,True,0.16883947633926727,1.0782673332972974,4.943094544795912e-15,5.412337245047638e-16
15,0.5,47,"1,5,6,7,9,10,13,14,15,16,17,18,23,27,29",30,0,0,4.112914065808505e-05,False,50.24960270020902,4.406158006570699e-05,0.1155726590421288,1.0392439947839511,619,True,1.0522223978353533,0.1369967752531781,2.2962890843961344e-05,0,30,0,0,True,1.4777465070831536e-18,6.186267420013111e-16,True,0.11557265904212859,1.0392439947839505,3.613429000459689e-15,3.4998046127832083e-16,1e-06,0,30,0,0,True,1.4777465070831536e-18,6.186267420013111e-16,True,0.11557265904212859,1.0392439947839505,3.613429000459689e-15,3.4998046127832083e-16
15,0.5,48,"0,1,3,6,7,9,10,11,14,17,19,25,26,27,28",30,0,0,4.400781321430865e-05,False,46.5981955581877,4.3311038508061295e-05,0.1151826389778952,1.0470970935529431,619,True,1.0522223978353533,0.1369967752531781,2.326563829928219e-05,0,30,0,0,True,1.753187558339231e-18,7.322938192525298e-16,True,0.11518263897789491,1.0470970935529427,5.986530715595961e-15,9.783840404509192e-16,1e-06,0,30,0,0,True,1.753187558339231e-18,7.322938192525298e-16,True,0.11518263897789491,1.0470970935529427,5.986530715595961e-15,9.783840404509192e-16
15,0.5,49,"1,6,7,8,9,10,16,19,20,21,22,23,26,27,29",30,0,0,4.4632379496434456e-05,False,46.293241846374286,4.5151863061945006e-05,0.11984910328802949,1.0462707787379104,619,True,1.0522223978353533,0.1369967752531781,2.3122773399447563e-05,0,30,0,0,True,4.35891010133772e-18,1.8165498974138772e-15,True,0.11984910328802918,1.046270778737911,4.234460004859386e-15,4.579669976578771e-16,1e-06,0,30,0,0,True,4.35891010133772e-18,1.8165498974138772e-15,True,0.11984910328802918,1.046270778737911,4.234460004859386e-15,4.579669976578771e-16
15,0.7,0,"0,1,2,4,5,8,11,15,18,21,22,23,27,28,29",30,0,0,2.1452132908906575e-05,False,82.38357068447154,3.2047044715607e-05,0.1533922884561219,1.360838202583151,371,True,1.282727956318748,0.12681452461407192,2.0863241036493963e-05,0,30,0,0,True,2.4271737099698024e-18,1.1608409559397538e-15,True,0.15339228845612052,1.3608382025831476,8.064729439816176e-15,1.3877787807814457e-15,1e-06,0,30,0,0,True,2.4271737099698024e-18,1.1608409559397538e-15,True,0.15339228845612052,1.3608382025831476,8.064729439816176e-15,1.3877787807814457e-15
15,0.7,1,"0,5,6,7,12,13,14,15,16,17,20,21,23,24,27",30,0,0,3.292106545834123e-05,False,52.9118264263869,3.4015533985402e-05,0.12917916036867183,1.3020700258683886,371,True,1.282727956318748,0.12681452461407192,2.1132680022699545e-05,0,30,0,0,True,2.161726675054305e-18,1.039240252794053e-15,True,0.12917916036867164,1.3020700258683886,5.336009412104659e-15,5.273559366969494e-16,1e-06,0,30,0,0,True,2.161726675054305e-18,1.039240252794053e-15,True,0.12917916036867164,1.3020700258683886,5.336009412104659e-15,5.273559366969494e-16
15,0.7,2,"1,4,6,8,9,11,12,14,17,21,23,24,25,27,28",30,0,0,1.3557185456669845e-05,False,130.34669563988157,3.2739457968199556e-05,0.1644966756787249,1.4266627667135214,371,True,1.282727956318748,0.12681452461407192,2.1122120809651025e-05,1,30,0,0,True,7.564935352981481e-06,0.003611718234200563,True,0.1490403631284168,1.3183325345517194,0.40465156127933427,0.07004502218379863,1e-06,0,30,0,0,True,3.804241845919581e-18,1.816254733333766e-15,True,0.16449667567872542,1.426662766713522,3.709272472507408e-15,5.273559366969494e-16
15,0.7,3,"0,1,2,4,5,6,7,8,14,17,19,20,26,28,29",30,0,0,1.5766892277572935e-05,False,114.68984111936035,3.3733455636287845e-05,0.22949871554039353,1.3465263468107622,371,True,1.282727956318748,0.12681452461407192,2.2652899903460895e-05,1,30,0,0,True,6.886007625887888e-06,0.003086136527397926,True,0.20404537298856779,1.2810571955907328,0.3250026482420251,0.07033702156964478,1e-06,0,30,0,0,True,2.522141070542108e-18,1.1303605961439629e-15,True,0.22949871554039428,1.3465263468107644,9.55659162915623e-15,1.7208456881689926e-15
15,0.7,4,"1,2,3,4,5,9,11,12,13,17,20,23,24,27,28",30,0,0,3.121352125779231e-05,False,57.77409038922031,3.292342416819799e-05,0.1573029243390117,1.3159954969385614,371,True,1.282727956318748,0.12681452461407192,2.2005077229553102e-05,0,30,0,0,True,2.854599890154701e-18,1.313007327511963e-15,True,0.15730292433901163,1.3159954969385612,3.8979236505198855e-15,6.036837696399289e-16,1e-06,0,30,0,0,True,2.854599890154701e-18,1.313007327511963e-15,True,0.15730292433901163,1.3159954969385612,3.8979236505198855e-15,6.036837696399289e-16
15,0.7,5,"1,2,4,7,9,12,15,16,17,20,22,23,24,27,29",30,0,0,1.152057169003756e-05,False,153.29289537424344,3.209786324627586e-05,0.2423910382795984,1.669824822665326,371,True,1.282727956318748,0.12681452461407192,2.1174354970634115e-05,1,30,0,0,True,9.653783280596473e-06,0.00457140641924569,True,0.16652548161356256,1.3853662791727734,0.7532009405903449,0.1177862139338974,1e-06,0,30,0,0,True,2.4458427933429105e-18,1.1581927127395344e-15,True,0.24239103827959918,1.669824822665328,5.934922692185651e-15,7.771561172376096e-16
15,0.7,6,"2,3,6,9,11,12,14,15,17,19,21,23,25,26,28",29,0,1,-4.899467057373557e-06,True,inf,4.0202069582594887e-05,0.8025724531561075,3.3804035612129044,371,True,1.282727956318748,0.12681452461407192,2.174909340039643e-05,1,30,0,0,True,2.6648560457770057e-05,0.012322525320027073,True,0.13222207576296008,1.359807820576565,4.412863657826949,0.9347945289190676,1e-06,1,30,0,0,True,5.899467057373655e-06,0.0027279646982940886,True,1.9219869308698792,16.67331566605122,12.861766642197171,2.7245593840259867
15,0.7,7,"0,1,7,11,14,15,17,19,20,21,23,25,26,28,29",30,0,0,1.1571406465277026e-05,False,151.60240720347454,3.440039263313867e-05,0.1395202601870871,1.2615951290645877,371,True,1.282727956318748,0.12681452461407192,2.169337265107732e-05,1,30,0,0,True,1.0121966185800112e-05,0.004737427157351528,True,0.13917143703753107,1.2607574316572527,0.05371310365286773,0.011015103206427805,1e-06,0,30,0,0,True,2.9651605788659756e-18,1.387796797022935e-15,True,0.13952026018708713,1.2615951290645866,1.7767796782475198e-14,3.847616669716558e-15
15,0.7,8,"2,6,7,8,9,13,15,17,18,19,20,22,23,26,29",29,0,1,-5.531830519441583e-06,True,inf,2.9648399663453728e-05,0.2798462091177685,1.7641343612444738,371,True,1.282727956318748,0.12681452461407192,2.1468139403641312e-05,1,30,0,0,True,2.699996992308282e-05,0.012577311685833972,True,0.17193802219318746,1.548035909892076,1.1876125842800715,0.1587381268552231,1e-06,1,30,0,0,True,6.53183051944152e-06,0.003042702216191162,True,0.6903839034899737,4.247148049955591,5.809694855285817,0.7765327608813994
15,0.7,9,"0,3,4,9,10,13,14,18,19,21,22,23,24,26,27",29,0,1,-3.3384815127203526e-06,True,inf,8.033005711621097e-05,3.978591244184615,56.80875706485488,371,True,1.282727956318748,0.12681452461407192,2.04835517099287e-05,1,30,0,0,True,2.3822033222648953e-05,0.01168946954310041,True,0.1989181970434726,1.5082389712793622,18.782539245455563,4.1775094412280875,1e-06,1,30,0,0,True,4.338481512720251e-06,0.00212889248504743,True,1.876358158529761,15.109755474824958,26.324492735152386,5.854949402714376
15,0.7,10,"0,4,6,10,11,12,13,14,15,16,17,19,20,22,25",30,0,0,1.936748506960087e-05,False,92.62869001089221,3.7313499973876075e-05,0.15090953255650968,1.1921612537465296,371,True,1.282727956318748,0.12681452461407192,2.2357106899189217e-05,1,30,0,0,True,2.9896218295883457e-06,0.0013565708447387651,True,0.15307608501331985,1.1891816387623064,0.03264635844397675,0.004847460964038354,1e-06,0,30,0,0,True,1.9447553682103253e-18,8.824522240749743e-16,True,0.15090953255650963,1.1921612537465296,3.318526009543632e-15,3.694961003830599e-16
15,0.7,11,"0,1,6,7,11,13,14,16,17,20,22,23,26,27,29",30,0,0,1.313653382143604e-05,False,134.68198822197888,3.441948905648773e-05,0.12799285165763724,1.2736249729130262,371,True,1.282727956318748,0.12681452461407192,2.157373147602312e-05,1,30,0,0,True,8.437197654587093e-06,0.003957547300945702,True,0.1278271320808734,1.258659193010945,0.1590933394975838,0.03307757774630644,1e-06,0,30,0,0,True,1.6012621821330861e-18,7.510871602684231e-16,True,0.1279928516576372,1.273624972913025,6.5715662078691395e-15,1.124100812432971e-15
15,0.7,12,"3,5,6,8,10,11,12,13,17,18,19,20,23,25,26",30,0,0,1.184830227820462e-05,False,152.4620665063341,3.5059575116062274e-05,0.2651355669783301,1.422732048122705,371,True,1.282727956318748,0.12681452461407192,2.227870191271748e-05,1,30,0,0,True,1.043039963451277e-05,0.0047052674478076095,True,0.1653961835546388,1.2775294357397424,0.39409547580006254,0.13347104054116918,1e-06,0,30,0,0,True,2.248035121937613e-18,1.0141132508270732e-15,True,0.2651355669783285,1.4227320481227026,8.339249429889506e-15,1.5543122344752192e-15
15,0.7,13,"1,2,3,4,6,7,8,10,14,15,17,20,25,27,29",30,0,0,3.432983032745984e-05,False,52.39784338157176,3.4638188557871515e-05,0.1631045746840356,1.2803575742559343,371,True,1.282727956318748,0.12681452461407192,2.2224098407759205e-05,0,30,0,0,True,3.176877174171252e-18,1.445078200223031e-15,True,0.16310457468403586,1.2803575742559343,4.75921385634237e-15,5.898059818321144e-16,1e-06,0,30,0,0,True,3.176877174171252e-18,1.445078200223031e-15,True,0.16310457468403586,1.2803575742559343,4.75921385634237e-15,5.898059818321144e-16
15,0.7,14,"3,4,9,12,13,14,15,18,19,20,21,23,26,28,29",30,0,0,9.544509666592108e-06,False,186.10810224105913,2.9356607176499225e-05,0.3773294453365098,1.8297218663035681,371,True,1.282727956318748,0.12681452461407192,2.1755689094198337e-05,1,30,0,0,True,1.2211179427606239e-05,0.0056331147869238115,True,0.16672571368820527,1.4347864600371163,0.8261246183943027,0.24244069806747673,1e-06,0,30,0,0,True,2.4529762249712477e-18,1.1315775619199801e-15,True,0.37732944533650803,1.829721866303564,9.331077577279245e-15,1.7763568394002505e-15
15,0.7,15,"3,4,7,9,10,14,16,17,20,22,23,25,26,27,28",30,0,0,1.3562704395525688e-05,False,128.6369235241179,3.2250668542934206e-05,0.23220172252069957,1.4171906466437394,371,True,1.282727956318748,0.12681452461407192,2.1535902358702472e-05,1,30,0,0,True,7.973197963176525e-06,0.0037659516898852032,True,0.13483046972790483,1.3097936068955915,0.3252777661573232,0.09737125279279474,1e-06,0,30,0,0,True,1.7413172759199592e-18,8.22470076393848e-16,True,0.23220172252070287,1.4171906466437447,1.0487270774017787e-14,3.3029134982598407e-15
15,0.7,16,"0,2,3,4,5,6,8,13,17,18,21,22,24,27,29",30,0,0,1.1756775520285621e-05,False,149.0758948592655,3.248764843262279e-05,0.19134816265220875,1.4168439725176791,371,True,1.282727956318748,0.12681452461407192,2.117462142143632e-05,1,30,0,0,True,9.417845901150534e-06,0.004478990710529306,True,0.18145742111761373,1.3383002759457743,0.3640722848132135,0.08175431450031238,1e-06,0,30,0,0,True,2.9806717076850687e-18,1.4175641680681981e-15,True,0.19134816265221066,1.4168439725176811,9.223958402637678e-15,1.915134717478395e-15
15,0.7,17,"1,2,3,4,5,6,7,10,11,14,18,23,24,27,28",30,0,0,2.8801266266415052e-05,False,60.83693105131495,3.383924106870748e-05,0.14137236974174897,1.2487274231300023,371,True,1.282727956318748,0.12681452461407192,2.140274028571223e-05,0,30,0,0,True,3.2370447876660104e-18,1.531632395874814e-15,True,0.14137236974174874,1.2487274231300023,4.636482170417011e-15,4.978656376053436e-16,1e-06,0,30,0,0,True,3.2370447876660104e-18,1.531632395874814e-15,True,0.14137236974174874,1.2487274231300023,4.636482170417011e-15,4.978656376053436e-16
15,0.7,18,"1,4,7,8,9,11,12,14,15,16,17,18,22,24,25",30,0,0,2.187176890486763e-05,False,80.55900955069697,3.789982310773369e-05,0.1544300184947529,1.241136417947305,371,True,1.282727956318748,0.12681452461407192,2.1919963517323044e-05,1,30,0,0,True,4.819461245536845e-08,2.2296567330007264e-05,True,0.154420184060888,1.240901514762415,0.0011025695219239666,0.00021754580684513192,1e-06,0,30,0,0,True,1.4696349533227063e-18,6.799061766009027e-16,True,0.15443001849475285,1.241136417947305,3.163701939312702e-15,3.5214886562329184e-16
15,0.7,19,"2,3,4,6,8,9,11,15,17,18,21,23,25,26,27",30,0,0,4.836368101052585e-07,False,3623.263668826177,1.5977708791918515e-05,2.662117512929333,32.15304118603938,371,True,1.282727956318748,0.12681452461407192,2.1082614338929404e-05,1,30,0,0,True,2.0598977528824242e-05,0.009782985321739,True,0.13407077913941065,1.3642268749714734,12.61484287634467,2.564404070041494,1e-06,1,30,0,0,True,5.163631898948255e-07,0.0002452341870055791,True,1.7549174820872948,15.007493022695607,4.462707722306071,0.9072000308420383
15,0.7,20,"2,3,4,5,6,9,13,14,18,21,22,23,24,25,27",30,0,0,1.062954497442507e-05,False,163.9189213074432,3.198737916915793e-05,0.26158797241550985,1.4889653876171671,371,True,1.282727956318748,0.12681452461407192,2.0649263735200432e-05,1,30,0,0,True,1.0019718760775458e-05,0.004834844918971445,True,0.1453422495852531,1.3301693729132031,0.5434857900576071,0.11624572283025675,1e-06,0,30,0,0,True,3.1808887714442414e-18,1.5348837908141322e-15,True,0.26158797241550574,1.488965387617159,2.051267142255675e-14,4.385380947269368e-15
15,0.7,21,"3,4,5,7,8,12,13,14,16,17,19,22,23,25,26",29,0,1,-2.3445095648082877e-07,True,inf,-2.048576650602987e-05,8.223716091040545,249.55361137833825,371,True,1.282727956318748,0.12681452461407192,2.1841940241790218e-05,1,30,0,0,True,2.2076391198271168e-05,0.010220567348129277,True,0.14649633388408517,1.3489362960453843,32.67438477910586,8.114380150282182,1e-06,1,30,0,0,True,1.2344509564809444e-06,0.0005715059597088555,True,1.9423124306980988,15.855491177638523,25.293490858174234,6.281403660342447
15,0.7,22,"0,2,4,6,11,14,15,16,18,19,20,25,27,28,29",30,0,0,1.8793129697845567e-05,False,95.03163276470306,3.550105186463429e-05,0.1482574207441048,1.196651142833971,371,True,1.282727956318748,0.12681452461407192,2.193635207469997e-05,1,30,0,0,True,3.1432223768543256e-06,0.001447039239741941,True,0.14834056306753526,1.1921602741458772,0.031208226455677272,0.005105519512061216,1e-06,0,30,0,0,True,3.409167187214768e-18,1.569471740551006e-15,True,0.14825742074410492,1.1966511428339701,8.285906683003219e-15,1.582067810090848e-15
15,0.7,23,"1,2,3,4,5,10,11,12,15,17,18,21,22,23,25",30,0,0,2.380935505611252e-05,False,75.88663340369104,3.521688443554384e-05,0.15324559367101226,1.2348489220496075,371,True,1.282727956318748,0.12681452461407192,2.1639803313033617e-05,0,30,0,0,True,1.760475176091912e-18,8.100216148755091e-16,True,0.15324559367101218,1.2348489220496064,5.8815799452993645e-15,1.078998002057574e-15,1e-06,0,30,0,0,True,1.760475176091912e-18,8.100216148755091e-16,True,0.15324559367101218,1.2348489220496064,5.8815799452993645e-15,1.078998002057574e-15
15,0.7,24,"2,7,8,10,13,14,18,19,20,21,22,23,26,28,29",29,0,1,-3.6030073488787866e-06,True,inf,3.348915446169862e-05,0.12728508161449248,1.3102639518718024,371,True,1.282727956318748,0.12681452461407192,2.113329578053233e-05,1,30,0,0,True,2.4736303129411066e-05,0.011709886996973224,True,0.12615930923569887,1.3158988998414598,0.21429516811229649,0.0316129571756424,1e-06,1,30,0,0,True,4.603007348878727e-06,0.0021790117795540812,True,0.13860040467384813,1.4099815636922202,0.8419142971448074,0.1241997234732469
15,0.7,25,"2,4,6,13,15,16,18,19,20,22,23,24,25,27,28",30,0,0,1.9340537767208075e-05,False,89.58831392133672,3.3808830026324784e-05,0.13183458144067126,1.25127460892493,371,True,1.282727956318748,0.12681452461407192,2.104582678327864e-05,1,30,0,0,True,1.705289016070487e-06,0.000819975470970731,True,0.13198038036232546,1.250145915063829,0.012734296213634363,0.0018655427684989845,1e-06,0,30,0,0,True,1.7105512560739232e-18,8.225057797245641e-16,True,0.1318345814406711,1.2512746089249296,3.9386896522053405e-15,4.371503159461554e-16
15,0.7,26,"4,6,7,8,9,10,12,13,14,15,16,18,20,22,28",30,0,0,3.1596577945463826e-05,False,56.63276655676747,3.33862848975323e-05,0.1773032023243073,1.4420601427262327,371,True,1.282727956318748,0.12681452461407192,2.2220512950505782e-05,0,30,0,0,True,2.036124378029581e-18,9.259025042085259e-16,True,0.17730320232430793,1.4420601427262343,7.95674290343662e-15,7.077671781985373e-16,1e-06,0,30,0,0,True,2.036124378029581e-18,9.259025042085259e-16,True,0.17730320232430793,1.4420601427262343,7.95674290343662e-15,7.077671781985373e-16
15,0.7,27,"1,3,4,7,9,11,12,14,18,19,20,23,24,27,28",30,0,0,4.373907909933842e-05,False,39.62134103044768,3.373558414053901e-05,0.132728754190801,1.2550356096107989,371,True,1.282727956318748,0.12681452461407192,2.1611244349501448e-05,0,30,0,0,True,3.1791369002930733e-18,1.5051564821448456e-15,True,0.13272875419080116,1.2550356096107975,5.942295266958553e-15,1.3808398868775384e-15,1e-06,0,30,0,0,True,3.1791369002930733e-18,1.5051564821448456e-15,True,0.13272875419080116,1.2550356096107975,5.942295266958553e-15,1.3808398868775384e-15
15,0.7,28,"2,5,9,10,12,15,16,18,21,23,24,25,26,27,29",30,0,0,1.6994146179600495e-05,False,101.81605569771786,3.449507306441209e-05,0.163450808477809,1.3606377735482003,371,True,1.282727956318748,0.12681452461407192,2.056988994524555e-05,1,30,0,0,True,3.575743765645029e-06,0.00173563246164539,True,0.14188516988045724,1.3283726816167216,0.10455046077684219,0.02156563859735175,1e-06,0,30,0,0,True,2.9824569692288456e-18,1.4476566192992665e-15,True,0.16345080847780988,1.3606377735482016,7.188870267300917e-15,1.8041124150158794e-15
15,0.7,29,"4,6,9,11,12,13,14,15,17,18,19,20,21,27,29",30,0,0,1.1811504320606192e-05,False,152.44724966476738,3.09430317010136e-05,0.18614504397350776,1.421995345153473,371,True,1.282727956318748,0.12681452461407192,2.17202452360948e-05,1,30,0,0,True,9.908740915488519e-06,0.00458041123786074,True,0.16606174129938778,1.3634097771593052,0.42620264581266,0.05331247678494379,1e-06,0,30,0,0,True,2.715006472589054e-18,1.255037977476318e-15,True,0.1861450439735074,1.4219953451534724,7.656202061223638e-15,1.8388068845354155e-15
15,0.7,30,"1,2,3,4,6,7,8,9,20,22,23,24,25,27,28",30,0,0,2.5494850268267585e-05,False,68.3070633824075,3.3507905111318796e-05,0.14601594463264708,1.2921287783060382,371,True,1.282727956318748,0.12681452461407192,2.1291266330543892e-05,0,30,0,0,True,2.7133612903041703e-18,1.29077114241179e-15,True,0.14601594463264725,1.2921287783060387,5.096834412854356e-15,6.245004513516506e-16,1e-06,0,30,0,0,True,2.7133612903041703e-18,1.29077114241179e-15,True,0.14601594463264725,1.2921287783060387,5.096834412854356e-15,6.245004513516506e-16
15,0.7,31,"0,2,3,13,16,18,19,20,21,22,24,25,26,27,28",30,0,0,9.188648411005973e-06,False,186.5950013029496,3.400817459678958e-05,0.4544208017471102,1.7356260309089213,371,True,1.282727956318748,0.12681452461407192,2.1451150884848732e-05,1,30,0,0,True,1.2262502473842523e-05,0.005813184567226278,True,0.196074349832396,1.3341798898643051,0.8832772772532905,0.25834645191471417,1e-06,0,30,0,0,True,1.8594690811626122e-18,8.815033463933506e-16,True,0.4544208017471192,1.735626030908939,2.945126781339624e-14,8.992806499463768e-15
15,0.7,32,"0,2,3,9,10,12,14,15,17,19,20,21,22,24,28",30,0,0,5.280981571668815e-06,False,331.782598760057,3.563388770336367e-05,0.39318690885851454,1.6157027696697148,371,True,1.282727956318748,0.12681452461407192,2.1912995690779094e-05,1,30,0,0,True,1.6632014119110492e-05,0.007744121183971382,True,0.12173531500814397,1.2928623041804732,1.230679696569185,0.27145159385037054,1e-06,0,30,0,0,True,2.7976466026068614e-18,1.3026272203328347e-15,True,0.39318690885850116,1.6157027696696886,5.31345800691696e-14,1.3378187446733136e-14
15,0.7,33,"2,6,12,13,14,15,16,17,18,21,22,24,25,26,29",30,0,0,1.480417553697913e-05,False,119.90036813276834,3.577994359590139e-05,0.23018376527388504,1.4422086185380074,371,True,1.282727956318748,0.12681452461407192,2.147968671247206e-05,1,30,0,0,True,6.675511175492894e-06,0.003110640091378062,True,0.17529924629626234,1.343204833885955,0.2750564450586132,0.0548845189776227,1e-06,0,30,0,0,True,2.1553923466920875e-18,1.0043650096615717e-15,True,0.23018376527388476,1.4422086185380072,3.8675659896902914e-15,3.8163916471489756e-16
15,0.7,34,"5,6,7,8,12,13,15,19,21,22,23,24,26,28,29",30,0,0,9.401685821807207e-06,False,183.0954180479823,3.1845131882123777e-05,0.16174390836111438,1.5267585653122595,371,True,1.282727956318748,0.12681452461407192,2.080794387657279e-05,1,30,0,0,True,1.140625805476557e-05,0.005538654036936721,True,0.13053196911006498,1.4319324021687223,0.35702386430419675,0.06593277057968445,1e-06,0,30,0,0,True,1.858570858495906e-18,9.02485367148119e-16,True,0.16174390836111427,1.5267585653122595,2.9802549317281546e-15,2.3592239273284576e-16
15,0.7,35,"1,5,6,11,12,13,16,17,18,20,22,25,26,28,29",30,0,0,1.4741862623628122e-05,False,127.35837233806281,3.918354664977605e-05,0.12025858298326637,1.1421757592463349,371,True,1.282727956318748,0.12681452461407192,2.2796615603942185e-05,1,30,0,0,True,8.054752980314164e-06,0.0035110594291680812,True,0.11622185935199704,1.1307321731290927,0.1385534048753688,0.02861481960011425,1e-06,0,30,0,0,True,2.9667804182838484e-18,1.293216860572234e-15,True,0.12025858298326657,1.1421757592463344,5.0970512532888534e-15,1.033895191682177e-15
15,0.7,36,"0,2,3,4,6,11,13,15,17,18,21,22,23,26,27",29,0,1,-1.5330976510686153e-07,True,inf,-9.167183583678662e-06,5.522356632398938,135.95650647647065,371,True,1.282727956318748,0.12681452461407192,2.093585010465115e-05,1,30,0,0,True,2.108915986975821e-05,0.010095144486814088,True,0.14118613484671846,1.4137974030287312,27.66987223536878,5.398846414878404,1e-06,1,30,0,0,True,1.1533097651070357e-06,0.000552076459598797,True,1.7687273925999083,15.514625231486551,19.237895191453177,3.7536292397990296
15,0.7,37,"1,2,4,6,8,9,11,13,19,20,21,22,23,24,28",30,0,0,7.101015641278387e-06,False,247.16480940689698,2.731072822837104e-05,0.45104111568790406,3.015560365848277,371,True,1.282727956318748,0.12681452461407192,2.1384326050198417e-05,1,30,0,0,True,1.4283310408920051e-05,0.006753662180503508,True,0.16875123635642422,1.5303097784288535,2.242793727389681,0.3298620519775483,1e-06,0,30,0,0,True,4.354470100528966e-18,2.058949864711324e-15,True,0.4510411156879033,3.0155603658482706,9.437763071051819e-15,1.3739009929736312e-15
15,0.7,38,"0,2,3,4,7,10,12,14,19,20,23,24,25,26,28",30,0,0,1.0532997677003159e-05,False,163.0456736816543,3.456253213029134e-05,0.2560417748517098,1.424635492579709,371,True,1.282727956318748,0.12681452461407192,2.1639246002903666e-05,1,30,0,0,True,1.1106248325900287e-05,0.005242454917295241,True,0.16003443299069986,1.287213197157615,0.44897547691832057,0.13804264536138472,1e-06,0,30,0,0,True,1.9364027322502866e-18,9.14035390499569e-16,True,0.2560417748517127,1.4246354925797131,1.0256552551712872e-14,2.886579864025407e-15
15,0.7,39,"0,3,4,5,6,8,10,14,16,19,21,22,24,25,29",30,0,0,4.977284699050866e-06,False,348.22540172443894,3.4517908056164944e-05,0.5122941145579579,2.2530698254880503,371,True,1.282727956318748,0.12681452461407192,2.1509503832256376e-05,1,30,0,0,True,1.6532219133205214e-05,0.007818700489304442,True,0.15120690861337613,1.2318585069217434,1.949112786192377,0.3908932541860165,1e-06,0,30,0,0,True,2.5589891537436175e-18,1.210241020112882e-15,True,0.5122941145579774,2.253069825488135,1.0235269663066981e-13,2.1815882433884326e-14
15,0.7,40,"1,2,4,5,7,11,13,15,16,17,18,19,21,22,24",30,0,0,2.164816811729318e-05,False,80.56900102666904,3.469428090398707e-05,0.1590954656222378,1.3981802034577684,371,True,1.282727956318748,0.12681452461407192,2.1685040499771393e-05,1,30,0,0,True,3.687238247827341e-08,1.7298591790195427e-05,True,0.15904953758250986,1.3980060674213388,0.0008519561434744182,0.00015616104326863361,1e-06,0,30,0,0,True,3.580233804220346e-18,1.679658295179582e-15,True,0.15909546562223814,1.3981802034577693,6.860831347488272e-15,1.160530005428484e-15
15,0.7,41,"0,1,2,3,5,6,7,13,14,16,17,18,22,25,29",30,0,0,2.902715583619767e-05,False,63.15037862573693,3.701826748443849e-05,0.1172160010913913,1.1982637086687546,371,True,1.282727956318748,0.12681452461407192,2.2470218568870132e-05,0,30,0,0,True,2.6253868013372872e-18,1.1692361478894196e-15,True,0.1172160010913914,1.1982637086687558,4.273274442634367e-15,4.779163176316104e-16,1e-06,0,30,0,0,True,2.6253868013372872e-18,1.1692361478894196e-15,True,0.1172160010913914,1.1982637086687558,4.273274442634367e-15,4.779163176316104e-16
15,0.7,42,"0,1,3,4,6,8,11,12,16,18,24,25,27,28,29",30,0,0,3.233121618776975e-05,False,55.13675040044171,3.6568223914967256e-05,0.16911809846830272,1.1881283467891977,371,True,1.282727956318748,0.12681452461407192,2.1978687770162713e-05,0,30,0,0,True,1.9377974328839363e-18,8.909254405558029e-16,True,0.16911809846830306,1.1881283467891983,4.81385764583564e-15,4.926614671774132e-16,1e-06,0,30,0,0,True,1.9377974328839363e-18,8.909254405558029e-16,True,0.16911809846830306,1.1881283467891983,4.81385764583564e-15,4.926614671774132e-16
15,0.7,43,"1,2,6,7,10,13,14,15,17,20,21,22,23,28,29",30,0,0,8.116126749367952e-06,False,222.5597842968166,2.746394392055712e-05,0.4117864081045542,2.6714475316033592,371,True,1.282727956318748,0.12681452461407192,2.1589561078610903e-05,1,30,0,0,True,1.3473434329242921e-05,0.006241251154266607,True,0.15373937574734675,1.5352276987385303,1.937561037017945,0.27476109934538373,1e-06,0,30,0,0,True,3.835434957436716e-18,1.776674919716737e-15,True,0.4117864081045549,2.6714475316033717,1.8702053794505957e-14,1.7208456881689926e-15
15,0.7,44,"1,2,4,7,10,14,16,18,21,24,25,26,27,28,29",30,0,0,1.129862885893602e-05,False,153.1562728002476,3.5637009998094466e-05,0.14190052721025267,1.271049472301011,371,True,1.282727956318748,0.12681452461407192,2.121438005785578e-05,1,30,0,0,True,9.915751198920038e-06,0.004720061916014749,True,0.13429718893436687,1.2460998291698966,0.2205506361463711,0.03706379943137629,1e-06,0,30,0,0,True,3.434608504162004e-18,1.6349305737603745e-15,True,0.14190052721025032,1.2710494723010084,2.8930417089734206e-14,5.419276138951545e-15
15,0.7,45,"2,4,5,6,7,9,10,11,12,16,17,18,22,24,29",30,0,0,4.673986522302379e-05,False,37.70197685638682,3.8779202379472246e-05,0.15519599300706108,1.1873564716797955,371,True,1.282727956318748,0.12681452461407192,2.1677471816918335e-05,0,30,0,0,True,4.499687139643547e-18,2.101643821013775e-15,True,0.15519599300706016,1.1873564716797949,6.295257284211209e-15,1.038232000372119e-15,1e-06,0,30,0,0,True,4.499687139643547e-18,2.101643821013775e-15,True,0.15519599300706016,1.1873564716797949,6.295257284211209e-15,1.038232000372119e-15
15,0.7,46,"0,4,8,9,13,14,18,19,21,22,25,26,27,28,29",29,0,1,-1.8455742225479709e-06,True,inf,3.4002268580860356e-05,0.25150818563673755,1.673036882220909,371,True,1.282727956318748,0.12681452461407192,2.1053562572552707e-05,1,30,0,0,True,2.289913679510059e-05,0.010924664088320457,True,0.147031887939139,1.2813769620563422,2.134505080198101,0.32751044527010925,1e-06,1,30,0,0,True,2.845574222547875e-06,0.001357559579554563,True,0.5860156692064983,3.4846691701081864,5.437084078894333,0.8342457669318077
15,0.7,47,"0,2,4,8,9,11,12,14,15,17,18,21,25,26,29",30,0,0,1.2638563753095318e-05,False,142.22761129853706,3.447319127993308e-05,0.14332458512319834,1.254782110953916,371,True,1.282727956318748,0.12681452461407192,2.1706877473591114e-05,1,30,0,0,True,9.068313720495795e-06,0.004166189643739973,True,0.14232201315080625,1.2583165175738662,0.07571560253873927,0.014869429097575083,1e-06,0,30,0,0,True,2.06482787360426e-18,9.486289037037607e-16,True,0.14332458512319854,1.2547821109539155,4.814725007573628e-15,5.48172618408671e-16
15,0.7,48,"0,1,2,4,6,7,8,12,14,17,18,21,25,26,27",30,0,0,3.5259326649274468e-06,False,498.86066025149256,3.320367057807223e-05,0.33363782424013694,1.821024676230277,371,True,1.282727956318748,0.12681452461407192,2.15969474347737e-05,1,30,0,0,True,1.807101476984619e-05,0.00847897511590344,True,0.1425439445249516,1.288794658115858,1.6722156719694523,0.2713119838294372,1e-06,0,30,0,0,True,1.680613793834244e-18,7.885491057836103e-16,True,0.3336378242401424,1.8210246762302935,3.142004343335836e-14,5.440092820663267e-15
15,0.7,49,"1,5,7,8,9,13,14,15,17,18,20,21,25,27,29",30,0,0,9.292148041162076e-06,False,194.80877669409887,2.9798647317430118e-05,0.37219582130358,2.184009289265234,371,True,1.282727956318748,0.12681452461407192,2.1822732205391935e-05,1,30,0,0,True,1.2530584164229742e-05,0.0057493350824562,True,0.150519791908237,1.4439382185563117,1.3695856213994726,0.22167602939534298,1e-06,0,30,0,0,True,2.967867169113374e-18,1.3617292387822505e-15,True,0.3721958213035803,2.1840092892652367,5.1035564663237665e-15,7.216449660063518e-16
