Date,RELIANCE.NS,TCS.NS,HDFCBANK.NS,INFY.NS,ICICIBANK.NS,HINDUNILVR.NS,ITC.NS,SBIN.NS,BHARTIARTL.NS,KOTAKBANK.NS,LT.NS,AXISBANK.NS,ASIANPAINT.NS,MARUTI.NS,SUNPHARMA.NS,TITAN.NS,BAJFINANCE.NS,NESTLEIND.NS,ULTRACEMCO.NS,WIPRO.NS,HCLTECH.NS,NTPC.NS,POWERGRID.NS,ONGC.NS,TATASTEEL.NS,M&M.NS,TECHM.NS,COALINDIA.NS,DRREDDY.NS,CIPLA.NS
2021-10-08,1209.85693359375,3418.892578125,749.8778686523438,1501.426025390625,676.6076049804688,2420.748291015625,182.4383087158203,418.9542236328125,671.3052368164062,385.185302734375,1641.2467041015625,778.0985717773438,3153.57861328125,7095.33642578125,781.8197021484375,2320.040771484375,754.0068359375,898.108642578125,7028.95458984375,301.9692687988281,1074.8076171875,119.59844970703125,110.21578979492188,119.14025115966797,112.20574951171875,838.0430908203125,1209.5953369140625,124.18075561523438,938.1983642578125,879.9681396484375
2021-10-11,1201.4327392578125,3201.675537109375,764.4529418945312,1472.77099609375,686.1305541992188,2425.378662109375,187.43821716308594,429.2451171875,666.8170166015625,392.9532470703125,1631.74267578125,783.2730102539062,3152.76806640625,7353.939453125,792.432373046875,2324.1728515625,762.285888671875,902.7537231445312,7023.6845703125,298.1555480957031,1059.1588134765625,122.73462677001953,113.59212493896484,122.13819885253906,113.24488830566406,855.0369873046875,1176.2042236328125,129.7160186767578,946.9337768554688,876.7538452148438
2021-10-12,1208.29443359375,3173.22509765625,762.4877319335938,1467.71923828125,681.6094970703125,2453.849365234375,189.99725341796875,441.8229064941406,662.4735107421875,396.8720703125,1632.978271484375,793.2236938476562,3169.170166015625,7347.25439453125,789.7196655273438,2452.266357421875,766.0548095703125,918.4132690429688,6946.93505859375,301.0329284667969,1016.439697265625,122.52271270751953,113.53340148925781,121.0648422241211,114.61604309082031,849.7860717773438,1154.5736083984375,127.376708984375,950.0196533203125,878.8648071289062
2021-10-13,1220.591064453125,3175.266845703125,767.0731811523438,1488.6661376953125,682.9080810546875,2426.8916015625,196.21763610839844,440.6337585449219,665.900146484375,399.70672607421875,1665.1492919921875,790.6862182617188,3169.409423828125,7145.1376953125,801.9505004882812,2496.14453125,773.2271728515625,913.9171142578125,7042.9921875,307.1988220214844,1028.633544921875,124.04839324951172,117.08589935302734,118.43702697753906,116.78917694091797,892.9866333007812,1177.84228515625,125.23507690429688,953.53125,876.5139770507812
2021-10-14,1223.0594482421875,3143.281005859375,789.5323486328125,1494.37109375,699.5972900390625,2429.458740234375,202.00497436523438,448.7749938964844,661.9427490234375,401.38763427734375,1700.5518798828125,798.0994873046875,3144.900634765625,7159.22314453125,800.7608032226562,2522.56005859375,766.7520751953125,914.1417846679688,7086.20556640625,323.4814147949219,1017.0899658203125,126.63362121582031,120.16865539550781,117.73381042480469,118.57858276367188,889.215576171875,1201.9091796875,121.11659240722656,959.3837890625,874.4510498046875
2021-10-18,1226.320556640625,3174.352783203125,781.53125,1560.9134521484375,717.055908203125,2433.539306640625,206.7292938232422,455.4983825683594,656.923583984375,400.1543273925781,1699.743896484375,809.294189453125,3091.210693359375,7312.1123046875,795.6209106445312,2546.909912109375,767.010498046875,919.4893188476562,7089.8466796875,324.1664733886719,992.905517578125,126.76075744628906,119.66954040527344,119.99153137207031,121.68305969238281,869.6917724609375,1242.9443359375,122.10504150390625,943.6737670898438,867.1587524414062
2021-10-19,1237.3037109375,3163.038330078125,790.140625,1587.042724609375,718.9797973632812,2335.243896484375,193.65863037109375,446.57958984375,657.4061889648438,404.8787536621094,1754.4869384765625,797.7014770507812,3036.137939453125,7310.82275390625,787.4829711914062,2444.6904296875,754.69921875,916.1781005859375,6870.23291015625,324.9886169433594,1001.6039428710938,126.84552764892578,116.6455307006836,117.40071105957031,117.87574768066406,875.9451293945312,1292.8837890625,121.57786560058594,929.027587890625,869.509521484375
2021-10-20,1223.0594482421875,3141.017822265625,783.1923217773438,1569.7972412109375,717.440673828125,2272.755126953125,194.17044067382812,457.2821044921875,683.8048095703125,400.9201354980469,1717.0887451171875,800.8359985351562,3022.64453125,7248.84619140625,775.6328125,2372.380126953125,756.8494262695312,911.8831176757812,6831.4267578125,320.6039733886719,1002.2542114257812,123.96363067626953,114.12057495117188,114.66188049316406,115.84058380126953,858.6171264648438,1293.0518798828125,118.9420394897461,919.7601928710938,869.2216796875
2021-10-21,1187.7772216796875,3074.56494140625,784.3386840820312,1527.3809814453125,726.72314453125,2242.588134765625,192.67437744140625,460.0721435546875,671.8361206054688,426.4420166015625,1716.185791015625,803.8211669921875,2862.81494140625,7234.04443359375,778.9642333984375,2356.934326171875,754.504150390625,909.7781372070312,6830.85107421875,318.0234069824219,992.25537109375,125.3622055053711,113.94444274902344,114.73588562011719,113.37423706054688,856.3735961914062,1280.4091796875,120.19408416748047,899.9774780273438,874.6428833007812
2021-10-22,1189.99658203125,3045.27783203125,786.4207763671875,1497.8985595703125,730.3782958984375,2250.24462890625,186.2965087890625,460.0721435546875,670.3400268554688,431.9422302246094,1703.35546875,812.6773681640625,2844.12353515625,7075.18701171875,773.3959350585938,2372.97021484375,751.861572265625,899.0664672851562,6850.58984375,311.6748352050781,978.5684204101562,122.81938171386719,114.17932891845703,116.25337219238281,111.78318786621094,847.637939453125,1274.6971435546875,115.9107894897461,897.22998046875,860.058349609375
2021-10-25,1178.4017333984375,3040.142822265625,775.3081665039062,1487.2291259765625,809.6397705078125,2251.84912109375,183.77687072753906,463.3194885253906,667.058349609375,428.5804748535156,1695.6571044921875,840.9374389648438,2782.75732421875,6933.5673828125,774.0147094726562,2340.65185546875,745.6644287109375,884.3814697265625,6850.78125,304.9609069824219,955.1290283203125,121.97172546386719,113.12237548828125,119.47333526611328,111.52880859375,850.35888671875,1280.2833251953125,114.72471618652344,904.7174682617188,865.335693359375
2021-10-26,1205.2371826171875,3031.13427734375,773.319580078125,1497.026611328125,797.8082885742188,2248.1591796875,186.37527465820312,468.8536682128906,671.98095703125,439.8097229003906,1707.156982421875,837.7533569335938,2832.108154296875,6968.66162109375,774.3003540039062,2415.028564453125,766.0451049804688,914.4225463867188,6965.09228515625,305.1664123535156,956.2763061523438,121.37841796875,111.80117797851562,120.73176574707031,115.87077331542969,854.0345458984375,1313.21240234375,115.3507080078125,902.7924194335938,870.7568969726562
2021-10-27,1189.99658203125,3037.357421875,768.6640014648438,1519.2135009765625,803.1948852539062,2211.02587890625,187.75318908691406,474.89105224609375,677.9169311523438,435.2941589355469,1696.0374755859375,783.6211547851562,2951.169189453125,7024.90869140625,785.3414306640625,2420.2919921875,729.6232299804688,904.2874755859375,7046.63330078125,306.5137939453125,964.7588500976562,119.76797485351562,111.71312713623047,116.8825454711914,114.36164093017578,846.635498046875,1317.034423828125,114.39522552490234,902.1152954101562,885.1495361328125
2021-10-28,1176.9525146484375,2978.085205078125,745.6434326171875,1497.2022705078125,768.277587890625,2204.61328125,177.2415313720703,458.6085205078125,665.7553100585938,417.4407958984375,1724.2642822265625,754.6148071289062,2975.324951171875,7037.7529296875,768.6846313476562,2336.716552734375,729.827880859375,903.6594848632812,7135.216796875,300.02813720703125,944.1466064453125,116.41988372802734,109.15884399414062,111.18277740478516,112.07208251953125,843.819091796875,1288.0118408203125,109.74954223632812,884.1704711914062,855.6445922851562
2021-10-29,1148.7130126953125,2957.28369140625,740.6134643554688,1465.4375,771.5,2207.842529296875,175.74549865722656,459.3403015136719,661.5082397460938,404.04327392578125,1679.0252685546875,738.3452758789062,2959.857666015625,7145.37646484375,756.6918334960938,2344.980712890625,721.6318359375,904.0758056640625,7316.6953125,295.3923034667969,937.385009765625,112.43608856201172,108.65971374511719,110.33150482177734,113.4820327758789,844.2009887695312,1241.43212890625,108.36573791503906,901.4381713867188,868.4060668945312
2021-11-01,1149.4151611328125,3025.738525390625,751.117919921875,1493.8193359375,773.2796020507812,2220.712646484375,178.61944580078125,471.7351379394531,687.7138671875,413.06439208984375,1706.3016357421875,748.6443481445312,2980.576171875,7272.52978515625,772.6822509765625,2367.363037109375,722.97265625,901.194580078125,7449.93017578125,299.3659362792969,974.6343383789062,113.83466339111328,110.2451400756836,113.36643981933594,117.70329284667969,830.9305419921875,1278.6455078125,112.51718139648438,928.9598999023438,872.43603515625
2021-11-02,1132.6571044921875,3032.527099609375,751.7963256835938,1491.93017578125,770.4419555664062,2231.598876953125,177.63522338867188,477.2236633300781,689.1134033203125,413.0942687988281,1725.594970703125,752.1270751953125,2962.9609375,7440.79345703125,776.1088256835938,2414.241455078125,727.0096435546875,893.3125610351562,7390.76318359375,298.6122741699219,959.4315795898438,115.82654571533203,108.92396545410156,113.21841430664062,113.28369903564453,822.4814453125,1264.6046142578125,111.49581909179688,918.2510375976562,866.8228759765625
2021-11-03,1124.8670654296875,3039.53369140625,739.9584350585938,1495.97216796875,756.0133056640625,2224.63330078125,175.1549530029297,482.6664123535156,674.780029296875,405.31634521484375,1795.781982421875,746.9028930664062,3027.2158203125,7385.8828125,749.9815063476562,2378.823974609375,732.948486328125,891.5615844726562,7557.96484375,298.0185241699219,964.10302734375,115.91131591796875,108.01380920410156,112.51519775390625,114.35301971435547,810.5475463867188,1271.3492431640625,111.85820770263672,923.1943969726562,875.6983642578125
2021-11-04,1131.77392578125,3053.8076171875,745.8071899414062,1501.4200439453125,752.3099365234375,2235.243408203125,178.3832550048828,485.22772216796875,676.71044921875,409.1853942871094,1814.26708984375,749.241455078125,3016.331787109375,7398.4404296875,757.1199951171875,2392.40087890625,733.8114013671875,898.798828125,7551.20947265625,298.56658935546875,969.6353149414062,116.25035095214844,108.65971374511719,112.55219268798828,114.340087890625,833.3173217773438,1277.5423583984375,112.4842529296875,922.1302490234375,873.8273315429688
2021-11-08,1133.177978515625,3048.67236328125,748.7549438476562,1526.7264404296875,750.4342041015625,2243.592041015625,180.9422607421875,478.6415100097656,684.3356323242188,421.48883056640625,1829.093505859375,747.3507690429688,2996.043212890625,7338.46923828125,761.4508666992188,2495.70166015625,748.2972412109375,906.412109375,7870.52294921875,300.69036865234375,969.4300537109375,118.92035675048828,111.06722259521484,114.66188049316406,115.83627319335938,820.5720825195312,1320.258544921875,113.14317321777344,926.5028686523438,876.7058715820312
2021-11-09,1142.123291015625,3051.239990234375,735.6537475585938,1531.119873046875,756.5904541015625,2242.89990234375,180.1155242919922,484.0385437011719,688.3894653320312,417.18218994140625,1847.1986083984375,741.3802490234375,3002.86962890625,7236.24072265625,762.7356567382812,2471.450439453125,738.9213256835938,901.2493286132812,7824.48193359375,300.7361145019531,961.1937866210938,117.39464569091797,109.54051971435547,115.957275390625,115.20675659179688,851.7432861328125,1322.8037109375,112.35244750976562,927.1992797851562,877.1376953125
2021-11-10,1154.8953857421875,3032.614013671875,727.6995239257812,1529.054931640625,751.1555786132812,2214.30029296875,181.76902770996094,479.6934814453125,709.8655395507812,412.9748840332031,1853.4237060546875,745.6591186523438,2967.686767578125,7173.30859375,772.0159301757812,2444.3955078125,739.306396484375,901.8275146484375,7767.75732421875,298.064208984375,958.2022094726562,116.46224975585938,108.2780532836914,116.7345199584961,111.98153686523438,877.9977416992188,1329.081787109375,109.84838104248047,934.35791015625,875.5065307617188
2021-11-11,1157.00146484375,3036.008544921875,724.4475708007812,1523.03564453125,742.0656127929688,2192.205078125,181.09974670410156,466.1551818847656,703.2537841796875,408.6085510253906,1835.8887939453125,734.4147338867188,2924.9130859375,7117.73095703125,756.549072265625,2487.19140625,726.7513427734375,897.12158203125,7713.9560546875,293.13153076171875,951.2767944335938,115.82654571533203,106.95687103271484,113.62552642822266,112.07208251953125,882.86669921875,1291.2015380859375,110.04610443115234,931.5718994140625,868.26220703125
2021-11-12,1174.46142578125,3068.95166015625,726.646728515625,1564.246337890625,747.0194091796875,2218.72900390625,183.3831787109375,467.7559814453125,717.635498046875,412.7064208984375,1862.7376708984375,732.424560546875,2981.626220703125,7142.94140625,767.6376342773438,2498.407470703125,739.0772094726562,910.8466796875,7742.7978515625,301.46685791015625,960.8248291015625,115.65702819824219,106.86880493164062,114.47679901123047,111.00707244873047,895.32568359375,1344.6923828125,110.01314544677734,937.0471801757812,878.8648071289062
2021-11-15,1167.5318603515625,3092.66943359375,728.63525390625,1570.353271484375,743.8450927734375,2236.995849609375,187.47763061523438,463.36517333984375,711.8923950195312,417.2019958496094,1850.4775390625,729.6384887695312,3025.3544921875,7165.14453125,771.6353149414062,2498.30859375,734.7037353515625,926.7465209960938,7714.10009765625,300.94158935546875,959.5952758789062,116.25035095214844,110.56810760498047,116.80853271484375,107.40241241455078,886.3514404296875,1339.7293701171875,105.26863861083984,942.9288330078125,900.1659545898438
2021-11-16,1140.4022216796875,3095.36669921875,724.3072509765625,1574.878662109375,734.9474487304688,2220.297119140625,185.39105224609375,452.8913879394531,704.8946533203125,414.32763671875,1858.318359375,722.5734252929688,3009.123291015625,7687.7451171875,759.9754638671875,2490.78271484375,736.79541015625,926.0564575195312,7552.7421875,302.1063232421875,953.4896850585938,113.83466339111328,110.15705871582031,116.32736206054688,105.96659088134766,916.806640625,1357.333251953125,104.80736541748047,932.0845947265625,884.429931640625
2021-11-17,1115.98974609375,3065.33935546875,716.2593383789062,1570.616943359375,732.3020629882812,2205.997314453125,188.57994079589844,455.68133544921875,695.0012817382812,408.40960693359375,1856.0372314453125,708.8413696289062,3084.119873046875,7902.03759765625,753.2177124023438,2458.90673828125,741.861328125,926.7678833007812,7529.076171875,302.26617431640625,944.5152587890625,115.65702819824219,112.1828842163086,116.51244354248047,105.21202087402344,911.2215576171875,1373.0709228515625,102.86344909667969,922.5462646484375,868.6939086914062
2021-11-18,1120.2017822265625,3025.129150390625,720.2833251953125,1563.54345703125,733.84130859375,2213.608642578125,187.00515747070312,460.849609375,689.49951171875,402.71051025390625,1802.909912109375,702.8709106445312,3080.873779296875,7751.53564453125,752.5514526367188,2438.099365234375,729.896240234375,923.3634033203125,7442.83984375,297.5389404296875,918.083984375,114.68226623535156,113.0343017578125,114.21771240234375,102.32743835449219,881.8641967773438,1330.0576171875,101.0842514038086,903.8082275390625,856.1722412109375
2021-11-22,1070.584716796875,3010.071533203125,709.0303344726562,1545.9698486328125,723.3564453125,2203.598876953125,181.8083953857422,444.9330139160156,716.2841796875,388.9847717285156,1772.0218505859375,683.0192260742188,3113.717529296875,7510.169921875,733.6102905273438,2352.605224609375,688.2913818359375,903.847412109375,7333.70361328125,294.1591491699219,909.8064575195312,110.31705474853516,114.03252410888672,112.49064636230469,100.46905517578125,860.0491333007812,1307.61767578125,99.20622253417969,891.454833984375,859.1468505859375
2021-11-23,1080.5941162109375,3015.162841796875,709.1239624023438,1526.19921875,723.2120971679688,2208.811279296875,182.3595733642578,451.01611328125,732.499755859375,394.4451904296875,1792.7879638671875,682.2728881835938,3041.442138671875,7500.23876953125,747.3640747070312,2349.0634765625,693.7521362304688,912.7071533203125,7337.68017578125,293.5882263183594,911.8555297851562,113.15656280517578,118.52452087402344,112.60577392578125,102.79742431640625,860.5265502929688,1323.9490966796875,102.9293441772461,896.166015625,873.7313232421875
2021-11-24,1064.9912109375,2996.9287109375,710.2936401367188,1490.2607421875,731.244140625,2190.86767578125,179.28875732421875,451.10760498046875,732.499755859375,400.114501953125,1770.12109375,681.7753295898438,3014.18359375,7324.00146484375,741.4152221679688,2337.4052734375,699.8956298828125,908.2035522460938,7260.40283203125,290.71075439453125,917.469482421875,114.72467041015625,119.37599182128906,117.78702545166016,101.6289291381836,852.7456665039062,1304.9029541015625,104.8403091430664,889.607177734375,857.2757568359375
2021-11-25,1129.1016845703125,2999.192138671875,713.989990234375,1513.4578857421875,722.4425659179688,2167.1572265625,182.12335205078125,448.729248046875,738.5323486328125,404.82904052734375,1758.14599609375,676.5512084960938,3002.01025390625,7231.41796875,745.1749267578125,2359.000244140625,694.8736572265625,912.5407104492188,7290.5849609375,290.8021240234375,921.854248046875,114.59750366210938,119.93379974365234,119.0535659790039,101.21067810058594,850.8362426757812,1322.9312744140625,104.47786712646484,888.3592529296875,863.5125732421875
2021-11-26,1092.709716796875,3000.01904296875,697.122314453125,1486.4383544921875,694.6914672851562,2154.287841796875,176.37538146972656,430.3885498046875,713.0506591796875,390.7452697753906,1689.9549560546875,658.4906005859375,3000.912353515625,6847.52490234375,730.3265380859375,2255.207275390625,663.7907104492188,914.6438598632812,7085.48681640625,283.8369445800781,909.765380859375,109.21515655517578,118.61261749267578,112.91282653808594,95.92011260986328,815.0823974609375,1295.8253173828125,102.73164367675781,919.1798095703125,927.56005859375
2021-11-29,1105.7991943359375,3048.019287109375,702.432861328125,1490.5682373046875,691.0362548828125,2149.02880859375,174.40692138671875,425.4489440917969,713.6297607421875,401.7456970214844,1679.595458984375,647.8930053710938,3002.05810546875,6827.47119140625,714.859619140625,2286.5908203125,673.4154663085938,904.087646484375,7079.25927734375,288.01605224609375,928.6976318359375,107.22325897216797,117.58504486083984,110.61005401611328,96.13138580322266,812.2659912109375,1303.6729736328125,101.64435577392578,908.8676147460938,925.9287719726562
2021-11-30,1089.44873046875,3071.6494140625,698.830078125,1504.890869140625,687.1404418945312,2138.096435546875,174.13133239746094,421.286865234375,702.9158935546875,390.267822265625,1677.219482421875,652.420654296875,3001.437255859375,6749.45068359375,717.2866821289062,2337.06103515625,682.3379516601562,911.327392578125,7122.85595703125,291.05340576171875,933.2054443359375,107.85897827148438,121.4017562866211,109.07485961914062,92.37582397460938,797.6589965820312,1307.744873046875,100.16171264648438,904.659423828125,931.9737548828125
2021-12-01,1117.3485107421875,3113.9931640625,704.0237426757812,1506.867919921875,699.9820556640625,2163.28271484375,174.7218780517578,434.77935791015625,697.1246948242188,388.5670166015625,1697.41552734375,676.252685546875,2996.186279296875,6945.64697265625,709.4342651367188,2322.008544921875,686.3800659179688,922.9970092773438,7016.35498046875,289.934326171875,947.9984130859375,108.24040222167969,121.66600036621094,109.19001007080078,93.3545913696289,796.895263671875,1346.89794921875,102.5009994506836,891.2129516601562,890.5707397460938
2021-12-02,1124.5272216796875,3170.653564453125,713.8965454101562,1536.1722412109375,694.8839111328125,2198.755126953125,177.51712036132812,436.33447265625,707.0663452148438,390.73529052734375,1700.4566650390625,672.7698974609375,3036.716064453125,6995.01904296875,729.3272094726562,2347.883056640625,700.2076416015625,928.0121459960938,7016.9296875,295.4151306152344,970.9465942382812,109.08800506591797,125.9524917602539,110.53325653076172,95.92874145507812,811.0725708007812,1382.5726318359375,104.97212982177734,902.125,883.9501953125
2021-12-03,1090.739501953125,3168.52099609375,708.1881713867188,1525.0128173828125,689.0162353515625,2162.17529296875,174.52500915527344,432.8126525878906,693.3603515625,380.7791442871094,1711.9091796875,669.6852416992188,2969.739501953125,6884.0048828125,715.573486328125,2330.912109375,689.3591918945312,919.3593139648438,7025.79296875,292.6518859863281,960.0462036132812,107.6470718383789,121.02006530761719,111.99170684814453,96.41165161132812,799.0433349609375,1351.73388671875,105.26863861083984,889.3072509765625,875.1226196289062
2021-12-06,1070.06396484375,3077.96044921875,703.6260986328125,1489.6456298828125,682.5233154296875,2127.902099609375,171.5723114013672,425.63189697265625,673.3321533203125,375.01043701171875,1694.2314453125,659.833984375,2900.853515625,6725.625,701.62939453125,2287.673583984375,677.901123046875,904.8536987304688,6912.87158203125,285.22998046875,931.4838256835938,105.40088653564453,118.61261749267578,110.03434753417969,95.6182861328125,784.9136352539062,1316.4833984375,103.73237609863281,870.3853149414062,858.7150268554688
2021-12-07,1078.7825927734375,3119.824462890625,713.8729858398438,1504.01220703125,706.6673583984375,2141.8330078125,173.73765563964844,436.0600280761719,674.5386962890625,385.344482421875,1708.9151611328125,683.6162719726562,2893.262939453125,6862.900390625,707.8638305664062,2342.029296875,692.6649780273438,920.4489135742188,6994.125,288.83819580078125,942.2206420898438,106.2485122680664,120.84394836425781,111.99170684814453,99.06771850585938,788.5415649414062,1337.6083984375,105.19879913330078,874.641845703125,853.2457885742188
2021-12-08,1095.2008056640625,3156.727783203125,727.02099609375,1540.653564453125,724.7030639648438,2159.361572265625,177.12342834472656,449.64398193359375,690.271728515625,382.0224304199219,1734.5286865234375,693.6664428710938,2967.87744140625,7100.01611328125,721.0462646484375,2366.625,717.8579711914062,926.8655395507812,7113.46533203125,293.0857849121094,960.210205078125,107.85897827148438,120.25674438476562,113.91067504882812,101.15463256835938,802.6712646484375,1361.490234375,105.3733901977539,884.315673828125,861.5935668945312
2021-12-09,1112.5703125,3134.83837890625,714.4111328125,1549.5283203125,726.2421264648438,2158.577392578125,185.35165405273438,446.9912109375,689.1134033203125,381.2068176269531,1786.5631103515625,690.5320434570312,3034.901611328125,7087.45849609375,723.1402587890625,2334.748779296875,725.5421752929688,917.6177978515625,7122.9521484375,293.77093505859375,957.71044921875,106.84183502197266,119.31724548339844,113.10472869873047,101.48663330078125,812.5523681640625,1366.919921875,106.59539794921875,888.8718872070312,858.2833251953125
2021-12-10,1113.702392578125,3165.3447265625,712.399169921875,1545.8377685546875,729.1278686523438,2152.165771484375,185.90281677246094,452.5254821777344,685.9765014648438,377.3079528808594,1780.48046875,684.6610107421875,3134.626708984375,7091.18310546875,724.6632690429688,2301.496337890625,726.7318725585938,916.927734375,7129.27587890625,291.51007080078125,952.5059814453125,106.92660522460938,118.9942855834961,113.25823974609375,101.75827026367188,820.762939453125,1359.6663818359375,105.65269470214844,888.6881713867188,857.70751953125
2021-12-13,1091.37353515625,3141.714111328125,707.0651245117188,1533.009033203125,725.2802124023438,2125.918701171875,184.72174072265625,446.21368408203125,678.640869140625,372.6033935546875,1769.170654296875,700.532470703125,3131.475830078125,7177.84521484375,725.8530883789062,2312.46533203125,703.9376831054688,903.2120971679688,7104.36376953125,294.7757263183594,949.96533203125,106.62992095947266,120.02188873291016,112.03008270263672,100.49061584472656,804.9147338867188,1389.7840576171875,104.04662322998047,889.94580078125,855.2128295898438
2021-12-14,1078.012451171875,3154.030029296875,702.9945068359375,1539.5989990234375,729.753173828125,2138.788330078125,179.99740600585938,446.8997497558594,667.5408325195312,366.0986022949219,1773.162353515625,707.3985595703125,3148.32763671875,7155.642578125,719.61865234375,2316.7451171875,689.032470703125,915.4313354492188,7077.486328125,295.4608154296875,952.6292724609375,107.09611511230469,124.63133239746094,112.75928497314453,100.65446472167969,798.9478149414062,1393.6439208984375,103.97677612304688,898.9906616210938,859.3386840820312
2021-12-15,1074.86474609375,3107.508544921875,701.84814453125,1523.8265380859375,723.5969848632812,2141.2333984375,176.4147491455078,443.4694519042969,661.6048583984375,371.4696044921875,1787.5135498046875,708.9906616210938,3152.575927734375,7227.07373046875,737.7506103515625,2285.557861328125,667.7107543945312,913.732666015625,7063.06591796875,290.6651306152344,941.6057739257812,107.39277648925781,123.22205352783203,110.4948959350586,99.52045440673828,807.8743286132812,1392.7109375,103.41814422607422,890.0424194335938,859.4346923828125
2021-12-16,1088.769287109375,3117.300537109375,701.8948974609375,1556.6898193359375,712.9197387695312,2130.669677734375,175.50927734375,440.130615234375,657.6957397460938,370.146728515625,1780.95556640625,706.1546630859375,3149.3779296875,7115.19970703125,727.6139526367188,2319.1064453125,685.4195556640625,916.3043823242188,7103.6923828125,294.2732849121094,950.4982299804688,107.98612213134766,122.25320434570312,111.56953430175781,99.44715881347656,814.6527709960938,1402.0855712890625,104.57032012939453,889.4716796875,845.329833984375
2021-12-17,1060.03173828125,3119.69384765625,689.23828125,1599.965087890625,700.5591430664062,2057.556396484375,171.6116943359375,427.9187316894531,642.8797607421875,356.82879638671875,1755.4847412109375,685.5068969726562,3096.961669921875,6967.94580078125,731.89697265625,2243.49951171875,672.9619140625,907.8585205078125,7030.48779296875,306.376708984375,960.0462036132812,106.41802978515625,123.28077697753906,107.00234985351562,97.6275863647461,796.7996826171875,1393.7713623046875,102.26594543457031,874.1098022460938,825.3720092773438
2021-12-20,1031.4527587890625,3095.802734375,667.0598754882812,1580.6778564453125,682.9080810546875,2093.398193359375,167.24168395996094,410.90447998046875,635.35107421875,346.6239929199219,1710.103271484375,671.0285034179688,3092.90380859375,6958.39599609375,727.1380004882812,2203.114501953125,646.9302368164062,898.418212890625,6861.36962890625,304.1615905761719,950.6212768554688,103.19709014892578,123.22205352783203,102.85736083984375,92.5267333984375,777.4191284179688,1355.763671875,98.2507095336914,882.380859375,857.6116333007812
2021-12-21,1046.806396484375,3140.539306640625,674.6163940429688,1591.83740234375,692.9119873046875,2096.858154296875,167.3204345703125,407.97723388671875,643.7966918945312,345.4404602050781,1736.904541015625,662.5703735351562,3123.361083984375,6985.65966796875,741.0345458984375,2250.632568359375,641.4109497070312,914.5607299804688,7020.90625,315.51141357421875,987.583984375,103.57852172851562,121.31369018554688,104.43092346191406,95.29920959472656,775.4142456054688,1385.372314453125,101.00900268554688,894.028076171875,850.8470458984375
2021-12-22,1071.6490478515625,3160.07861328125,676.2072143554688,1603.34814453125,704.8877563476562,2101.285888671875,166.92672729492188,416.987548828125,660.9292602539062,350.5826416015625,1778.1993408203125,666.0531616210938,3131.715576171875,7089.3681640625,759.0712280273438,2262.537109375,660.2947387695312,913.1378784179688,7068.71923828125,313.15924072265625,1002.1721801757812,103.87519073486328,122.49888610839844,105.00662994384766,97.3473129272461,781.619873046875,1408.109130859375,101.49781036376953,899.3679809570312,853.6776733398438
2021-12-23,1071.26416015625,3187.886962890625,675.6925048828125,1632.2569580078125,703.4448852539062,2122.505126953125,171.0998992919922,422.43023681640625,655.137939453125,353.2084045410156,1785.2799072265625,675.4566040039062,3120.066650390625,7054.4169921875,754.2647705078125,2292.19873046875,674.5856323242188,913.9920043945312,7033.6015625,317.2241516113281,1005.9832763671875,105.5704116821289,126.63179779052734,107.8467025756836,97.24383544921875,789.4006958007812,1428.5128173828125,103.13883209228516,908.3258666992188,872.9158325195312
2021-12-24,1074.6837158203125,3195.02392578125,673.259521484375,1637.44140625,699.4048461914062,2119.091796875,171.6510772705078,417.9937438964844,653.4970703125,347.79766845703125,1767.1748046875,664.2122192382812,3136.2021484375,6987.5224609375,747.554443359375,2281.91796875,668.1740112304688,914.7366943359375,6922.64501953125,319.00543212890625,1036.9219970703125,102.77327728271484,124.83885955810547,106.3115463256836,96.19175720214844,775.8438720703125,1462.4481201171875,101.88187408447266,897.462158203125,871.5245361328125
2021-12-27,1073.5286865234375,3216.95751953125,678.8275146484375,1639.77001953125,707.9658813476562,2123.197265625,171.29672241210938,418.9999694824219,652.2422485351562,352.7806701660156,1773.6375732421875,668.8394775390625,3124.363037109375,6961.1650390625,755.8350830078125,2293.576416015625,671.95263671875,918.4552612304688,6942.04736328125,319.53070068359375,1038.5611572265625,103.28185272216797,125.26428985595703,105.42878723144531,96.73934936523438,781.4766845703125,1514.36962890625,101.98661041259766,916.4710693359375,892.5858154296875
2021-12-28,1086.2783203125,3226.052490234375,683.5064697265625,1658.9693603515625,707.7733764648438,2130.301025390625,173.2652130126953,421.8814697265625,656.3927001953125,353.06915283203125,1805.2857666015625,672.1231689453125,3215.829345703125,6968.75732421875,775.8231811523438,2341.341064453125,673.5032348632812,920.96044921875,7096.3623046875,322.2025451660156,1052.2479248046875,105.18899536132812,124.96038818359375,107.07910919189453,97.22659301757812,800.714111328125,1532.270263671875,103.94185638427734,917.80615234375,895.5123291015625
2021-12-29,1088.1353759765625,3215.738525390625,680.2545166015625,1656.816650390625,707.6773071289062,2128.22509765625,170.6668243408203,415.6611633300781,653.3040771484375,350.9406433105469,1800.866455078125,667.1974487304688,3215.11328125,7018.98779296875,798.38134765625,2363.27978515625,673.9907836914062,923.0849609375,7110.59130859375,321.4032897949219,1058.8046875,104.38375091552734,124.35261535644531,106.6185531616211,96.2607421875,794.9857788085938,1515.9390869140625,102.47545623779297,935.0931396484375,897.6712036132812
2021-12-30,1068.4786376953125,3249.726318359375,683.833984375,1663.23095703125,707.6773071289062,2145.5234375,170.07627868652344,413.1913146972656,655.7169799804688,349.1602783203125,1792.1702880859375,665.5556030273438,3213.4423828125,6954.24169921875,794.2409057617188,2397.861083984375,670.0364990234375,923.413330078125,7087.8349609375,326.1532897949219,1079.4171142578125,107.56231689453125,124.80844116210938,107.8467025756836,94.94564819335938,791.7398071289062,1527.052978515625,102.09139251708984,948.9362182617188,914.1747436523438
2021-12-31,1072.5777587890625,3253.73046875,692.20947265625,1658.7498779296875,711.9578857421875,2177.3974609375,171.69044494628906,421.19537353515625,660.0123291015625,357.2862854003906,1801.8643798828125,675.2078247070312,3229.912109375,7091.94677734375,804.94873046875,2481.583984375,680.3926391601562,937.6475830078125,7273.57763671875,326.72418212890625,1081.096923828125,105.44327545166016,124.23106384277344,109.30514526367188,95.84680938720703,799.2343139648438,1519.078125,101.98661041259766,949.3812866210938,905.8749389648438
2022-01-03,1088.74658203125,3322.836669921875,711.0422973632812,1668.151611328125,735.57275390625,2178.459228515625,172.5172119140625,430.6629943847656,667.2513427734375,362.9258117675781,1827.4776611328125,692.9201049804688,3267.57763671875,7185.00732421875,808.0421142578125,2483.010498046875,704.0206298828125,936.3272094726562,7400.87158203125,328.2542419433594,1086.8748779296875,106.7994613647461,124.59573364257812,109.8040542602539,98.52012634277344,792.2171020507812,1514.199951171875,108.4458999633789,938.962646484375,892.8256225585938
2022-01-04,1113.3175048828125,3381.15185546875,715.2066650390625,1668.7667236328125,743.4122314453125,2215.3154296875,173.4226837158203,442.2802734375,673.1874389648438,368.5254821777344,1841.4486083984375,705.6571655273438,3302.80859375,7286.423828125,797.3341674804688,2541.203369140625,716.053955078125,946.3718872070312,7330.39794921875,329.5331115722656,1092.857666015625,112.64798736572266,127.99934387207031,113.45012664794922,99.06771850585938,794.17431640625,1518.44189453125,106.8398208618164,935.5380859375,886.8286743164062
2022-01-05,1118.5260009765625,3360.436767578125,732.1912841796875,1620.878173828125,758.0332641601562,2228.739013671875,173.65890502929688,450.4215393066406,675.648681640625,382.3606262207031,1851.9505615234375,723.3197021484375,3367.2548828125,7425.13232421875,794.8594970703125,2534.464111328125,748.0193481445312,948.5939331054688,7339.21240234375,325.87921142578125,1074.2535400390625,111.8851547241211,126.81413269042969,115.4074935913086,101.55132293701172,801.4778442382812,1474.113525390625,107.32860565185547,926.822021484375,890.9545288085938
2022-01-06,1094.4761962890625,3313.87255859375,720.4471435546875,1597.2852783203125,755.1475830078125,2206.22802734375,172.20225524902344,449.7812194824219,685.6869506835938,376.3431701660156,1829.0458984375,726.7030029296875,3355.654052734375,7527.07373046875,789.6245727539062,2553.89453125,755.572021484375,934.8807373046875,7146.61865234375,322.339599609375,1053.0675048828125,110.95276641845703,125.17310333251953,115.75289154052734,100.31382751464844,801.81201171875,1435.554443359375,107.99201202392578,916.9645385742188,884.6697998046875
2022-01-07,1103.30810546875,3353.95263671875,725.5003662109375,1594.2098388671875,763.0352172851562,2229.0615234375,171.9660186767578,449.36956787109375,680.1852416992188,378.7999267578125,1810.4180908203125,727.0015258789062,3414.51513671875,7549.89697265625,789.005859375,2531.070068359375,746.90283203125,947.0286254882812,7241.8623046875,324.9657897949219,1057.698486328125,111.3342056274414,124.71726989746094,120.55033874511719,100.06375122070312,791.4533081054688,1445.5228271484375,109.59809875488281,910.9570922851562,877.7133178710938
2022-01-10,1104.2138671875,3376.886962890625,729.5242919921875,1626.238037109375,779.86865234375,2220.666259765625,175.82423400878906,460.7124328613281,680.426513671875,387.4927978515625,1856.227294921875,739.141357421875,3392.74658203125,7759.60595703125,786.8643188476562,2614.498046875,753.9191284179688,937.757080078125,7267.92431640625,316.7445983886719,1055.6905517578125,111.75800323486328,123.98794555664062,121.54821014404297,100.81400299072266,803.8168334960938,1455.8309326171875,112.21672058105469,909.1480712890625,879.1046752929688
2022-01-11,1112.16259765625,3408.263427734375,732.6826782226562,1630.5,779.7724609375,2217.529541015625,174.76126098632812,462.8163757324219,678.9786987304688,385.2747802734375,1863.8779296875,739.5891723632812,3378.6640625,7777.03369140625,792.2896118164062,2610.4150390625,747.9267578125,940.3241577148438,7288.189453125,317.0414733886719,1101.217529296875,112.13943481445312,123.89678192138672,123.54396057128906,97.46804809570312,803.2918090820312,1473.7742919921875,110.71534729003906,903.382568359375,878.8648071289062
2022-01-12,1141.851318359375,3359.522705078125,728.3545532226562,1649.69921875,792.37353515625,2226.293701171875,175.3911590576172,466.7497863769531,704.7981567382812,389.2135314941406,1876.28076171875,743.17138671875,3383.485595703125,7802.7216796875,795.906494140625,2570.668701171875,758.1317749023438,937.7142944335938,7338.3984375,315.7626037597656,1108.183837890625,113.45323181152344,124.56532287597656,126.61431884765625,98.92974090576172,840.6686401367188,1468.090087890625,111.27401733398438,908.0549926757812,869.509521484375
2022-01-13,1148.28271484375,3392.596435546875,714.9491577148438,1666.7017822265625,793.2872924804688,2227.262451171875,176.33602905273438,467.7559814453125,706.3424682617188,383.1960754394531,1918.28857421875,737.0517578125,3299.89599609375,7713.2421875,823.794677734375,2576.86669921875,761.4326782226562,938.0615844726562,7288.6689453125,296.76251220703125,1093.513671875,114.38561248779297,126.41908264160156,125.84674072265625,105.30687713623047,855.4187622070312,1458.2064208984375,115.04484558105469,914.3526000976562,886.6367797851562
2022-01-14,1149.95849609375,3453.740478515625,722.9737548828125,1695.3033447265625,788.7662353515625,2180.6728515625,175.2730712890625,465.0117492675781,695.5321044921875,385.5533447265625,1943.3316650390625,718.1453247070312,3212.200927734375,7720.0703125,818.3216552734375,2550.7958984375,763.75830078125,923.1087646484375,7340.1708984375,292.218017578125,1095.93115234375,114.72467041015625,126.2671127319336,123.62071228027344,104.65580749511719,841.2891845703125,1474.283203125,115.04484558105469,907.242431640625,884.1900634765625
2022-01-17,1155.959716796875,3498.128662109375,711.907958984375,1704.2220458984375,788.0929565429688,2204.521484375,176.8478546142578,470.18011474609375,703.2537841796875,385.4041442871094,1966.7587890625,709.1400146484375,3225.806396484375,7893.20361328125,812.0872802734375,2555.517822265625,765.7476806640625,919.9230346679688,7540.95751953125,295.3466491699219,1031.6358642578125,115.78417205810547,125.41622161865234,127.3051986694336,106.04850769042969,860.0015258789062,1461.2606201171875,114.31161499023438,903.9920043945312,873.3475341796875
2022-01-18,1142.16845703125,3473.2802734375,715.5341186523438,1687.7464599609375,791.7481689453125,2186.02392578125,173.81639099121094,463.5939025878906,689.49951171875,386.3390808105469,1921.89990234375,721.6281127929688,3221.080810546875,7558.634765625,805.9005126953125,2558.518798828125,755.1575317382812,922.1309204101562,7239.8974609375,289.2492370605469,999.6724853515625,114.42799377441406,124.68688201904297,125.76997375488281,103.03887939453125,851.7432861328125,1408.9573974609375,112.28655242919922,908.083984375,865.62353515625
2022-01-19,1142.0777587890625,3413.1630859375,710.4807739257812,1640.5609130859375,777.8004760742188,2131.03857421875,173.50143432617188,471.82659912109375,679.2200317382812,379.0783996582031,1920.664794921875,726.00634765625,3132.00146484375,7654.65576171875,798.0955810546875,2547.007568359375,738.3654174804688,901.0709838867188,7123.47900390625,283.699951171875,982.8302612304688,114.25846862792969,124.38299560546875,130.68258666992188,104.31085205078125,853.8912963867188,1416.8897705078125,114.4512710571289,906.4200439453125,859.3866577148438
2022-01-20,1122.0814208984375,3336.34814453125,706.0591430664062,1602.469482421875,779.3876953125,2086.66357421875,172.2416229248047,467.8017272949219,690.5130615234375,376.482421875,1904.1275634765625,725.3098754882812,3156.82470703125,7674.37548828125,780.4871215820312,2522.80615234375,734.3136596679688,891.4163818359375,7153.2783203125,280.9823913574219,971.3836059570312,114.34321594238281,130.4608612060547,128.07278442382812,104.06077575683594,840.620849609375,1414.1749267578125,115.25432586669922,888.3495483398438,846.6251831054688
2022-01-21,1122.2626953125,3342.408203125,711.9547729492188,1569.0792236328125,773.8567504882812,2145.338623046875,170.90304565429688,459.8434753417969,671.06396484375,376.711181640625,1859.0311279296875,708.9906616210938,3126.702392578125,7820.72265625,769.779296875,2487.240966796875,719.0524291992188,902.8433837890625,7049.9384765625,276.7964782714844,965.267822265625,113.6651382446289,130.73434448242188,125.616455078125,100.87004852294922,835.5609130859375,1351.946044921875,110.85502624511719,869.8920288085938,832.3284301757812
2022-01-24,1076.99365234375,3288.220458984375,695.6016235351562,1526.111328125,768.0372314453125,2107.697998046875,166.76922607421875,452.0223388671875,665.900146484375,364.2088623046875,1805.666015625,701.1295776367188,3012.417236328125,7689.60693359375,762.2598266601562,2364.165283203125,675.9507446289062,890.638427734375,6856.72216796875,262.01995849609375,929.6888427734375,112.39372253417969,130.06576538085938,127.19001770019531,94.7904281616211,815.9893798828125,1283.7357177734375,109.14421081542969,844.3920288085938,855.9804077148438
2022-01-25,1074.8875732421875,3286.9560546875,696.2567138671875,1513.238525390625,771.115234375,2147.045166015625,168.7377166748047,470.77471923828125,687.0864868164062,368.9332275390625,1829.806396484375,748.4951171875,3004.7314453125,8215.1201171875,769.1129760742188,2338.044677734375,679.0712280273438,894.1118774414062,6801.4833984375,257.4223327636719,928.6968383789062,114.68226623535156,133.01353454589844,126.767822265625,95.64415740966797,815.7984008789062,1273.0882568359375,112.53095245361328,851.8408203125,868.9818725585938
2022-01-27,1058.96728515625,3181.76171875,690.127197265625,1474.9713134765625,764.3818969726562,2117.615234375,168.97396850585938,483.85552978515625,682.6465454101562,375.8160400390625,1816.0728759765625,770.0384521484375,2975.945068359375,8422.9189453125,772.9677124023438,2272.670166015625,666.7112426757812,874.8267822265625,6803.73486328125,249.21060180664062,890.7208862304688,114.42799377441406,130.5823974609375,127.19001770019531,93.85476684570312,819.1876220703125,1226.4271240234375,112.11196899414062,823.4967651367188,890.0430908203125
2022-01-28,1057.9482421875,3217.335205078125,684.6527709960938,1481.6494140625,751.3961181640625,2106.729248046875,171.3361053466797,478.8244323730469,690.8990478515625,377.6163024902344,1803.432861328125,760.9335327148438,2970.12158203125,8165.79638671875,787.4829711914062,2278.130615234375,669.6610107421875,874.77685546875,6812.501953125,252.5959014892578,892.9523315429688,118.79318237304688,127.75619506835938,129.56956481933594,93.53568267822266,830.2622680664062,1196.7760009765625,112.88008117675781,816.193115234375,894.5047607421875
2022-01-31,1080.933837890625,3257.616943359375,695.1571044921875,1525.583984375,758.7546997070312,2097.687744140625,173.38330078125,492.4084167480469,703.9293823242188,369.4504699707031,1814.504638671875,769.2423706054688,3009.648681640625,8210.0595703125,794.2883911132812,2322.10693359375,682.630615234375,881.302734375,6914.595703125,261.9512939453125,908.6139526367188,120.40369415283203,130.9166717529297,132.4864501953125,93.61331176757812,845.6807861328125,1254.7633056640625,111.5882339477539,832.483642578125,906.738525390625
2022-02-01,1077.35595703125,3313.766357421875,700.4443359375,1557.085205078125,779.4357299804688,2127.11767578125,179.328125,486.9199523925781,697.8967895507812,374.4334716796875,1891.7723388671875,778.048828125,3051.658203125,8173.8662109375,848.7797241210938,2392.449951171875,684.0299682617188,888.447265625,7201.9052734375,263.80413818359375,936.2178955078125,119.64080810546875,129.42759704589844,131.21987915039062,100.66738891601562,830.31005859375,1277.4576416015625,113.85771179199219,833.7703857421875,908.0819702148438
2022-02-02,1079.5523681640625,3362.200439453125,716.446533203125,1570.3094482421875,782.7543334960938,2147.645263671875,182.79263305664062,493.7805480957031,699.8272705078125,386.4285888671875,1884.3592529296875,800.139404296875,3053.042236328125,8131.70458984375,847.7327270507812,2424.129150390625,706.7363891601562,880.3082885742188,7129.80322265625,268.9964904785156,967.7471313476562,119.64080810546875,130.06576538085938,131.48855590820312,100.68032836914062,829.975830078125,1258.1142578125,114.41636657714844,854.2593383789062,913.2632446289062
2022-02-03,1065.6025390625,3334.6484375,709.0303344726562,1527.6490478515625,778.1371459960938,2120.1982421875,184.6036376953125,494.05499267578125,696.545654296875,379.75469970703125,1837.7421875,795.6118774414062,3058.102783203125,8206.5732421875,840.9747924804688,2434.901611328125,693.3963012695312,871.074951171875,7066.8984375,264.5360412597656,956.0116577148438,119.20465087890625,128.42477416992188,128.57168579101562,100.60272216796875,817.4214477539062,1233.8082275390625,112.63571166992188,846.3848266601562,914.1747436523438
2022-02-04,1055.887451171875,3326.191162109375,713.0776977539062,1529.8896484375,774.3858032226562,2127.994384765625,184.48550415039062,485.0904541015625,695.14599609375,374.81146240234375,1851.332763671875,794.6167602539062,3090.230224609375,8165.4140625,850.873779296875,2431.1630859375,698.0525512695312,872.266845703125,7128.50927734375,261.5624694824219,961.838134765625,117.06742095947266,127.45231628417969,130.1836395263672,101.439208984375,803.5781860351562,1228.6329345703125,112.00721740722656,841.9929809570312,907.7940673828125
2022-02-07,1049.456298828125,3294.89013671875,686.945556640625,1506.9556884765625,756.4461669921875,2082.78857421875,181.2572021484375,487.7889709472656,681.9225463867188,363.7214660644531,1791.0299072265625,785.7108764648438,3031.0830078125,8128.267578125,844.30615234375,2370.2158203125,675.8386840820312,859.9476928710938,7156.96728515625,254.8146514892578,956.5074462890625,117.89614868164062,129.8530731201172,132.10264587402344,102.0169906616211,791.9307250976562,1225.3243408203125,112.39129638671875,833.721923828125,895.5123291015625
2022-02-08,1067.0972900390625,3263.894287109375,683.9977416992188,1508.976806640625,762.3137817382812,2089.016357421875,182.083984375,486.0509338378906,684.2391357421875,361.6029357910156,1782.5711669921875,794.6167602539062,3070.8486328125,8212.1123046875,851.0165405273438,2404.10791015625,687.9695434570312,860.6329345703125,7110.97509765625,256.30145263671875,960.3093872070312,117.76531219482422,127.66503143310547,128.14950561523438,105.17321014404297,794.3651733398438,1216.75537109375,111.69298553466797,836.1887817382812,909.6651000976562
2022-02-09,1079.5299072265625,3278.8037109375,700.72509765625,1526.550537109375,772.2214965820312,2101.285888671875,181.21783447265625,489.6184997558594,694.3255004882812,365.0244140625,1795.1165771484375,799.8907470703125,3082.305908203125,8546.34765625,850.3929443359375,2444.592529296875,694.049560546875,862.9121704101562,7190.2158203125,260.2815246582031,975.970458984375,117.80892944335938,127.23959350585938,125.84674072265625,105.41036224365234,802.1461791992188,1234.232421875,117.73329162597656,845.2433471679688,929.0472412109375
2022-02-10,1078.420166015625,3287.34814453125,713.5922241210938,1554.932373046875,774.8186645507812,2106.3603515625,182.8713836669922,494.4665832519531,698.862060546875,371.4297790527344,1806.71142578125,805.8113403320312,3092.2353515625,8408.8330078125,857.9236450195312,2451.528564453125,695.9658813476562,863.1405029296875,7161.9013671875,262.4316711425781,983.78076171875,119.03019714355469,128.880615234375,129.79983520507812,107.65250396728516,814.4141235351562,1245.8551025390625,117.34920501708984,845.6206665039062,935.5718994140625
2022-02-11,1076.314208984375,3221.607177734375,710.6680297851562,1512.535400390625,760.678466796875,2083.157470703125,183.02886962890625,484.4501037597656,690.271728515625,363.6816711425781,1778.4371337890625,799.8408813476562,3070.801025390625,8343.611328125,844.3012084960938,2402.730712890625,683.7373657226562,847.69287109375,7017.3125,256.8504333496094,961.7554931640625,119.64081573486328,126.29753112792969,129.0706329345703,108.17853546142578,814.9869384765625,1208.865478515625,116.26683807373047,836.856201171875,919.6920166015625
2022-02-14,1059.1712646484375,3255.43701171875,689.5423583984375,1478.134521484375,724.9916381835938,2055.988037109375,176.94305419921875,458.65423583984375,665.70703125,347.48931884765625,1709.770751953125,769.5408935546875,3001.24658203125,7989.5595703125,829.6714477539062,2359.19677734375,661.7330932617188,840.7957153320312,6792.6201171875,247.81532287597656,947.4989624023438,115.58446502685547,122.68121337890625,127.57383728027344,102.34899139404297,787.6823120117188,1179.384033203125,112.88008117675781,813.484375,916.23779296875
2022-02-15,1095.1329345703125,3328.7197265625,710.1766967773438,1527.3853759765625,746.4903564453125,2112.771728515625,179.805419921875,480.0593566894531,686.7969360351562,360.6679992675781,1782.9991455078125,793.0247192382812,3116.915771484375,8234.3154296875,841.1354370117188,2455.512451171875,696.4581909179688,865.3888549804688,6985.40576171875,257.71966552734375,965.763916015625,118.07063293457031,123.65365600585938,126.00022888183594,104.15132904052734,815.8938598632812,1221.37939453125,114.27669525146484,827.5984497070312,884.5258178710938
2022-02-16,1092.868408203125,3324.6220703125,709.217529296875,1523.03564453125,734.9474487304688,2109.450927734375,179.6038360595703,472.64990234375,696.6903686523438,364.039794921875,1768.4102783203125,793.1241455078125,3105.69775390625,8196.35546875,833.5089111328125,2447.78955078125,689.2957153320312,867.1351318359375,6878.6640625,257.97125244140625,965.14404296875,116.19509887695312,122.62297058105469,129.377685546875,102.7758560180664,825.1068115234375,1225.06982421875,114.41636657714844,835.1245727539062,895.3203125
2022-02-17,1106.704833984375,3299.423828125,704.889404296875,1515.5670166015625,721.7692260742188,2128.87060546875,179.52320861816406,469.2196044921875,692.0573120117188,361.5034484863281,1776.0135498046875,778.9443969726562,3118.109375,8167.22900390625,827.465087890625,2452.8564453125,690.646240234375,862.4815063476562,6751.2744140625,258.42877197265625,961.2181396484375,115.80255126953125,123.06024169921875,131.83395385742188,102.70256042480469,823.1973266601562,1228.08154296875,113.85771179199219,832.135498046875,890.618896484375
2022-02-18,1098.0543212890625,3307.88134765625,707.6265869140625,1499.8822021484375,720.3745727539062,2133.48388671875,178.91847229003906,471.3692321777344,687.7621459960938,363.34356689453125,1789.6993408203125,783.5217895507812,3111.044189453125,8183.12841796875,827.8009033203125,2448.675048828125,685.5413818359375,856.9286499023438,6627.33447265625,257.3079528808594,962.8298950195312,115.45362854003906,122.2481460571289,128.87872314453125,102.68963623046875,813.4116821289062,1219.9371337890625,116.82549285888672,836.033935546875,872.2920532226562
2022-02-21,1086.9576416015625,3242.92529296875,712.1885986328125,1520.7513427734375,725.7131958007812,2117.108154296875,175.77392578125,468.21337890625,685.2525634765625,363.4529724121094,1771.4991455078125,784.9644775390625,3104.552001953125,8224.765625,809.5257568359375,2414.63525390625,683.2255249023438,861.5345458984375,6528.49853515625,261.12786865234375,962.6231689453125,115.10466003417969,123.77859497070312,126.74562072753906,101.91781616210938,803.00537109375,1203.18115234375,116.03369140625,831.6033935546875,870.5170288085938
2022-02-22,1082.0208740234375,3126.962890625,706.8546142578125,1523.9586181640625,722.68310546875,2094.182373046875,173.23403930664062,455.9100036621094,674.9248046875,366.3671875,1752.96630859375,775.3123779296875,3081.159912109375,8234.41015625,811.3964233398438,2410.453857421875,683.7130737304688,861.7677001953125,6467.2705078125,258.08563232421875,950.0610961914062,115.23553466796875,123.77859497070312,127.94792175292969,98.19674682617188,814.6051025390625,1198.387939453125,115.09793853759766,816.1737670898438,876.4180297851562
2022-02-23,1075.249755859375,3107.2587890625,702.2692260742188,1531.4271240234375,716.2382202148438,2085.37158203125,174.1209716796875,456.1844787597656,679.8956909179688,375.18939208984375,1730.0142822265625,773.3719482421875,3090.755126953125,8307.0341796875,806.0721435546875,2455.31591796875,686.950439453125,852.9960327148438,6496.6396484375,259.43524169921875,952.9122314453125,113.57808685302734,123.71614074707031,124.6900863647461,98.22261047363281,811.7886352539062,1199.0242919921875,114.0902328491211,812.7782592773438,877.8572998046875
2022-02-24,1021.6696166992188,2965.88037109375,664.1354370117188,1474.576171875,680.4552612304688,2003.2633056640625,168.114013671875,432.3552551269531,647.5610961914062,357.03765869140625,1670.1864013671875,726.7030029296875,2930.212646484375,7840.34765625,784.9671020507812,2367.657958984375,646.3111572265625,844.3406982421875,6150.01806640625,245.7338104248047,907.9114379882812,108.51853942871094,119.37467956542969,121.5097885131836,92.61727905273438,759.7570190429688,1130.8988037109375,107.97180938720703,791.7958984375,859.5305786132812
2022-02-25,1034.44189453125,3069.723388671875,681.3073120117188,1489.0303955078125,702.2424926757812,2002.617431640625,172.50836181640625,441.77716064453125,664.6935424804688,369.3410339355469,1688.9093017578125,754.3162841796875,2978.093505859375,7979.7236328125,797.72607421875,2428.506591796875,679.6222534179688,842.9298095703125,6295.46923828125,254.0141143798828,933.6557006835938,113.70894622802734,123.24761962890625,123.72048950195312,98.77021026611328,771.0225830078125,1179.00244140625,117.65328979492188,808.067138671875,886.2530517578125
2022-02-28,1068.6824951171875,3098.888427734375,667.3406372070312,1507.48291015625,714.4107055664062,2003.9090576171875,174.0403289794922,442.005859375,662.6182861328125,366.5660705566406,1726.64013671875,738.7433471679688,3031.03515625,7939.6630859375,809.5737915039062,2505.34326171875,682.8305053710938,839.3159790039062,6293.2177734375,254.26573181152344,931.3828735351562,116.45679473876953,130.6499786376953,124.61251068115234,105.27238464355469,755.0311889648438,1196.224609375,122.04410552978516,786.1658325195312,887.5962524414062
2022-03-02,1086.34619140625,3091.869140625,643.0098876953125,1496.2357177734375,687.6214599609375,1982.6903076171875,173.59689331054688,433.8188781738281,650.79443359375,359.2557067871094,1695.9898681640625,746.5547485351562,2891.92626953125,7462.23193359375,787.50927734375,2550.697021484375,666.1797485351562,849.0916748046875,6131.716796875,253.99122619628906,921.9613037109375,114.23234558105469,131.74314880371094,126.39654541015625,111.18816375732422,743.097412109375,1182.947265625,133.0212860107422,745.4876708984375,885.7252807617188
2022-03-03,1077.1748046875,3090.34375,641.4891357421875,1512.0960693359375,671.7018432617188,1929.0889892578125,176.9027099609375,427.5528564453125,648.6710205078125,356.5204772949219,1665.3868408203125,734.0167236328125,2741.98095703125,7253.4296875,787.50927734375,2532.5947265625,658.0665283203125,829.6732788085938,5730.576171875,260.5559997558594,941.920166015625,115.23553466796875,136.0846405029297,132.09780883789062,112.39115905761719,727.53564453125,1210.350341796875,136.0084686279297,719.5040283203125,897.0474853515625
2022-03-04,1053.2833251953125,3072.86279296875,639.383544921875,1514.2490234375,661.8422241210938,1863.1251220703125,181.82118225097656,422.5675048828125,630.9593505859375,348.54364013671875,1626.8482666015625,711.478271484375,2614.28125,6920.86572265625,795.9033203125,2401.5009765625,637.5443725585938,827.5487670898438,5797.2646484375,263.1864929199219,940.8872680664062,113.57808685302734,134.33555603027344,128.18063354492188,110.13177490234375,699.133056640625,1233.2142333984375,130.28599548339844,740.74755859375,893.4972534179688
2022-03-07,1014.3323974609375,3038.4658203125,619.8722534179688,1528.7911376953125,628.8487548828125,1793.42529296875,181.37770080566406,402.76318359375,651.9046020507812,340.5369567871094,1553.382080078125,664.2620849609375,2585.92529296875,6464.1572265625,789.1881103515625,2351.031005859375,597.2804565429688,825.1791381835938,5459.79443359375,261.60821533203125,953.904052734375,113.4472427368164,132.93002319335938,145.0128173828125,111.40807342529297,659.27392578125,1208.1868896484375,135.8285369873047,729.2842407226562,903.0444946289062
2022-03-08,1012.4979858398438,3138.777587890625,621.27587890625,1562.489013671875,639.6702270507812,1798.0843505859375,182.94998168945312,402.76318359375,659.2401123046875,342.764892578125,1576.2392578125,667.0980224609375,2600.19873046875,6499.7294921875,820.22216796875,2332.879638671875,600.8738403320312,821.4319458007812,5589.48388671875,268.744873046875,971.3423461914062,116.67488861083984,132.64892578125,138.9237518310547,109.47637939453125,668.9165649414062,1240.29833984375,136.1524658203125,748.46728515625,930.2945556640625
2022-03-09,1066.214111328125,3167.244384765625,641.5592651367188,1593.3751220703125,642.0269165039062,1843.19775390625,184.8448028564453,413.1913146972656,667.4443969726562,345.9477233886719,1607.0797119140625,670.8793334960938,2744.892822265625,6710.345703125,832.9332275390625,2394.27001953125,631.1669311523438,815.8316040039062,5765.69287109375,267.852783203125,977.4581298828125,114.7121353149414,129.9940643310547,136.05372619628906,108.25615692138672,701.5675048828125,1276.6092529296875,134.35289001464844,760.443359375,941.8087158203125
2022-03-10,1083.492919921875,3157.087158203125,651.642578125,1604.402587890625,650.828369140625,1939.190673828125,187.0621337890625,428.7420349121094,673.4769287109375,348.9812927246094,1642.482177734375,691.5270385742188,2781.03125,6886.96484375,834.1804809570312,2427.867431640625,642.127685546875,839.7893676757812,5799.4208984375,269.11083984375,985.2683715820312,115.97699737548828,130.4625701904297,135.23928833007812,112.85682678222656,705.3864135742188,1260.1505126953125,128.8103790283203,753.1009521484375,947.0860595703125
2022-03-11,1086.6180419921875,3138.07958984375,653.5609130859375,1600.9757080078125,652.0789184570312,1932.225341796875,190.56954956054688,430.2513732910156,670.6779174804688,350.70196533203125,1642.9100341796875,687.447265625,2799.36181640625,6782.6357421875,865.3104858398438,2453.25,646.33056640625,824.4843139648438,5769.1904296875,268.17303466796875,986.3426513671875,115.10466003417969,132.7113800048828,136.28643798828125,112.25318145751953,701.5198364257812,1261.3807373046875,130.82582092285156,769.1787109375,1001.6822509765625
2022-03-14,1095.54052734375,3176.312255859375,674.96728515625,1661.341796875,669.6337890625,1899.8436279296875,192.70626831054688,443.78961181640625,676.0347900390625,355.82421875,1660.1121826171875,706.552734375,2828.76904296875,6987.1875,855.95703125,2497.915283203125,649.9825439453125,826.3757934570312,5783.46728515625,273.63983154296875,994.111572265625,115.27914428710938,133.3048095703125,133.26129150390625,111.84786224365234,709.5393676757812,1275.12451171875,129.81809997558594,765.63818359375,1006.1920166015625
2022-03-15,1070.44873046875,3133.50244140625,666.287841796875,1616.17724609375,670.7879638671875,1880.3773193359375,191.7790069580078,444.4299621582031,678.640869140625,344.8834533691406,1656.975830078125,694.7113037109375,2852.01708984375,7085.8828125,855.3815307617188,2515.57470703125,650.08984375,830.8676147460938,5769.4296875,268.8592224121094,972.6234130859375,114.319580078125,130.96234130859375,127.01710510253906,106.39344787597656,726.7242431640625,1237.4561767578125,124.45549011230469,754.52294921875,1024.8065185546875
2022-03-16,1088.520263671875,3187.559326171875,677.5875854492188,1660.1995849609375,681.0324096679688,1911.698486328125,195.6089630126953,450.74169921875,687.231201171875,350.20465087890625,1669.09326171875,720.28466796875,2904.3857421875,7148.623046875,853.0311279296875,2545.433837890625,667.0623168945312,848.0828857421875,6042.17529296875,273.6855773925781,991.3429565429688,115.80255126953125,130.77488708496094,129.77078247070312,109.10987854003906,738.6102905273438,1264.0106201171875,127.33474731445312,763.0262451171875,1013.0526733398438
2022-03-17,1124.006591796875,3202.25146484375,692.5134887695312,1629.6209716796875,692.6714477539062,1939.2830810546875,197.46343994140625,459.11163330078125,697.7521362304688,362.0406188964844,1699.2213134765625,735.6089477539062,2994.706787109375,7346.490234375,874.5199584960938,2659.26171875,682.0601806640625,870.0090942382812,6107.04345703125,275.0351867675781,989.1940307617188,115.93338775634766,132.14920043945312,132.09780883789062,112.40409851074219,758.4204711914062,1267.06494140625,127.08279418945312,782.054443359375,1006.048095703125
2022-03-21,1117.5296630859375,3162.100341796875,695.5314331054688,1628.2591552734375,683.6776733398438,1892.37060546875,197.14088439941406,448.7749938964844,683.5634765625,353.5068054199219,1669.1885986328125,722.3245849609375,2907.966064453125,7358.4755859375,876.6305541992188,2663.442626953125,669.96826171875,850.6072998046875,5932.31982421875,274.4861755371094,965.3506469726562,115.93338775634766,127.99514770507812,133.8430633544922,112.36096954345703,748.0140991210938,1255.442138671875,131.22174072265625,774.857177734375,1007.7752075195312
2022-03-22,1146.403076171875,3226.8388671875,699.11083984375,1658.4420166015625,690.8438110351562,1839.1385498046875,201.37400817871094,451.6107177734375,694.22900390625,359.6236877441406,1686.0582275390625,727.7975463867188,2913.1220703125,7416.82373046875,876.9182739257812,2668.853759765625,681.2215576171875,829.3283081054688,5951.81884765625,279.08380126953125,972.2516479492188,115.88978576660156,130.368896484375,136.092529296875,112.27904510498047,750.0189819335938,1304.9876708984375,131.9775390625,779.7714233398438,990.791748046875
2022-03-23,1150.0491943359375,3236.82177734375,692.1392211914062,1645.2618408203125,690.9401245117188,1825.34619140625,203.18817138671875,448.8207092285156,680.426513671875,352.0447082519531,1679.595458984375,723.17041015625,2880.326171875,7300.50927734375,864.1592407226562,2646.471923828125,683.0742797851562,825.2813720703125,5973.28173828125,279.60992431640625,975.8053588867188,116.41317749023438,131.24343872070312,136.20887756347656,114.77989196777344,739.0398559570312,1308.3389892578125,131.76161193847656,798.52880859375,973.376708984375
2022-03-24,1167.916748046875,3269.474609375,675.0140991210938,1657.8270263671875,677.377197265625,1813.6756591796875,205.48614501953125,445.5733947753906,681.7777709960938,340.9845275878906,1683.6822509765625,718.692626953125,2888.489013671875,7216.56884765625,871.8818359375,2576.12890625,682.3673095703125,828.3218383789062,6086.20361328125,279.31256103515625,985.2271118164062,118.11421966552734,131.6494598388672,137.64389038085938,116.4657974243164,730.9725952148438,1330.736328125,134.8927764892578,837.4559326171875,987.3374633789062
2022-03-25,1175.70703125,3232.505859375,669.5162963867188,1648.908447265625,672.61572265625,1801.7742919921875,204.2766876220703,448.8664855957031,684.6734619140625,342.5958557128906,1664.24658203125,717.6974487304688,2909.112060546875,7081.44189453125,865.646240234375,2483.0595703125,680.0220947265625,816.5739135742188,6048.69091796875,276.0187072753906,974.6896362304688,117.54722595214844,130.96234130859375,136.364013671875,115.46546173095703,730.1133422851562,1298.4976806640625,133.95701599121094,843.8309936523438,972.465087890625
2022-03-28,1187.528076171875,3232.724365234375,670.4052734375,1646.579833984375,683.2928466796875,1822.1634521484375,207.25999450683594,455.08673095703125,707.5489501953125,343.18267822265625,1655.217529296875,732.3748779296875,2890.494140625,7140.55419921875,869.0518188476562,2494.865478515625,682.7427368164062,802.2443237304688,6093.96484375,274.57769775390625,961.9620971679688,117.5908432006836,132.61770629882812,136.7906494140625,115.46546173095703,734.4096069335938,1293.3221435546875,137.66404724121094,829.126953125,975.9193115234375
2022-03-29,1187.7999267578125,3230.675537109375,679.29541015625,1657.2120361328125,688.0543212890625,1833.1881103515625,205.28456115722656,452.7998962402344,728.6870727539062,344.13751220703125,1660.0172119140625,734.166015625,2904.958984375,7104.07470703125,881.9547729492188,2497.718505859375,686.4434814453125,805.1873779296875,6253.6455078125,275.6299133300781,965.0612182617188,117.19828796386719,131.99302673339844,132.6407928466797,115.09464263916016,738.3237915039062,1291.540771484375,133.88502502441406,836.498291015625,996.7886962890625
2022-03-30,1210.6270751953125,3253.518310546875,691.06298828125,1672.9844970703125,703.0602416992188,1859.8040771484375,200.9305419921875,452.1595458984375,723.4266967773438,350.7218322753906,1685.6304931640625,746.753662109375,2942.146728515625,7256.3427734375,883.1538696289062,2482.32177734375,707.1654663085938,823.0831298828125,6364.8896484375,274.8521728515625,962.9951171875,118.02699279785156,135.61611938476562,125.65966796875,112.80076599121094,757.4180297851562,1269.4405517578125,131.65362548828125,842.4669799804688,987.28955078125
2022-03-31,1193.3255615234375,3260.843017578125,687.974853515625,1675.53271484375,702.4829711914062,1890.01806640625,202.09967041015625,451.4735107421875,728.6870727539062,348.8818054199219,1679.9755859375,757.4010620117188,2940.618896484375,7220.72216796875,877.5419921875,2495.111328125,707.9552612304688,827.0111083984375,6326.17822265625,270.7806396484375,961.7969360351562,117.76531219482422,135.42872619628906,127.13345336914062,112.72748565673828,770.0201416015625,1272.1129150390625,131.76161193847656,831.0617065429688,976.8308715820312
2022-04-01,1202.882080078125,3277.234375,704.6554565429688,1672.6329345703125,708.2064208984375,1917.23388671875,204.2364044189453,464.87457275390625,732.1136474609375,353.417236328125,1701.31201171875,770.7349853515625,2973.271728515625,7353.22314453125,871.738037109375,2480.05908203125,722.402099609375,835.41650390625,6391.57373046875,275.30963134765625,966.6727905273438,124.70037078857422,140.58226013183594,130.2749481201172,113.58122253417969,789.1142578125,1261.6351318359375,133.99298095703125,827.966064453125,973.7604370117188
2022-04-04,1206.4373779296875,3287.34814453125,775.2146606445312,1654.5318603515625,718.162109375,1963.6390380859375,205.9699249267578,468.71649169921875,741.090087890625,365.2332763671875,1735.763916015625,780.2379760742188,2976.94775390625,7424.60595703125,888.3822021484375,2476.271484375,730.4519653320312,847.9284057617188,6461.8564453125,277.04803466796875,981.0533447265625,125.87802124023438,142.05023193359375,130.3525390625,115.71986389160156,795.9404907226562,1271.4342041015625,135.1446990966797,835.2600708007812,986.1861572265625
2022-04-05,1189.3851318359375,3326.10400390625,752.498046875,1635.33251953125,713.5448608398438,1974.1099853515625,209.1951141357422,465.9721984863281,739.9319458007812,358.499755859375,1744.9830322265625,779.242919921875,2998.71630859375,7412.23974609375,891.30810546875,2507.950439453125,720.4860229492188,857.5899658203125,6444.84912109375,276.3791809082031,987.9957275390625,130.06521606445312,145.5796356201172,133.30010986328125,115.97856903076172,798.661376953125,1263.28955078125,135.252685546875,837.7268676757812,980.09326171875
2022-04-06,1186.21484375,3274.270263671875,725.6407470703125,1606.9947509765625,713.3526000976562,1976.1859130859375,209.31607055664062,470.13433837890625,748.6671142578125,353.9643249511719,1760.9022216796875,769.88916015625,3011.319580078125,7395.38525390625,890.3488159179688,2498.9482421875,716.4391479492188,866.7996826171875,6454.43115234375,273.7960205078125,967.3755493164062,133.4673614501953,147.8284454345703,134.0369873046875,118.20777130126953,790.3554077148438,1238.092529296875,139.5355682373047,827.443603515625,987.3374633789062
2022-04-07,1165.2899169921875,3212.19091796875,709.6853637695312,1591.31005859375,720.037841796875,1997.17431640625,206.93751525878906,471.0491027832031,735.8779296875,351.38824462890625,1735.716552734375,788.1986083984375,3012.274169921875,7296.35546875,893.0828857421875,2418.570556640625,710.9050903320312,865.4506225585938,6454.91015625,267.9376525878906,969.6898193359375,133.9035186767578,144.51766967773438,130.9730682373047,116.37525177001953,796.5133056640625,1245.8974609375,137.3041534423828,835.308349609375,994.7257080078125
2022-04-08,1184.6746826171875,3213.498046875,708.7028198242188,1594.4735107421875,725.5687255859375,2014.0108642578125,215.92776489257812,472.10101318359375,735.58837890625,354.9787902832031,1739.9459228515625,790.9848022460938,3061.205322265625,7217.5234375,886.9911499023438,2469.335205078125,718.3552856445312,878.0314331054688,6551.06298828125,269.22930908203125,963.119140625,132.63861083984375,145.29852294921875,132.56317138671875,118.20777130126953,818.567138671875,1229.099609375,140.03944396972656,857.161376953125,970.6420288085938
2022-04-11,1182.2064208984375,3222.871826171875,700.0466918945312,1552.25244140625,730.6669311523438,1995.5595703125,215.6858673095703,471.00335693359375,731.6793212890625,354.7699279785156,1693.1385498046875,782.1783447265625,3014.613525390625,7224.6376953125,887.7587890625,2449.560791015625,715.4346313476562,876.7728271484375,6571.90380859375,263.44012451171875,936.796142578125,133.55458068847656,144.23660278320312,132.7958984375,117.0996322631836,818.0420532226562,1229.4814453125,141.37106323242188,847.5166015625,983.9793090820312
2022-04-12,1159.9454345703125,3218.251220703125,698.8068237304688,1531.0758056640625,734.7550659179688,1967.1448974609375,213.50885009765625,469.12811279296875,715.849853515625,358.4300842285156,1661.0150146484375,794.517333984375,2987.115966796875,7275.20361328125,883.8253784179688,2447.93701171875,709.3741455078125,876.3660888671875,6492.18310546875,257.7202453613281,934.85400390625,133.11839294433594,145.61083984375,131.01182556152344,113.85285949707031,821.8131103515625,1200.466552734375,133.88502502441406,845.9398193359375,985.6583862304688
2022-04-13,1155.68798828125,3192.834716796875,685.4481811523438,1536.4359130859375,733.2159423828125,1985.5040283203125,217.33876037597656,473.56463623046875,714.8845825195312,354.00408935546875,1673.46533203125,789.1439208984375,2941.28759765625,7133.05810546875,898.64697265625,2421.52197265625,714.6350708007812,874.6815795898438,6448.58642578125,257.9508056640625,929.8539428710938,134.29605102539062,143.36204528808594,135.16172790527344,113.78816223144531,826.873046875,1196.606201171875,134.31692504882812,831.7871704101562,975.4395751953125
2022-04-18,1152.1551513671875,3076.08837890625,652.9292602539062,1424.7103271484375,728.9354248046875,2009.0291748046875,217.78224182128906,466.063720703125,704.1224365234375,348.19549560546875,1652.1287841796875,794.9153442382812,2884.86083984375,7232.373046875,889.7732543945312,2453.102294921875,708.1015625,883.2037963867188,6361.9189453125,248.44833374023438,910.5559692382812,142.3651580810547,144.36151123046875,136.364013671875,115.47840118408203,834.5106811523438,1140.69775390625,136.36839294433594,829.0301513671875,986.234130859375
2022-04-19,1196.065673828125,3027.130859375,628.0136108398438,1372.5159912109375,737.1116943359375,1949.4315185546875,210.8883819580078,468.1676330566406,698.3312377929688,339.6617126464844,1621.145751953125,793.8704833984375,2855.884033203125,7100.20703125,884.4969482421875,2412.913330078125,707.9163208007812,854.0404052734375,6310.27294921875,244.68890380859375,884.5223999023438,140.14071655273438,142.33132934570312,137.41114807128906,114.40045928955078,832.9832153320312,1103.920166015625,142.3428192138672,814.47119140625,959.799560546875
2022-04-20,1231.2347412109375,3101.1552734375,633.6752319335938,1395.0985107421875,726.7711791992188,1997.3125,209.2757568359375,465.8807678222656,713.6297607421875,342.4068908691406,1607.6976318359375,790.7858276367188,2943.53125,7321.375,885.9358520507812,2442.526123046875,685.7754516601562,871.00830078125,6522.4619140625,247.4796600341797,900.3493041992188,140.00987243652344,141.80035400390625,136.13133239746094,113.33543395996094,841.3369140625,1110.707275390625,143.3145751953125,830.6649780273438,971.0737915039062
2022-04-21,1260.06298828125,3163.80029296875,643.056640625,1422.42578125,733.3121948242188,2027.75732421875,209.96112060546875,472.2839660644531,710.155029296875,350.2742614746094,1629.4619140625,797.8507690429688,3015.376953125,7524.3046875,905.6980590820312,2480.20654296875,696.072998046875,870.4225463867188,6560.166015625,248.72512817382812,908.448486328125,141.92898559570312,141.95654296875,135.08413696289062,112.2919921875,869.7395629882812,1113.6767578125,148.92913818359375,835.8695678710938,958.120361328125
2022-04-22,1249.510009765625,3149.763427734375,634.283447265625,1393.1212158203125,719.1721801757812,1962.25537109375,210.52554321289062,457.9224853515625,713.0506591796875,343.6899108886719,1610.3111572265625,776.7551879882812,3021.248779296875,7548.46484375,887.18310546875,2472.040771484375,693.406005859375,869.6956176757812,6462.048828125,248.033203125,910.8040771484375,139.96621704101562,140.83213806152344,134.96780395507812,110.17057800292969,878.9525146484375,1108.4166259765625,145.50997924804688,811.1918334960938,927.8478393554688
2022-04-25,1220.6138916015625,3093.6572265625,639.03271484375,1371.7252197265625,723.548828125,1938.083740234375,205.80865478515625,452.5711975097656,713.6297607421875,343.9087219238281,1575.146484375,776.854736328125,2988.977783203125,7555.96142578125,863.391845703125,2414.1923828125,683.1425170898438,869.0715942382812,6319.232421875,244.1814422607422,900.7210083007812,136.1715850830078,139.2079620361328,131.59361267089844,105.2378921508789,863.0565185546875,1077.7899169921875,135.64859008789062,796.2362060546875,914.5586547851562
2022-04-26,1257.1414794921875,3092.000244140625,641.9805297851562,1389.2109375,725.039794921875,1981.9981689453125,208.7919921875,462.40472412109375,729.990234375,346.6638488769531,1615.63330078125,771.182861328125,2984.251708984375,7550.61279296875,880.7075805664062,2506.966552734375,706.0634765625,880.5980224609375,6381.65771484375,244.1353302001953,904.3989868164062,136.95669555664062,144.67381286621094,129.49925231933594,106.3805160522461,897.5692749023438,1082.0740966796875,137.77200317382812,803.801025390625,938.7863159179688
2022-04-27,1258.3646240234375,3104.991455078125,642.2144165039062,1364.43212890625,708.63916015625,1978.9996337890625,207.62283325195312,454.8580627441406,726.3223876953125,346.4250793457031,1593.869384765625,762.1276245117188,3005.9248046875,7437.59375,869.24365234375,2452.020263671875,654.7266235351562,871.3811645507812,6274.5810546875,239.3841094970703,905.4732055664062,135.77902221679688,143.2371063232422,127.87035369873047,107.51020050048828,884.87158203125,1070.0272216796875,134.96478271484375,788.8067016601562,938.16259765625
2022-04-28,1277.16064453125,3125.13232421875,641.6528930664062,1390.616943359375,718.6911010742188,2068.258056640625,210.52554321289062,464.2342224121094,721.3515014648438,351.2290954589844,1633.976318359375,775.9591064453125,3100.78076171875,7532.8505859375,883.5376586914062,2472.53271484375,656.0480346679688,881.1694946289062,6340.216796875,241.0447540283203,917.9933471679688,139.3119659423828,147.1725311279297,127.83159637451172,108.73043823242188,881.1005249023438,1078.5535888671875,136.9442596435547,797.532470703125,941.4729614257812
2022-04-29,1263.7542724609375,3092.348876953125,647.8526000976562,1377.3927001953125,714.9877319335938,2061.800048828125,209.2757568359375,453.9890441894531,713.2920532226562,356.2220764160156,1610.3111572265625,725.0112915039062,3090.755126953125,7370.17333984375,890.8765869140625,2418.4228515625,650.6017456054688,876.5120849609375,6352.96044921875,234.70205688476562,906.8597412109375,136.25881958007812,142.2688751220703,124.45735931396484,109.61005401611328,880.336669921875,1068.1182861328125,131.6176300048828,799.4285278320312,941.4729614257812
2022-05-02,1259.3154296875,3088.599365234375,656.7894287109375,1354.0634765625,712.7754516601562,2057.787109375,212.17845153808594,449.1408996582031,715.5601806640625,352.9597473144531,1596.150146484375,723.7674560546875,3055.238037109375,7290.8642578125,885.8399658203125,2347.931884765625,646.1502075195312,881.783935546875,6399.671875,228.33631896972656,896.4824829101562,137.392822265625,144.6426239013672,121.27711486816406,111.69265747070312,879.6206665039062,1044.533203125,135.07272338867188,797.8710327148438,937.0591430664062
2022-05-04,1220.00244140625,3033.97607421875,634.470703125,1349.2744140625,696.6634521484375,2003.4017333984375,209.43702697753906,438.75848388671875,697.2694702148438,353.2084045410156,1552.9068603515625,703.7167358398438,2960.57373046875,7064.6826171875,864.2552490234375,2252.895263671875,618.2218017578125,864.913818359375,6249.189453125,226.83712768554688,878.0386352539062,138.3960418701172,148.42189025878906,125.85356903076172,108.77356719970703,855.5142822265625,1028.9228515625,134.85678100585938,772.4193725585938,918.7804565429688
2022-05-05,1196.1109619140625,3063.315185546875,633.0435791015625,1392.857666015625,701.0401000976562,1998.8350830078125,211.29150390625,439.0786437988281,693.939453125,357.5846862792969,1556.423583984375,698.890625,2937.373291015625,7073.9931640625,842.4305419921875,2225.3974609375,615.2670288085938,841.7701416015625,6089.892578125,231.1732177734375,900.8098754882812,138.1779327392578,146.01690673828125,127.87035369873047,110.74836730957031,858.3306884765625,1071.8087158203125,133.7770538330078,766.895751953125,910.0009765625
2022-05-06,1186.939453125,2992.86572265625,616.5033569335938,1355.68896484375,691.8538818359375,1982.781982421875,215.00051879882812,442.69195556640625,685.5421752929688,353.148681640625,1541.9774169921875,670.083251953125,2879.80078125,6951.376953125,847.37109375,2173.00927734375,585.1203002929688,812.6826782226562,5940.89599609375,223.76959228515625,882.4498291015625,138.70135498046875,148.92160034179688,129.49925231933594,110.700927734375,853.3662109375,1095.054443359375,134.8927764892578,760.4820556640625,896.903564453125
2022-05-09,1140.583251953125,3003.7646484375,617.5560913085938,1379.85302734375,683.2928466796875,1952.7528076171875,212.01718139648438,435.3281555175781,686.7487182617188,351.59710693359375,1535.989990234375,660.4310302734375,2869.298583984375,7028.775390625,849.3858032226562,2147.87255859375,588.6942138671875,789.1994018554688,5964.27490234375,222.87008666992188,904.2130126953125,138.70135498046875,153.13812255859375,127.79278564453125,107.98881530761719,854.7505493164062,1069.9422607421875,131.76161193847656,755.6741333007812,900.3098754882812
2022-05-10,1120.8131103515625,2998.227783203125,627.4755859375,1364.6077880859375,684.2067260742188,2011.566162109375,209.43702697753906,434.68792724609375,694.615234375,357.4952087402344,1528.1966552734375,656.5004272460938,2946.72998046875,7177.36767578125,826.7935180664062,2102.7646484375,578.11376953125,789.9763793945312,6100.19287109375,220.3330078125,901.2300415039062,135.6045684814453,152.2011260986328,119.80330657958984,100.45611572265625,848.115234375,1053.9503173828125,122.40403747558594,757.2606811523438,888.6517944335938
2022-05-11,1109.3319091796875,2974.905029296875,631.00830078125,1341.5419921875,686.9962158203125,1995.97509765625,206.1311798095703,435.9227600097656,697.703857421875,360.0413818359375,1492.8892822265625,669.0383911132812,2915.5087890625,7063.29833984375,820.0302124023438,2080.481201171875,566.2706298828125,789.5843505859375,6075.04052734375,217.68060302734375,891.44091796875,133.07481384277344,149.42135620117188,123.02239227294922,100.52509307861328,846.8742065429688,1038.8065185546875,122.26009368896484,751.4661254882812,899.63818359375
2022-05-12,1086.7313232421875,2971.984130859375,616.7843017578125,1325.7696533203125,669.2970581054688,1973.1878662109375,203.9138641357422,423.2077941894531,680.8609008789062,350.28424072265625,1450.453857421875,646.4502563476562,2902.428466796875,6926.9296875,815.4256591796875,2015.4014892578125,545.4413452148438,775.6023559570312,5926.76220703125,218.55706787109375,890.180419921875,129.58546447753906,147.3599395751953,121.39346313476562,96.38578033447266,826.0615844726562,1028.9228515625,120.24462127685547,750.6825561523438,883.4703979492188
2022-05-13,1099.0506591796875,2977.43310546875,611.2462768554688,1321.9034423828125,651.5497436523438,2024.2054443359375,208.50978088378906,406.74237060546875,665.900146484375,353.994140625,1458.3897705078125,632.8177490234375,2925.39111328125,6782.06298828125,846.6036987304688,2057.853515625,537.869384765625,784.3506469726562,5937.39794921875,216.1814422607422,884.0885009765625,125.74715423583984,147.6098175048828,119.10520935058594,94.60070037841797,849.2131958007812,1020.4815063476562,121.43228149414062,759.25341796875,896.7595825195312
2022-05-16,1099.322509765625,2944.2138671875,617.754638671875,1308.4593505859375,656.984619140625,2045.5628662109375,204.88140869140625,416.2099914550781,669.0852661132812,360.6182861328125,1466.373046875,635.8029174804688,2864.190673828125,6921.15283203125,849.5774536132812,2075.463623046875,550.5120849609375,775.5474243164062,5761.3330078125,215.881591796875,877.7025756835938,129.32373046875,146.9226531982422,119.06641387939453,95.16123962402344,862.4359130859375,1008.7735595703125,123.59171295166016,752.3078002929688,895.6082763671875
2022-05-17,1145.497314453125,3009.43212890625,621.9674682617188,1334.2491455078125,682.9561767578125,2071.16455078125,213.42820739746094,427.46136474609375,682.4534301757812,366.0787353515625,1524.5374755859375,651.7240600585938,2912.02392578125,7193.50634765625,855.4773559570312,2141.133544921875,569.2252197265625,780.5467529296875,5852.3115234375,224.48458862304688,909.9267578125,131.2864990234375,149.07781982421875,126.55169677734375,102.50852966308594,869.5485229492188,1016.5363159179688,132.84129333496094,755.325927734375,900.02197265625
2022-05-18,1149.664306640625,3006.99072265625,621.920166015625,1326.1209716796875,680.4071044921875,2113.971435546875,215.1214599609375,418.9542236328125,671.9326171875,367.3717346191406,1494.5050048828125,656.2018432617188,2959.857666015625,7225.73583984375,862.576416015625,2131.68896484375,567.0701904296875,781.5126953125,5973.0419921875,221.99365234375,902.1961669921875,129.54180908203125,142.36257934570312,126.59049987792969,101.77983856201172,871.935302734375,994.3511962890625,133.5611114501953,755.6741333007812,918.3486328125
2022-05-19,1123.1683349609375,2844.0771484375,609.2109375,1254.0245361328125,664.006591796875,2089.20068359375,222.25721740722656,409.34942626953125,650.79443359375,354.760009765625,1471.1724853515625,646.9974975585938,2909.06396484375,7071.033203125,848.6181640625,2077.775634765625,556.5191040039062,769.5894165039062,5818.63232421875,208.10894775390625,848.1670532226562,129.1056365966797,142.61245727539062,124.1082992553711,96.76953887939453,842.5780029296875,940.3088989257812,130.429931640625,760.2498779296875,900.02197265625
2022-05-20,1188.6605224609375,2871.1494140625,625.257080078125,1278.6278076171875,682.5233154296875,2145.845947265625,225.7646484375,422.9790954589844,663.9696655273438,363.8607177734375,1530.2398681640625,669.78466796875,2969.261962890625,7244.8828125,878.4052734375,2102.469482421875,562.62353515625,806.3013305664062,5872.337890625,212.00680541992188,864.5101928710938,130.50140380859375,143.08096313476562,125.58209991455078,100.94766235351562,862.8655395507812,959.4400024414062,133.84902954101562,822.0941162109375,938.7863159179688
2022-05-23,1180.711669921875,2896.216064453125,617.2340698242188,1290.2705078125,683.9662475585938,2195.526611328125,221.32997131347656,421.6069641113281,661.9909057617188,368.8636474609375,1562.6011962890625,672.0236206054688,3030.605712890625,7541.732421875,884.544921875,2116.48876953125,565.0029296875,812.6276245117188,5668.8681640625,214.9590301513672,855.6453857421875,130.98118591308594,140.30116271972656,120.3075180053711,88.2149429321289,899.239990234375,969.6206665039062,132.661376953125,827.0953369140625,930.7744140625
2022-05-24,1184.7652587890625,2866.78955078125,624.3104858398438,1266.1943359375,681.1766357421875,2130.80810546875,218.38699340820312,422.6589660644531,654.6071166992188,374.4931640625,1545.636474609375,660.779296875,2947.20703125,7451.20166015625,872.88916015625,2105.61767578125,565.4710083007812,821.8468627929688,5622.63623046875,212.16827392578125,833.3363037109375,128.14610290527344,141.80035400390625,116.8557357788086,86.78341674804688,903.9656982421875,931.8250732421875,131.25772094726562,841.0546264648438,931.1102294921875
2022-05-25,1183.0216064453125,2780.46142578125,628.972900390625,1239.350341796875,686.1785888671875,2120.705810546875,219.87863159179688,421.8692626953125,664.2592163085938,379.4563293457031,1496.6431884765625,661.724609375,2709.662353515625,7436.49560546875,874.1362915039062,2079.201904296875,568.2598876953125,826.468505859375,5549.95947265625,205.20285034179688,818.7996215820312,133.16201782226562,140.4573211669922,118.36831665039062,86.15821838378906,886.3514404296875,899.416748046875,130.07003784179688,833.3833618164062,932.5015258789062
2022-05-26,1171.744140625,2832.5126953125,646.912353515625,1251.212646484375,700.75146484375,2103.638427734375,220.28396606445312,435.61883544921875,669.5195922851562,379.6751403808594,1486.9493408203125,679.8847045898438,2711.6669921875,7453.44580078125,863.3438720703125,2107.2900390625,567.3238525390625,844.1011352539062,5628.57763671875,209.123779296875,824.0513916015625,134.4705352783203,141.92529296875,117.82530975341797,90.7200927734375,887.68798828125,915.0693969726562,131.90554809570312,832.744873046875,925.4970703125
2022-05-27,1166.308837890625,2862.66455078125,658.9115600585938,1284.07568359375,711.62109375,2150.135986328125,222.34884643554688,435.665283203125,660.5913696289062,387.14471435546875,1520.926025390625,684.9097900390625,2706.607421875,7585.18310546875,867.1332397460938,2114.4228515625,584.4571533203125,843.5537109375,5699.2431640625,215.39724731445312,843.5454711914062,131.24288940429688,140.3636016845703,111.5423355102539,89.98709106445312,909.6940307617188,952.94970703125,130.89781188964844,849.451416015625,927.22412109375
2022-05-30,1206.935791015625,2962.68603515625,663.4082641601562,1341.5860595703125,719.98974609375,2167.0654296875,222.22496032714844,440.9142761230469,674.7317504882812,378.59100341796875,1578.472900390625,690.2334594726562,2715.342529296875,7652.9365234375,852.1677856445312,2219.396240234375,595.9347534179688,846.7025146484375,5847.42529296875,219.6872100830078,873.79541015625,131.63543701171875,142.58120727539062,111.73628234863281,90.32772064208984,953.1332397460938,987.5215454101562,134.74879455566406,845.543212890625,946.8461303710938
2022-05-31,1192.3743896484375,2953.1181640625,657.4441528320312,1335.1925048828125,724.1740112304688,2171.031982421875,223.5464630126953,434.8756103515625,675.841796875,367.3816833496094,1572.437744140625,681.8251342773438,2730.284912109375,7607.5283203125,825.594482421875,2180.14208984375,593.1018676757812,845.9661865234375,5828.2138671875,220.51751708984375,874.5093994140625,136.08433532714844,145.4859161376953,117.3211441040039,91.03484344482422,987.5027465820312,1001.3079833984375,138.8517303466797,845.4175415039062,952.7471923828125
2022-06-01,1192.75927734375,2945.086669921875,660.2369995117188,1312.9481201171875,723.981689453125,2129.701171875,224.5376434326172,435.0614013671875,670.48486328125,371.01202392578125,1566.2601318359375,682.6708374023438,2723.458740234375,7581.7919921875,805.1128540039062,2162.039794921875,586.0808715820312,824.4506225585938,5725.73681640625,217.15013122558594,855.3092651367188,136.78219604492188,143.17465209960938,116.15764617919922,91.71611785888672,999.9138793945312,972.759765625,141.11917114257812,835.6179809570312,943.727783203125
2022-06-02,1233.88427734375,3004.599365234375,655.621826171875,1339.099609375,721.1920776367188,2107.88232421875,225.90048217773438,436.50140380859375,671.7396240234375,369.5300598144531,1555.9483642578125,688.143798828125,2776.972900390625,7568.4228515625,824.587158203125,2185.011962890625,590.7322998046875,831.7308349609375,5756.58984375,218.71852111816406,873.627197265625,138.7449951171875,140.89459228515625,118.251953125,93.26836395263672,997.2409057617188,972.2505493164062,142.66671752929688,838.3556518554688,947.1339721679688
2022-06-03,1258.8853759765625,3019.6533203125,653.349853515625,1351.26513671875,715.94970703125,2114.478759765625,225.23968505859375,431.5311279296875,662.6182861328125,369.72894287109375,1570.109375,673.9639892578125,2756.302490234375,7357.998046875,829.9113159179688,2168.729736328125,587.8408813476562,821.0769653320312,5441.349609375,219.34124755859375,876.39990234375,135.21202087402344,141.17568969726562,117.5926284790039,92.03950500488281,982.0609741210938,973.8626708984375,141.802978515625,839.6810302734375,922.0427856445312
2022-06-06,1253.47314453125,3011.5771484375,652.4739990234375,1358.6800537109375,718.306396484375,2103.915283203125,226.97422790527344,430.78790283203125,659.1917724609375,371.84747314453125,1558.846923828125,668.8890991210938,2689.994384765625,7363.24951171875,824.8270263671875,2162.974365234375,587.1387939453125,812.7520141601562,5347.9267578125,218.28028869628906,871.6106567382812,135.38645935058594,140.42608642578125,119.41548156738281,92.9708480834961,989.0302124023438,970.7236328125,140.25538635253906,833.0545043945312,936.5314331054688
2022-06-07,1255.8282470703125,2951.670166015625,644.9716796875,1337.9451904296875,707.2445068359375,2040.3504638671875,226.2308807373047,430.5092468261719,661.4600830078125,369.6295166015625,1510.6141357421875,662.5703735351562,2620.53515625,7457.6474609375,813.7467651367188,2066.806396484375,573.2527465820312,800.7974243164062,5322.87109375,215.72015380859375,859.510498046875,137.17478942871094,140.55104064941406,125.54334259033203,92.14298248291016,995.331298828125,958.9309692382812,142.19886779785156,801.7501831054688,933.3650512695312
2022-06-08,1233.7711181640625,2988.052734375,647.2437133789062,1331.99560546875,701.7134399414062,2026.92724609375,221.2751007080078,437.8484802246094,640.2254638671875,367.1131286621094,1505.957275390625,655.3561401367188,2582.822509765625,7536.95703125,812.7875366210938,2094.402099609375,580.6345825195312,799.690673828125,5300.4970703125,216.98866271972656,865.64453125,137.00027465820312,140.26991271972656,126.74562072753906,93.716796875,997.67041015625,953.7557983398438,142.27085876464844,812.4299926757812,923.9618530273438
2022-06-09,1267.60400390625,3008.198974609375,652.1190795898438,1345.315673828125,704.8396606445312,2027.5267333984375,223.71168518066406,433.8072509765625,652.8214111328125,371.0319519042969,1515.9840087890625,658.0427856445312,2580.037841796875,7572.67236328125,823.9156494140625,2105.076416015625,575.1980590820312,801.8135986328125,5252.63671875,219.13365173339844,864.34228515625,135.34286499023438,140.4573211669922,128.41336059570312,90.10350799560547,997.7658081054688,965.9725341796875,143.06265258789062,836.37255859375,932.597412109375
2022-06-10,1229.33251953125,2949.21240234375,639.5283203125,1311.394287109375,692.5753173828125,2029.5565185546875,223.1334991455078,429.0692443847656,649.92578125,356.430908203125,1506.47998046875,657.44580078125,2601.115478515625,7577.68603515625,811.3004760742188,2107.585205078125,552.667236328125,802.136474609375,5280.56689453125,212.6295623779297,853.1666259765625,135.43011474609375,140.20745849609375,127.7152099609375,88.27961730957031,989.5553588867188,941.5814819335938,142.88267517089844,841.91552734375,927.6558837890625
2022-06-13,1206.0750732421875,2826.061279296875,627.9314575195312,1264.9520263671875,661.7941284179688,2026.7886962890625,218.59072875976562,414.2048645019531,647.9470825195312,345.5995788574219,1456.0611572265625,645.753662109375,2555.022705078125,7545.6953125,795.7594604492188,2068.3798828125,522.5106201171875,805.9403076171875,5132.14501953125,205.7794647216797,833.3783569335938,129.89076232910156,138.89564514160156,123.75926971435547,85.54163360595703,958.8136596679688,892.4598999023438,137.52008056640625,825.595947265625,916.0938110351562
2022-06-14,1190.3135986328125,2818.117431640625,621.020751953125,1279.20458984375,659.3894653320312,2002.8941650390625,219.25149536132812,416.2951354980469,658.3231811523438,346.0670166015625,1468.0362548828125,647.5447998046875,2530.6796875,7459.7958984375,791.490478515625,2067.98681640625,524.2171630859375,806.7532348632812,5201.5654296875,205.6872100830078,837.66357421875,132.07159423828125,139.89511108398438,120.96682739257812,85.90382385253906,973.0867309570312,873.965087890625,138.34786987304688,834.0799560546875,925.6410522460938
2022-06-15,1175.910888671875,2814.38671875,618.8670043945312,1262.909423828125,661.07275390625,1997.8221435546875,217.55825805664062,419.3144836425781,658.3713989257812,345.46026611328125,1482.95751953125,647.2959594726562,2555.40673828125,7499.7138671875,788.8523559570312,2070.9873046875,534.8659057617188,803.4465942382812,5226.046875,203.01174926757812,831.7817993164062,129.2364959716797,138.83319091796875,117.4375,87.2126235961914,979.0535888671875,865.396484375,136.8002471923828,838.810302734375,929.574951171875
2022-06-16,1159.4698486328125,2757.946533203125,606.4892578125,1240.7095947265625,652.6560668945312,1997.961669921875,215.32818603515625,410.2565002441406,631.4420166015625,333.3558044433594,1451.641845703125,631.7728271484375,2551.853759765625,7480.7578125,781.4655151367188,2027.600830078125,515.2604370117188,806.8753051757812,5083.37451171875,194.8008575439453,810.8170776367188,124.70037078857422,135.1476287841797,111.34844207763672,81.95469665527344,959.720703125,827.4310913085938,129.4941864013672,829.5234985351562,902.8525390625
2022-06-17,1173.057373046875,2711.337158203125,610.4888916015625,1231.9183349609375,660.68798828125,1964.2232666015625,217.4756622314453,409.6990966796875,621.259033203125,332.9181823730469,1416.04931640625,632.0712890625,2477.67333984375,7341.85888671875,761.1278686523438,1905.1153564453125,528.4883422851562,795.8006591796875,4960.775390625,186.9128875732422,805.607421875,122.51953887939453,132.02427673339844,109.71951293945312,82.40912628173828,952.4650268554688,818.7352294921875,131.47366333007812,802.2822875976562,877.7133178710938
2022-06-20,1151.7928466796875,2731.96435546875,625.8251953125,1255.76123046875,659.8223266601562,2043.75244140625,218.13641357421875,403.84625244140625,618.6046752929688,334.0321350097656,1398.799560546875,625.2053833007812,2554.974609375,7315.88427734375,772.543701171875,1929.956787109375,533.451904296875,811.3270263671875,5110.2509765625,191.2720184326172,806.69970703125,119.72806549072266,130.0877685546875,104.2509765625,78.29185485839844,938.1920776367188,830.8670654296875,127.29874420166016,803.26904296875,888.3639526367188
2022-06-21,1170.38525390625,2819.34619140625,632.6411743164062,1287.5072021484375,669.5856323242188,2052.2216796875,222.92701721191406,418.7570495605469,631.5385131835938,334.48968505859375,1425.8861083984375,633.3649291992188,2571.92333984375,7430.14501953125,784.1995239257812,2044.4735107421875,541.126220703125,811.5518188476562,5192.271484375,196.11550903320312,829.0089721679688,122.08336639404297,131.39959716796875,107.89665985107422,80.41867065429688,952.75146484375,848.4710693359375,133.0212860107422,825.8765258789062,900.2139282226562
2022-06-22,1134.8311767578125,2829.002197265625,629.6592407226562,1276.27392578125,660.447509765625,2050.22119140625,219.12759399414062,415.8771057128906,620.48681640625,332.1423645019531,1405.405029296875,623.7127685546875,2560.400146484375,7432.19775390625,776.381103515625,1998.332275390625,530.4435424804688,802.1483764648438,5183.6953125,189.7036590576172,807.7501220703125,120.07698822021484,131.58697509765625,104.60003662109375,76.17414093017578,939.2421875,831.4185791015625,129.0982666015625,824.3770751953125,879.7762451171875
2022-06-23,1116.419921875,2904.3583984375,631.9785766601562,1289.7713623046875,672.51953125,2096.524169921875,219.2927703857422,419.3609619140625,637.2333374023438,335.0069274902344,1420.1837158203125,626.2501831054688,2648.60009765625,7898.4560546875,791.3466186523438,2008.3670654296875,531.27734375,811.766845703125,5184.03076171875,193.30166625976562,816.1107788085938,119.07379150390625,130.27520751953125,104.56127166748047,76.4649887084961,981.1539306640625,840.8355102539062,127.51468658447266,830.9552001953125,895.5602416992188
2022-06-24,1132.3173828125,2890.577392578125,640.806396484375,1279.6927490234375,686.2747802734375,2144.26953125,219.5818634033203,422.0086669921875,647.8505859375,337.8514709472656,1420.706298828125,630.8772583007812,2651.1923828125,7986.50244140625,791.0587158203125,2012.4991455078125,544.890380859375,823.9772338867188,5239.6044921875,193.16326904296875,812.2875366210938,119.16104888916016,130.52505493164062,106.53923034667969,77.51476287841797,1023.4952392578125,832.4365234375,127.08279418945312,833.80908203125,895.8961181640625
2022-06-27,1128.9658203125,2909.537353515625,641.966064453125,1309.4405517578125,690.0262451171875,2159.859130859375,222.96829223632812,428.46539306640625,660.1571044921875,336.4888916015625,1459.625244140625,633.9619140625,2708.85693359375,8068.19970703125,801.6593017578125,2007.28515625,550.1026000976562,830.0308837890625,5327.7099609375,196.00018310546875,833.8404541015625,120.8184814453125,132.14920043945312,109.75829315185547,78.87810516357422,1033.6629638671875,854.4946899414062,131.04177856445312,835.9178466796875,894.6007080078125
2022-06-28,1144.840576171875,2912.565185546875,637.0669555664062,1314.368896484375,683.2448120117188,2157.06689453125,224.5376434326172,431.2988586425781,657.4544677734375,331.96337890625,1474.54638671875,639.1860961914062,2618.16015625,8107.3056640625,794.89599609375,1936.2042236328125,543.7689819335938,832.2138061523438,5339.6865234375,197.08421325683594,841.9071655273438,120.90570831298828,131.3683319091797,115.84737396240234,79.8824234008789,1061.6358642578125,865.9478759765625,134.17295837402344,846.3751220703125,906.83447265625
2022-06-29,1168.59619140625,2888.294921875,636.1439208984375,1299.3619384765625,675.982421875,2078.700927734375,226.35475158691406,426.5144348144531,663.8731689453125,326.72174072265625,1471.125,622.4688720703125,2590.6005859375,8125.640625,804.5853271484375,1904.8201904296875,537.5816650390625,836.763671875,5383.3310546875,194.08587646484375,829.8072509765625,123.653564453125,131.86807250976562,119.57063293457031,80.1278305053711,1061.3970947265625,866.2871704101562,135.86451721191406,844.3920288085938,909.2813110351562
2022-06-30,1175.616455078125,2867.755615234375,638.06103515625,1298.1630859375,680.2628173828125,2076.048828125,225.90048217773438,432.8317565917969,661.1222534179688,330.4316711425781,1480.961669921875,633.6634521484375,2588.103759765625,8089.20947265625,796.8147583007812,1909.8377685546875,528.5482177734375,835.37451171875,5372.79150390625,191.91781616210938,817.7911987304688,124.65672302246094,132.3678436279297,117.55384826660156,78.80538177490234,1043.6396484375,848.38623046875,133.5971221923828,850.0899047851562,880.064208984375
2022-07-01,1090.943359375,2909.88818359375,640.7826538085938,1313.703125,677.0885620117188,2124.212890625,234.86216735839844,433.7143249511719,650.0223388671875,331.7544860839844,1494.17236328125,640.7782592773438,2662.9560546875,8024.12841796875,795.5196533203125,1914.7076416015625,549.482666015625,850.9176635742188,5453.662109375,194.66246032714844,819.5557861328125,122.69400787353516,128.99459838867188,101.65245819091797,79.3325424194336,1057.196533203125,857.4640502929688,131.90554809570312,848.5614624023438,910.864501953125
2022-07-04,1093.2080078125,2839.623291015625,641.68212890625,1321.339599609375,692.6714477539062,2210.629638671875,241.09814453125,439.84588623046875,658.1784057617188,332.3811340332031,1503.2486572265625,651.1270141601562,2679.425048828125,8063.0419921875,795.6635131835938,1930.7437744140625,551.038818359375,860.457275390625,5470.2861328125,193.8782958984375,827.3284301757812,123.34825897216797,131.61822509765625,97.73530578613281,77.66927337646484,1041.7779541015625,848.3438720703125,131.04177856445312,842.4766845703125,892.9695434570312
2022-07-05,1102.0625,2823.1650390625,640.23828125,1310.6392822265625,692.0462036132812,2235.107177734375,236.9683380126953,438.63818359375,660.6396484375,330.8195495605469,1487.2818603515625,645.3058471679688,2656.666748046875,7972.65673828125,801.8031616210938,1922.62744140625,554.0531005859375,860.0006103515625,5490.31201171875,190.78768920898438,825.2697143554688,122.86846160888672,133.7733612060547,98.82124328613281,78.1782455444336,1032.94677734375,851.10107421875,131.32969665527344,850.1672973632812,899.4463500976562
2022-07-06,1092.3701171875,2862.18115234375,649.0661010742188,1324.5810546875,698.2987060546875,2325.293212890625,238.95066833496094,445.8845520019531,669.8092041015625,339.0649108886719,1478.9658203125,654.7092895507812,2747.69921875,8241.3330078125,803.6259155273438,1980.9677734375,579.0687866210938,879.3021850585938,5584.30908203125,191.91781616210938,829.0089721679688,121.21101379394531,131.46206665039062,93.8181381225586,77.99647521972656,1054.523193359375,856.7852783203125,130.7898406982422,849.3546752929688,907.3143310546875
2022-07-07,1081.61328125,2885.969482421875,660.6866455078125,1330.8411865234375,713.7373657226562,2301.60693359375,241.1394805908203,452.201904296875,662.9078369140625,345.8283386230469,1531.1903076171875,655.9051513671875,2776.507568359375,8218.7490234375,814.89794921875,2093.073974609375,573.5880737304688,870.5181884765625,5594.658203125,194.1089324951172,831.7396240234375,122.51953887939453,132.77386474609375,95.7961196899414,81.80017852783203,1081.97119140625,865.9902954101562,133.88502502441406,838.994140625,897.3833618164062
2022-07-08,1083.1080322265625,2866.306884765625,661.3018798828125,1344.8271484375,726.9154663085938,2323.8505859375,242.0480194091797,453.8741149902344,670.9674072265625,347.0716247558594,1603.75341796875,666.8677368164062,2765.368408203125,8094.17529296875,822.8124389648438,2117.114990234375,574.8114624023438,880.7606811523438,5594.8974609375,193.3247528076172,826.446044921875,125.35462951660156,136.6780548095703,94.24476623535156,80.51863861083984,1082.257568359375,870.8685302734375,136.62034606933594,852.489013671875,897.5751953125
2022-07-11,1097.827880859375,2733.19384765625,665.5856323242188,1308.15283203125,740.18994140625,2318.033935546875,243.6586456298828,453.5489807128906,637.571044921875,346.3753662109375,1580.51611328125,677.5311279296875,2816.502197265625,8124.44775390625,822.3807373046875,2136.12060546875,573.6664428710938,884.1198120117188,5609.4140625,189.6805877685547,792.8353271484375,126.31420135498047,135.58486938476562,97.34748077392578,82.95902252197266,1112.2833251953125,854.79150390625,139.17562866210938,876.8002319335938,909.185302734375
2022-07-12,1096.26513671875,2707.650390625,658.793212890625,1277.4727783203125,730.9555053710938,2279.828369140625,241.75894165039062,450.5296630859375,639.9358520507812,341.9393310546875,1571.7249755859375,673.8936157226562,2778.23583984375,8040.4580078125,816.9605102539062,2102.947021484375,574.8457641601562,866.7022705078125,5537.16748046875,188.7349395751953,779.6011352539062,128.320556640625,133.36732482910156,96.26152038574219,81.99104309082031,1094.716552734375,846.1380615234375,139.57156372070312,873.4300537109375,897.8630981445312
2022-07-13,1076.8349609375,2667.3173828125,642.7232666015625,1282.66748046875,724.5107421875,2324.6884765625,242.87399291992188,451.9696350097656,621.1142578125,346.5345153808594,1565.54736328125,677.5810546875,2824.328857421875,8060.03515625,825.1627197265625,2084.5830078125,575.3693237304688,872.6554565429688,5556.4267578125,187.60479736328125,771.1563720703125,129.62905883789062,133.9607391357422,96.53299713134766,82.24099731445312,1088.701904296875,839.9448852539062,139.2476348876953,876.9171142578125,914.75048828125
2022-07-14,1085.712158203125,2639.154541015625,639.5046997070312,1268.8145751953125,723.7412109375,2324.73486328125,240.23089599609375,445.3271484375,619.32861328125,352.1043395996094,1564.5020751953125,665.9707641601562,2822.35986328125,8181.83984375,844.1094360351562,2100.42919921875,570.6666870117188,878.0900268554688,5495.19873046875,185.1830596923828,758.7625122070312,129.3673553466797,134.2106170654297,98.62732696533203,82.52729797363281,1102.06005859375,827.855224609375,138.20391845703125,891.29345703125,912.6395874023438
2022-07-15,1087.8182373046875,2635.501953125,644.7113647460938,1270.1468505859375,722.5868530273438,2390.53662109375,242.4609832763672,445.0948791503906,629.1254272460938,355.6153259277344,1601.2823486328125,659.94140625,2859.810302734375,8382.6669921875,842.67041015625,2161.888671875,578.922119140625,897.6091918945312,5564.1875,181.6772918701172,742.0831909179688,130.63226318359375,130.74371337890625,98.16193389892578,80.32776641845703,1130.849609375,826.1585693359375,139.211669921875,885.5662231445312,926.9362182617188
2022-07-18,1097.08056640625,2696.1396484375,637.8480224609375,1323.027099609375,742.5946655273438,2376.575439453125,243.90643310546875,455.4999084472656,639.9840087890625,367.1429748535156,1641.9595947265625,682.1653442382812,2897.932861328125,8312.716796875,846.8914794921875,2209.0322265625,593.073974609375,890.6229858398438,5732.20361328125,186.70530700683594,756.4937744140625,130.6758575439453,131.3371124267578,100.76044464111328,82.19100952148438,1122.07275390625,855.1734008789062,140.7952423095703,870.0015869140625,928.1836547851562
2022-07-19,1103.8062744140625,2705.600341796875,638.0846557617188,1317.9207763671875,750.9152221679688,2390.024658203125,243.32827758789062,462.60693359375,649.4915161132812,365.0144958496094,1644.0029296875,698.2103881835938,2899.133056640625,8323.26953125,839.696533203125,2212.734619140625,593.6759033203125,878.7786865234375,5831.328125,187.12046813964844,755.9839477539062,131.50457763671875,131.18096923828125,99.20907592773438,83.56797790527344,1144.111083984375,854.9188232421875,142.7027587890625,866.456298828125,921.7549438476562
2022-07-20,1133.653564453125,2785.292236328125,646.13134765625,1345.5821533203125,753.2717895507812,2424.0419921875,246.30174255371094,472.50103759765625,647.3197021484375,363.58221435546875,1653.6495361328125,703.2930297851562,2886.98583984375,8354.9736328125,832.2138061523438,2242.353515625,594.5029907226562,890.2261352539062,5834.34619140625,190.0957489013672,779.5208740234375,131.3301239013672,130.71243286132812,102.81600189208984,84.38597869873047,1124.242919921875,886.9877319335938,142.41481018066406,868.56982421875,941.7607421875
2022-07-21,1126.08984375,2796.293701171875,644.0960083007812,1361.2108154296875,756.0614013671875,2426.787353515625,247.41680908203125,475.7061462402344,654.7518310546875,358.1715087890625,1699.0828857421875,713.109375,2944.265625,8400.7626953125,834.2763061523438,2259.53271484375,613.343017578125,900.88232421875,5874.30224609375,190.97218322753906,785.5111694335938,131.5918426513672,132.61770629882812,103.24261474609375,84.91767883300781,1133.405517578125,902.0547485351562,142.95468139648438,851.4954833984375,929.2870483398438
2022-07-22,1133.6988525390625,2790.7490234375,659.1245727539062,1337.5899658203125,769.5762329101562,2457.640869140625,248.2427215576172,477.2390441894531,655.2344970703125,363.4529724121094,1701.58544921875,728.2576293945312,2945.513671875,8433.185546875,838.9290771484375,2295.470458984375,612.4964599609375,908.0071411132812,6188.58447265625,189.51913452148438,781.9423828125,129.9343719482422,131.18096923828125,102.7384262084961,85.07672882080078,1139.1439208984375,898.5172729492188,141.8749542236328,851.9630126953125,932.7413330078125
2022-07-25,1096.242431640625,2787.008544921875,661.0651245117188,1335.1925048828125,770.393798828125,2441.818359375,248.6969757080078,481.04803466796875,654.8001098632812,357.1768798828125,1715.7353515625,724.869140625,2981.572021484375,8233.263671875,833.0291748046875,2299.271240234375,609.43798828125,896.9420776367188,6115.95458984375,191.34121704101562,790.7794189453125,130.9375762939453,129.869140625,100.68286895751953,87.31714630126953,1095.5015869140625,888.516357421875,144.61024475097656,843.5963134765625,920.9393920898438
2022-07-26,1096.74072265625,2742.256591796875,659.7162475585938,1288.616943359375,765.968994140625,2370.618896484375,249.81204223632812,477.7035827636719,660.3018188476562,350.4234924316406,1685.7032470703125,704.0404663085938,2984.980712890625,8141.826171875,832.357666015625,2264.073974609375,613.1031494140625,885.0809936523438,6132.00439453125,186.9128875732422,776.2068481445312,130.85031127929688,130.6187744140625,99.44178009033203,86.29918670654297,1095.6461181640625,872.881591796875,145.61798095703125,820.502685546875,917.0054321289062
2022-07-27,1095.698974609375,2806.45849609375,664.75732421875,1306.2882080078125,770.009033203125,2403.0546875,251.21620178222656,490.7098693847656,651.4219360351562,348.9315185546875,1729.4039306640625,716.497802734375,3059.44970703125,8268.12109375,857.6359252929688,2274.292724609375,626.0123291015625,886.6303100585938,6262.029296875,187.58175659179688,788.9099731445312,130.588623046875,131.58697509765625,99.75208282470703,87.1989974975586,1097.6715087890625,880.1312255859375,146.4457550048828,834.9276733398438,934.6124267578125
2022-07-28,1112.86474609375,2869.5166015625,670.650390625,1347.44677734375,783.572021484375,2438.5615234375,250.63804626464844,494.65826416015625,643.6519165039062,363.7314453125,1733.8316650390625,723.4241333007812,3142.367919921875,8328.2353515625,858.4512329101562,2304.99755859375,692.5885009765625,913.9102783203125,6200.60986328125,191.89476013183594,803.9073486328125,131.15565490722656,133.8045654296875,101.03193664550781,91.20719146728516,1108.3289794921875,906.6405029296875,146.0138702392578,829.8629150390625,928.2796630859375
2022-07-29,1136.5748291015625,2905.9521484375,678.8627319335938,1376.129150390625,787.4196166992188,2454.662109375,250.30763244628906,490.8492126464844,654.3657836914062,360.1210021972656,1740.377197265625,722.278076171875,3201.2802734375,8378.3701171875,904.8345336914062,2322.1767578125,705.5563354492188,925.7069091796875,6271.0830078125,195.4466552734375,805.8616333007812,133.4237518310547,133.6483917236328,104.05706787109375,97.79666137695312,1123.0855712890625,915.9426879882812,152.06028747558594,796.8050537109375,937.8268432617188
2022-08-01,1166.1956787109375,2903.2236328125,684.5191040039062,1377.327880859375,792.0369262695312,2413.3388671875,253.98316955566406,495.8659362792969,673.2711181640625,369.1520690917969,1746.7781982421875,728.3074340820312,3192.445556640625,8597.8671875,881.331298828125,2346.0693359375,710.6358032226562,920.7386474609375,6379.21435546875,197.8914794921875,809.048095703125,136.5205078125,136.77174377441406,107.35369110107422,98.38744354248047,1193.78173828125,916.7723999023438,153.13999938964844,800.7205810546875,963.8775024414062
2022-08-02,1170.6343994140625,2897.063232421875,676.9931030273438,1370.71240234375,786.6019897460938,2452.661376953125,256.00677490234375,503.6233215332031,665.8543701171875,374.8910217285156,1725.9385986328125,727.9586791992188,3261.20068359375,8759.8759765625,879.940185546875,2354.658935546875,718.5535278320312,930.4742431640625,6409.71484375,198.16824340820312,808.1134033203125,139.18113708496094,139.0518341064453,106.03504943847656,97.25133514404297,1209.936767578125,901.923828125,154.93954467773438,795.8407592773438,963.5416870117188
2022-08-03,1180.4627685546875,2939.043212890625,678.5787353515625,1390.6922607421875,793.383544921875,2444.378173828125,254.52001953125,502.4620056152344,672.0108032226562,368.2270812988281,1722.810302734375,728.0084228515625,3302.971923828125,8612.228515625,860.5138549804688,2385.70947265625,714.0955810546875,926.031982421875,6362.8798828125,199.43678283691406,813.3390502929688,139.26837158203125,139.6764678955078,105.2205810546875,97.29676818847656,1209.1650390625,919.4364013671875,152.672119140625,797.964111328125,970.8819580078125
2022-08-04,1164.8594970703125,2952.640625,677.7741088867188,1420.70654296875,789.0067749023438,2445.866943359375,255.63511657714844,495.4014587402344,673.1256713867188,365.1337890625,1713.4732666015625,719.1387329101562,3322.993896484375,8619.197265625,881.1392822265625,2392.867431640625,716.082275390625,949.1806030273438,6348.76220703125,200.88983154296875,814.1038818359375,134.95030212402344,137.9274139404297,105.68598175048828,97.8875503540039,1216.9774169921875,922.40625,149.1090545654297,808.025634765625,1002.2099609375
2022-08-05,1147.694091796875,2961.529296875,675.4783935546875,1435.58056640625,806.2730712890625,2462.108154296875,256.7501525878906,493.3575744628906,682.1905517578125,364.8056335449219,1720.54833984375,726.0152587890625,3335.861083984375,8498.5615234375,878.6929321289062,2401.90087890625,714.9127197265625,952.5994873046875,6529.115234375,202.96560668945312,813.8063354492188,135.7353973388672,139.70770263671875,105.87989807128906,97.56944274902344,1191.9974365234375,924.283935546875,150.04483032226562,809.7593994140625,992.3269653320312
2022-08-08,1162.7083740234375,2969.801513671875,692.0452270507812,1438.0224609375,809.9019165039062,2466.715087890625,258.6498107910156,483.46356201171875,682.869140625,366.9142150878906,1761.1685791015625,743.0071411132812,3321.025146484375,8576.181640625,873.3688354492188,2415.87109375,718.5828247070312,939.758056640625,6435.30078125,201.05128479003906,820.8589477539062,139.05027770996094,138.61453247070312,105.87989807128906,97.43309783935547,1231.3480224609375,922.8866577148438,155.04751586914062,822.713623046875,992.66455078125
2022-08-10,1169.66064453125,2952.02490234375,694.0570068359375,1422.970947265625,821.320556640625,2459.688232421875,257.0392150878906,478.1680908203125,693.436767578125,363.70159912109375,1785.7142333984375,736.4794311523438,3276.0849609375,8535.5693359375,882.29052734375,2402.691162109375,699.7134399414062,945.3312377929688,6356.0859375,198.42193603515625,808.9630126953125,138.47238159179688,139.614013671875,103.78559112548828,99.25088500976562,1223.00537109375,921.6636352539062,158.25070190429688,826.5999145507812,1001.1492309570312
2022-08-11,1173.5556640625,3012.09033203125,703.23974609375,1438.5107421875,831.9166870117188,2432.6044921875,252.95074462890625,487.5047607421875,688.1528930664062,368.926513671875,1797.26513671875,756.26171875,3269.890625,8472.2705078125,883.5855712890625,2440.94873046875,716.3074951171875,941.032470703125,6357.48388671875,202.2506103515625,817.715087890625,136.6053466796875,139.2079620361328,103.00991821289062,99.15998840332031,1221.2210693359375,940.92333984375,159.52777099609375,829.5219116210938,1001.1974487304688
2022-08-12,1192.5328369140625,2993.652587890625,702.9794311523438,1415.55615234375,846.1416015625,2415.153564453125,254.8504180908203,493.032470703125,688.0560302734375,366.4782409667969,1777.3399658203125,757.9559936523438,3291.641357421875,8362.064453125,876.2947387695312,2440.553955078125,715.3727416992188,934.512451171875,6321.05615234375,201.16659545898438,812.6592407226562,140.9173583984375,142.45626831054688,107.97422790527344,102.38655853271484,1214.7108154296875,931.0097045898438,161.75355529785156,830.0089111328125,990.3505249023438
2022-08-16,1200.8212890625,2985.86376953125,711.0261840820312,1417.64306640625,850.8348388671875,2461.2705078125,256.5023193359375,488.61956787109375,682.6268310546875,367.5033264160156,1779.6982421875,762.0419921875,3361.88427734375,8654.763671875,877.39794921875,2462.175537109375,713.0922241210938,941.1926879882812,6414.24462890625,201.6278839111328,814.1888427734375,141.13958740234375,142.95599365234375,108.55599212646484,102.70466613769531,1242.5361328125,941.3163452148438,162.66578674316406,837.216552734375,997.4854125976562
2022-08-17,1207.0941162109375,2993.2568359375,714.6945190429688,1426.3453369140625,854.7055053710938,2498.638671875,258.154296875,490.6634216308594,700.9019165039062,366.1797180175781,1786.24365234375,769.4664916992188,3383.6826171875,8597.712890625,883.3457641601562,2460.54638671875,736.6790771484375,943.6959228515625,6369.7705078125,204.37252807617188,833.2220458984375,143.5400848388672,142.73739624023438,108.32329559326172,102.2502212524414,1228.985107421875,964.7247924804688,161.6076202392578,840.742431640625,989.0006103515625
2022-08-18,1209.2833251953125,2975.787109375,715.5465087890625,1405.655029296875,856.4957885742188,2496.218994140625,260.7147521972656,494.5653076171875,710.8392944335938,379.07769775390625,1823.6397705078125,762.4406127929688,3394.869384765625,8600.93359375,879.46044921875,2447.218017578125,732.8768310546875,935.2010498046875,6460.4521484375,200.68223571777344,827.1893920898438,142.96218872070312,144.51766967773438,107.64826965332031,102.29566955566406,1216.3505859375,965.29248046875,161.8265380859375,823.0545654296875,995.219482421875
2022-08-19,1187.7220458984375,2979.7470703125,706.7188110351562,1418.2203369140625,842.2708740234375,2452.009521484375,257.699951171875,483.4170227050781,709.9667358398438,373.6039733886719,1863.58642578125,754.9163818359375,3344.16796875,8438.7236328125,867.5258178710938,2409.60205078125,714.619140625,929.6182861328125,6406.10107421875,199.48289489746094,824.2578125,140.25054931640625,143.9184112548828,106.89381408691406,100.0234375,1195.3731689453125,964.419189453125,158.46958923339844,818.9442138671875,993.1947631835938
2022-08-22,1184.4276123046875,2952.288818359375,695.9739379882812,1399.172607421875,824.7073974609375,2444.703857421875,259.6822814941406,475.0093994140625,705.4100952148438,364.6570129394531,1810.2598876953125,739.3197021484375,3216.644775390625,8293.6240234375,847.5062866210938,2386.894287109375,695.0939331054688,930.1586303710938,6232.5908203125,193.7399139404297,815.2507934570312,139.13919067382812,142.5306396484375,104.74956512451172,95.4789810180664,1183.1241455078125,942.1898193359375,159.308837890625,815.6228637695312,985.915283203125
2022-08-23,1202.694580078125,2890.7265625,693.8203735351562,1369.6468505859375,835.9810180664062,2413.10595703125,260.9212646484375,484.8570556640625,715.1051025390625,369.3742980957031,1806.794677734375,744.5020141601562,3223.22216796875,8382.5390625,855.061767578125,2448.69873046875,705.4193725585938,938.4526977539062,6259.47705078125,192.19459533691406,804.5870971679688,141.05068969726562,143.53993225097656,106.21876525878906,97.79666137695312,1227.8759765625,931.0097045898438,162.6292724609375,823.0643310546875,1003.3668212890625
2022-08-24,1199.490966796875,2864.984130859375,697.1573486328125,1365.2955322265625,845.0771484375,2408.91796875,259.4345397949219,482.4415588378906,716.2200317382812,371.7330017089844,1822.484375,747.5914306640625,3244.588134765625,8366.677734375,847.939453125,2429.44677734375,702.4048461914062,940.6235961914062,6271.95751953125,191.96395874023438,806.4990234375,142.96218872070312,144.73846435546875,108.005615234375,96.84232330322266,1223.24658203125,935.4205932617188,163.21310424804688,821.6812133789062,1000.18505859375
2022-08-25,1195.9923095703125,2832.2890625,693.3706665039062,1348.11279296875,844.1578369140625,2395.841064453125,257.98907470703125,483.46356201171875,718.4014282226562,371.9618835449219,1807.6126708984375,740.8145751953125,3228.887451171875,8397.3427734375,844.3783569335938,2435.123779296875,689.7062377929688,933.71875,6239.86669921875,191.52574157714844,801.9530639648438,141.27296447753906,142.7514190673828,108.4424057006836,96.56965637207031,1214.90380859375,935.1148681640625,164.1253204345703,825.5479736328125,989.0006103515625
2022-08-26,1189.6077880859375,2835.809326171875,693.4889526367188,1351.132080078125,842.706298828125,2393.375244140625,258.443359375,486.6221618652344,708.5609741210938,378.5899963378906,1834.08349609375,742.359375,3191.4853515625,8382.634765625,847.121337890625,2500.729736328125,691.16943359375,933.7880859375,6280.4375,192.4713592529297,803.5249633789062,145.2737579345703,145.3692626953125,108.5218276977539,97.56944274902344,1229.370849609375,948.1729736328125,167.8106689453125,822.7039184570312,984.2279052734375
2022-08-29,1180.3609619140625,2756.909423828125,681.3241577148438,1298.0299072265625,828.1911010742188,2397.33056640625,258.9802551269531,478.3074035644531,698.6234741210938,368.22979736328125,1811.0780029296875,726.214599609375,3210.402587890625,8491.8330078125,846.255126953125,2499.544921875,681.6026000976562,939.4425659179688,6269.98095703125,186.52078247070312,779.605712890625,143.09555053710938,143.22451782226562,107.92622375488281,95.29721069335938,1231.444580078125,904.50048828125,168.2850341796875,820.1422729492188,980.8533325195312
2022-08-30,1198.673095703125,2826.084228515625,703.4290161132812,1325.7353515625,858.6246948242188,2475.55712890625,264.7206726074219,493.5434265136719,704.4406127929688,381.2571716308594,1850.54345703125,748.9368286132812,3256.83154296875,8730.26953125,859.5371704101562,2571.568603515625,715.064453125,952.8076171875,6435.30078125,190.76458740234375,797.8318481445312,145.80722045898438,144.8330841064453,110.0704345703125,98.4328842163086,1262.2113037109375,939.9188842773438,171.3500518798828,826.9407958984375,1001.24560546875
2022-09-01,1163.4346923828125,2756.16162109375,696.8260498046875,1300.2052001953125,846.0932006835938,2425.438232421875,262.32537841796875,495.44793701171875,712.6328735351562,378.7492370605469,1841.3509521484375,741.6118774414062,3309.59814453125,8674.7578125,839.1327514648438,2588.6982421875,702.83544921875,943.5834350585938,6391.59765625,189.33462524414062,786.8707275390625,142.8732452392578,142.62525939941406,106.97322082519531,96.70599365234375,1265.4425048828125,919.65478515625,168.06605529785156,818.5740966796875,986.34912109375
2022-09-02,1149.84814453125,2755.017333984375,703.1450805664062,1290.2598876953125,844.2063598632812,2423.204345703125,266.9094543457031,498.6065979003906,712.58447265625,381.9339599609375,1867.869873046875,747.6412353515625,3294.714111328125,8573.9228515625,836.919189453125,2579.417724609375,703.7212524414062,935.3995361328125,6338.5947265625,188.0660858154297,785.5111694335938,143.85125732421875,141.42672729492188,105.42461395263672,95.88799285888672,1269.2037353515625,922.7119140625,167.3363037109375,816.2072143554688,979.2142333984375
2022-09-05,1167.7060546875,2757.6572265625,707.66552734375,1297.63037109375,853.9314575195312,2420.412109375,271.617431640625,500.65045166015625,717.81982421875,385.7257080078125,1894.6773681640625,753.5211181640625,3288.71240234375,8603.1923828125,851.4043579101562,2593.980224609375,704.2937622070312,920.9537353515625,6285.0634765625,187.05125427246094,795.3253173828125,146.25172424316406,140.92210388183594,105.9407958984375,97.16043090820312,1273.6405029296875,930.267333984375,169.01478576660156,820.94091796875,988.9042358398438
2022-09-06,1179.997314453125,2752.0693359375,704.9674682617188,1292.12451171875,855.0926513671875,2394.8173828125,270.21331787109375,499.62847900390625,738.0338134765625,381.3069763183594,1888.85400390625,747.4419555664062,3260.336181640625,8544.267578125,854.4361572265625,2598.225341796875,696.7725219726562,910.5391235351562,6259.5732421875,186.56690979003906,796.854736328125,149.76356506347656,141.96292114257812,104.90841674804688,98.70555114746094,1259.9930419921875,929.088134765625,169.81752014160156,825.8012084960938,1003.5596313476562
2022-09-07,1173.135986328125,2771.914794921875,701.6304931640625,1294.38916015625,847.8834838867188,2386.90673828125,269.3460388183594,495.0298767089844,730.13232421875,379.8240966796875,1884.8109130859375,752.8236083984375,3265.234130859375,8444.443359375,860.2109375,2604.248046875,701.3870239257812,917.1093139648438,6524.8740234375,187.95079040527344,791.671630859375,148.7411346435547,141.55287170410156,105.22607421875,97.79666137695312,1243.88623046875,922.2314453125,174.3056182861328,827.7687377929688,1013.828125
2022-09-08,1174.79443359375,2789.560546875,708.8724365234375,1310.594970703125,869.7530517578125,2398.586669921875,272.4847412109375,505.9923400878906,746.3230590820312,384.1632080078125,1900.5009765625,777.0905151367188,3313.054931640625,8449.970703125,860.7402954101562,2593.338134765625,710.3079223632812,914.4529418945312,6668.31787109375,190.4186553955078,791.1192016601562,148.29661560058594,141.55287170410156,104.70986938476562,96.20610046386719,1274.9423828125,951.7103881835938,172.55416870117188,832.1224975585938,1018.2150268554688
2022-09-09,1167.478759765625,2831.804931640625,709.3457641601562,1342.3408203125,872.1239013671875,2409.336669921875,272.9802551269531,514.0747680664062,742.3966064453125,383.4267272949219,1876.7735595703125,782.173095703125,3305.085205078125,8599.2998046875,856.6016845703125,2570.383544921875,702.7963256835938,910.9862060546875,6537.25732421875,192.42523193359375,805.9466552734375,148.11878967285156,140.606689453125,106.41730499267578,96.06977081298828,1255.026123046875,984.0718383789062,173.39341735839844,828.8985595703125,1020.384521484375
2022-09-12,1180.542724609375,2854.07080078125,706.9554443359375,1364.14111328125,877.881591796875,2401.611328125,273.3106994628906,515.5148315429688,745.6929321289062,382.9590148925781,1888.4688720703125,798.2679443359375,3295.818359375,8581.6611328125,854.3880615234375,2627.350830078125,713.170654296875,907.014892578125,6620.08642578125,194.66246032714844,811.93701171875,147.94094848632812,141.26901245117188,106.41730499267578,97.93299102783203,1250.9752197265625,1004.5540771484375,168.94178771972656,830.0770263671875,1026.6033935546875
2022-09-13,1190.403076171875,2842.102294921875,716.2092895507812,1371.9112548828125,880.5911254882812,2407.38232421875,276.2015686035156,518.394775390625,760.3323974609375,382.839599609375,1916.8165283203125,802.8024291992188,3286.215576171875,8580.5556640625,856.74609375,2671.18701171875,724.5773315429688,911.5791625976562,6645.81591796875,194.96231079101562,811.8096923828125,148.83001708984375,143.0668182373047,106.33788299560547,97.93299102783203,1253.6756591796875,1002.239501953125,168.7958526611328,828.469970703125,1020.9630737304688
2022-09-14,1176.135009765625,2746.216796875,723.5697021484375,1310.15087890625,888.4293212890625,2393.235107421875,276.9861755371094,531.1688232421875,759.4598388671875,389.0696716308594,1880.7681884765625,800.3109741210938,3302.300048828125,8619.6796875,850.5863037109375,2666.300048828125,732.406982421875,913.7357177734375,6626.01220703125,192.0331268310547,791.9264526367188,153.2309112548828,146.6939697265625,105.78197479248047,99.2054443359375,1251.9398193359375,973.6339111328125,169.2702178955078,820.9215087890625,1021.9752807617188
2022-09-15,1164.4798583984375,2732.091796875,719.8065795898438,1272.322265625,887.9454345703125,2382.99755859375,275.9537353515625,531.5404663085938,761.156494140625,384.97930908203125,1884.2335205078125,787.3055419921875,3260.47998046875,8852.828125,841.4908447265625,2622.414306640625,722.89892578125,908.9659423828125,6543.42529296875,191.45654296875,781.6452026367188,155.67588806152344,149.87953186035156,105.30549621582031,97.25133514404297,1250.9752197265625,945.945556640625,170.9486846923828,812.126220703125,996.2802124023438
2022-09-16,1135.6256103515625,2647.911376953125,706.5767822265625,1222.816650390625,879.7200927734375,2352.98193359375,273.6410827636719,521.925048828125,755.872802734375,384.2129821777344,1848.1370849609375,786.6078491210938,3190.525390625,8833.5078125,835.4754028320312,2578.62744140625,711.9179077148438,880.0457763671875,6245.98583984375,185.27529907226562,762.1017456054688,153.63101196289062,148.64947509765625,104.2333755493164,96.06977081298828,1205.6929931640625,902.4478759765625,168.61341857910156,794.272705078125,1006.11474609375
2022-09-19,1137.1025390625,2665.601318359375,711.2391967773438,1234.5823974609375,870.14013671875,2400.54150390625,277.19268798828125,531.6333618164062,758.878173828125,384.0537414550781,1839.1851806640625,795.3778686523438,3184.475830078125,8921.171875,842.0202026367188,2586.52587890625,733.6450805664062,897.310302734375,6225.21875,185.41371154785156,762.8665161132812,152.03067016601562,147.0724639892578,103.67745208740234,93.7066421508789,1242.87353515625,907.9507446289062,167.77415466308594,798.5193481445312,999.1726684570312
2022-09-20,1137.2841796875,2675.722412109375,719.8065795898438,1233.0284423828125,887.1229858398438,2404.543701171875,277.5230712890625,533.3056030273438,767.9915161132812,386.0939636230469,1860.3616943359375,809.9778442382812,3258.367919921875,8940.3974609375,877.72802734375,2649.910400390625,747.2783813476562,890.2046508789062,6249.1171875,186.77447509765625,776.6317138671875,152.83082580566406,146.78855895996094,105.78197479248047,96.16065979003906,1256.66552734375,922.49365234375,167.73770141601562,821.2817993164062,1053.16650390625
2022-09-21,1140.419677734375,2641.310302734375,718.6942749023438,1222.9940185546875,885.6714477539062,2441.818359375,281.6115417480469,529.2642822265625,756.4059448242188,381.86431884765625,1824.6983642578125,803.7990112304688,3222.6943359375,8889.5009765625,871.32763671875,2632.78076171875,752.6857299804688,891.7944946289062,6084.42529296875,184.8601531982422,765.5430297851562,149.89695739746094,143.22451782226562,103.95541381835938,94.93365478515625,1260.2342529296875,925.9873657226562,168.9783172607422,808.960693359375,1032.0509033203125
2022-09-22,1129.673095703125,2646.767333984375,703.3817138671875,1214.7357177734375,874.2044677734375,2506.17724609375,284.99798583984375,527.03466796875,760.18701171875,376.7389221191406,1817.5272216796875,786.5082397460938,3299.467041015625,9037.4833984375,873.9262084960938,2702.830078125,755.51416015625,891.2398681640625,6012.77587890625,183.56857299804688,762.7391357421875,149.94137573242188,138.8404541015625,102.16856384277344,94.16109466552734,1263.8509521484375,915.7243041992188,165.6943359375,814.7364501953125,1023.85546875
2022-09-23,1108.498291015625,2624.45703125,684.5191040039062,1212.515625,853.7379150390625,2496.218994140625,286.113037109375,511.5199279785156,747.8258056640625,370.7576599121094,1787.3505859375,765.9784545898438,3260.336181640625,8981.34765625,886.5347290039062,2638.50732421875,734.7265625,884.4306030273438,5916.93798828125,181.90794372558594,761.2095947265625,145.7627410888672,127.769775390625,102.12886810302734,94.79731750488281,1227.1044921875,904.107421875,162.6292724609375,806.3211059570312,1029.83349609375
2022-09-26,1080.257568359375,2635.325927734375,675.2891235351562,1225.6580810546875,833.2230224609375,2476.2080078125,274.71478271484375,504.7381591796875,732.0228881835938,364.0498962402344,1782.152587890625,740.067138671875,3301.435546875,8492.5537109375,866.9003295898438,2621.7724609375,710.4889526367188,882.3936157226562,5952.73828125,182.11550903320312,770.4288330078125,141.00625610351562,126.69741821289062,98.03893280029297,90.75275421142578,1192.479736328125,902.1858520507812,157.26547241210938,804.110107421875,1027.4710693359375
2022-09-27,1088.8455810546875,2655.612060546875,669.2303466796875,1237.468505859375,824.9977416992188,2493.6123046875,276.5732116699219,498.4208068847656,737.4036254882812,358.1383361816406,1772.286376953125,734.9845581054688,3332.740478515625,8434.013671875,863.4835815429688,2567.322998046875,708.859375,892.8824462890625,5967.916015625,183.77613830566406,780.6678466796875,141.36184692382812,129.2206268310547,98.83309173583984,88.7531967163086,1191.852783203125,893.1019287109375,156.09783935546875,814.5806884765625,1059.3369140625
2022-09-28,1059.8551025390625,2671.62939453125,657.7280883789062,1238.489501953125,822.0462646484375,2514.879638671875,268.396240234375,487.59765625,738.2277221679688,356.80474853515625,1766.751708984375,714.00634765625,3428.7666015625,8388.5478515625,883.4066162109375,2544.22021484375,704.910400390625,900.9301147460938,5948.7392578125,183.6147003173828,782.4098510742188,140.42832946777344,131.01844787597656,97.3241958618164,86.52641296386719,1198.2664794921875,899.3907470703125,153.83555603027344,831.74267578125,1057.842529296875
2022-09-29,1056.6063232421875,2637.878173828125,654.3201293945312,1241.9971923828125,816.6273193359375,2513.43701171875,275.0865173339844,484.71771240234375,741.3302001953125,351.3708801269531,1747.5482177734375,716.5477294921875,3250.302001953125,8290.5947265625,895.7744750976562,2499.347412109375,695.3435668945312,907.53857421875,5951.58154296875,181.19293212890625,784.321533203125,141.85086059570312,131.20767211914062,100.58024597167969,88.02607727050781,1213.64990234375,879.65087890625,156.09783935546875,849.4696044921875,1075.87255859375
2022-09-30,1080.4393310546875,2644.2587890625,672.7803955078125,1255.139404296875,834.142333984375,2509.620849609375,274.3844299316406,492.93951416015625,775.505126953125,362.0992736816406,1778.5430908203125,730.69921875,3209.634521484375,8486.017578125,913.0508422851562,2573.839111328125,717.9515991210938,915.4595336914062,6027.9052734375,181.86180114746094,792.2237548828125,141.93975830078125,133.85704040527344,100.69937133789062,90.25286102294922,1223.1500244140625,880.9609985351562,154.89373779296875,844.599609375,1075.0048828125
2022-10-03,1076.6905517578125,2627.009033203125,668.9226684570312,1237.6458740234375,820.9334716796875,2440.794677734375,267.9419250488281,482.8596496582031,778.8499145507812,355.0730895996094,1751.206298828125,720.2848510742188,3171.656005859375,8215.763671875,909.0565795898438,2541.505126953125,701.90576171875,908.1817016601562,6015.81103515625,181.97711181640625,790.439453125,142.56210327148438,132.9739532470703,105.14664459228516,89.38941192626953,1206.8985595703125,878.2532958984375,156.86407470703125,860.9530639648438,1090.23876953125
2022-10-04,1096.5474853515625,2720.47412109375,687.7615966796875,1269.302978515625,839.6097412109375,2483.095947265625,274.9212951660156,494.8904724121094,784.0367431640625,362.7064208984375,1801.5003662109375,740.2664794921875,3205.12109375,8353.7021484375,909.1046142578125,2552.266845703125,732.9208984375,920.5784301757812,6078.45068359375,187.05125427246094,803.8224487304688,144.51805114746094,131.49151611328125,106.33788299560547,91.93431854248047,1215.578857421875,898.16796875,162.92120361328125,859.8427124023438,1103.640869140625
2022-10-06,1100.591796875,2729.9794921875,680.1881713867188,1292.169189453125,856.83447265625,2432.8837890625,278.0599365234375,499.16400146484375,764.5496826171875,362.03961181640625,1841.3509521484375,752.5244750976562,3196.6708984375,8365.7177734375,918.1038818359375,2559.918212890625,724.6458740234375,922.8880615234375,6058.8876953125,189.19622802734375,819.58447265625,144.8292236328125,130.1353302001953,105.3451919555664,94.11565399169922,1212.25146484375,900.7883911132812,170.40133666992188,856.6480102539062,1093.80615234375
2022-10-07,1105.2493896484375,2697.371826171875,677.25341796875,1288.6614990234375,854.0281982421875,2419.57470703125,275.9537353515625,492.56793212890625,768.9124755859375,363.3333435058594,1852.516845703125,753.12255859375,3210.8349609375,8438.8681640625,919.306884765625,2695.820068359375,718.8716430664062,923.8849487304688,5978.1796875,188.2506103515625,813.7639770507812,146.07394409179688,132.09078979492188,106.45702362060547,93.88843536376953,1194.842529296875,894.2810668945312,167.6282196044922,852.57666015625,1089.997802734375
2022-10-10,1093.1851806640625,2744.5888671875,669.774658203125,1298.8292236328125,853.254150390625,2425.06591796875,270.7914733886719,493.0788879394531,768.1853637695312,359.9197692871094,1838.174560546875,774.2003173828125,3147.697509765625,8518.94140625,910.5484008789062,2646.060302734375,713.806884765625,914.2282104492188,5926.52685546875,189.72671508789062,818.479736328125,145.7627410888672,131.8069305419922,105.82169342041016,93.79753875732422,1198.84521484375,899.0850830078125,167.73770141601562,853.229248046875,1078.7650146484375
2022-10-11,1071.4195556640625,2701.4638671875,662.9822998046875,1264.330322265625,842.46435546875,2373.9228515625,269.51129150390625,489.9666442871094,756.5029296875,355.8692626953125,1808.6234130859375,782.8706665039062,3167.623291015625,8347.599609375,909.2971801757812,2591.166259765625,704.9398193359375,882.2335205078125,5856.033203125,186.54385375976562,797.5344848632812,143.18443298339844,131.42845153808594,104.11424255371094,91.20719146728516,1185.8729248046875,877.6856079101562,164.52670288085938,834.2847900390625,1070.3287353515625
2022-10-12,1079.3033447265625,2728.92333984375,667.3133544921875,1268.681396484375,840.287109375,2411.80322265625,272.64984130859375,495.91241455078125,751.8977661132812,360.3079528808594,1839.7147216796875,805.9417114257812,3119.129638671875,8349.953125,919.69189453125,2588.056396484375,707.22998046875,895.40478515625,5953.31689453125,188.18142700195312,808.9205932617188,146.6962890625,135.97027587890625,104.31280517578125,91.38897705078125,1203.5711669921875,887.3372192382812,169.37966918945312,826.1810302734375,1068.7376708984375
2022-10-13,1082.7340087890625,2731.167724609375,659.6452026367188,1260.8671875,826.0137329101562,2388.58203125,271.4522705078125,484.43902587890625,745.4506225585938,358.5762023925781,1805.9283447265625,799.2645874023438,3081.4873046875,8314.3388671875,932.0597534179688,2565.64453125,699.9336547851562,897.23388671875,5957.2197265625,174.87332153320312,834.4967041015625,146.47401428222656,134.96095275878906,103.12156677246094,90.97998046875,1203.8603515625,884.7605590820312,171.1676025390625,828.8108520507812,1064.1097412109375
2022-10-14,1077.2357177734375,2727.5146484375,681.134765625,1309.1298828125,842.125732421875,2397.33056640625,274.3017883300781,489.7808837890625,742.5905151367188,365.0451354980469,1840.0513916015625,797.7697143554688,3058.9208984375,8283.3388671875,939.6632690429688,2584.551513671875,711.7612915039062,905.0927124023438,5967.09716796875,174.04299926757812,851.8733520507812,146.7852020263672,134.1409149169922,101.33470153808594,90.97998046875,1186.5963134765625,890.787353515625,172.48117065429688,839.7490234375,1069.171630859375
2022-10-17,1094.525634765625,2745.69189453125,684.7085571289062,1323.0714111328125,856.5926513671875,2411.058349609375,274.4257507324219,505.0633239746094,742.6389770507812,369.8520202636719,1812.71435546875,811.3731689453125,3070.54052734375,8385.7109375,943.224365234375,2591.659912109375,719.855224609375,904.7173461914062,6043.7099609375,173.02818298339844,845.1180419921875,149.76356506347656,133.63626098632812,101.49351501464844,90.48008728027344,1186.3070068359375,893.7570190429688,173.685302734375,844.5021362304688,1068.448486328125
2022-10-18,1113.83740234375,2774.765625,683.4304809570312,1335.2811279296875,867.91455078125,2421.947998046875,281.07470703125,522.5289306640625,759.2659912109375,370.1605529785156,1846.30810546875,813.5656127929688,3097.66796875,8466.0224609375,941.6362915039062,2607.555419921875,723.3002319335938,927.0816650390625,6116.22607421875,174.96556091308594,857.5238037109375,148.42994689941406,133.95167541503906,102.2082748413086,91.47987365722656,1209.2615966796875,890.394287109375,176.3854522705078,848.6611938476562,1085.5142822265625
2022-10-19,1133.21728515625,2754.603515625,690.4359741210938,1319.075439453125,863.2695922851562,2404.031494140625,286.0718078613281,514.1212768554688,759.5083618164062,372.081298828125,1833.602294921875,827.01953125,3085.087890625,8381.43359375,940.2407836914062,2610.9619140625,722.3214721679688,943.8776245117188,6166.00048828125,174.3889617919922,854.4771118164062,145.8516845703125,134.92942810058594,101.49351501464844,90.93453216552734,1204.0533447265625,890.2195434570312,173.83123779296875,840.9373168945312,1081.8023681640625
2022-10-20,1136.2618408203125,2785.88330078125,685.7735595703125,1332.794921875,859.93115234375,2420.69140625,288.8387756347656,515.9793701171875,768.7186889648438,370.92681884765625,1832.88037109375,823.033203125,3016.093017578125,8369.947265625,943.5612182617188,2598.077392578125,727.4107666015625,959.2748413085938,6073.39111328125,175.98040771484375,873.1433715820312,148.42994689941406,137.20033264160156,102.92302703857422,91.70709228515625,1205.5965576171875,909.8284912109375,175.8746337890625,847.2001342773438,1096.0721435546875
2022-10-21,1123.084228515625,2768.32421875,680.9454345703125,1332.439697265625,877.833251953125,2470.018798828125,285.4522705078125,521.04248046875,773.1298217773438,378.70947265625,1806.505859375,897.3290405273438,2969.520751953125,8366.005859375,941.0106811523438,2631.79345703125,703.9561157226562,970.4569702148438,6131.78955078125,176.46475219726562,881.5537719726562,146.74073791503906,137.07415771484375,104.47163391113281,91.07086181640625,1212.106689453125,909.391845703125,174.19615173339844,843.64501953125,1094.095458984375
2022-10-24,1126.8330078125,2789.765625,691.5719604492188,1347.846435546875,896.3643188476562,2394.8173828125,287.1868591308594,530.0075073242188,777.6380004882812,377.34600830078125,1838.2706298828125,906.3480834960938,2997.608154296875,8425.748046875,949.961669921875,2649.811767578125,705.3019409179688,998.1959838867188,6162.3388671875,177.45652770996094,885.3298950195312,148.42994689941406,138.0519256591797,105.4643325805664,91.97975158691406,1225.8023681640625,915.5059814453125,175.50975036621094,852.7422485351562,1105.810302734375
2022-10-25,1109.4298095703125,2790.118896484375,686.7675170898438,1355.35009765625,895.1546630859375,2331.808349609375,286.030517578125,537.4861450195312,777.8319091796875,367.5531311035156,1876.14794921875,899.7706298828125,2962.318359375,8656.013671875,954.3409423828125,2636.384765625,695.1625366210938,969.8568725585938,6182.67236328125,177.43345642089844,880.9529418945312,150.56375122070312,137.8311309814453,103.8363037109375,91.97975158691406,1235.881103515625,945.509033203125,175.10833740234375,865.3750610351562,1114.4876708984375
2022-10-27,1113.7918701171875,2785.971435546875,688.4241943359375,1368.0523681640625,894.5256958007812,2344.4658203125,285.6175537109375,538.5081176757812,792.1805419921875,371.2154846191406,1890.538330078125,912.0286865234375,2922.515869140625,8691.53125,973.686767578125,2669.458984375,682.26318359375,962.724853515625,6203.00537109375,176.51087951660156,885.716064453125,151.71949768066406,141.2375030517578,104.670166015625,94.70642852783203,1248.1783447265625,939.7003784179688,175.80162048339844,874.89111328125,1124.1295166015625
2022-10-28,1147.87158203125,2791.133544921875,690.4595336914062,1358.4471435546875,878.510498046875,2349.352294921875,285.6175537109375,530.2398071289062,791.9381713867188,375.04705810546875,1901.126708984375,899.9699096679688,2932.06982421875,9124.6689453125,952.84912109375,2701.64501953125,685.7620849609375,969.8592529296875,6211.72705078125,176.78765869140625,883.956787109375,154.74234008789062,143.0668182373047,106.1790542602539,92.34330749511719,1265.0567626953125,916.20458984375,178.35585021972656,868.8036499023438,1113.8128662109375
2022-10-31,1158.5272216796875,2817.515869140625,708.4464721679688,1380.35107421875,879.3331298828125,2373.9697265625,288.0127868652344,533.0733032226562,806.6260986328125,378.5701599121094,1947.3780517578125,902.9098510742188,2988.51904296875,9158.3603515625,978.7396240234375,2726.42626953125,699.1947631835938,979.525390625,6471.0537109375,178.3098907470703,893.5257568359375,153.89772033691406,143.9184112548828,106.45702362060547,92.29786682128906,1300.6939697265625,928.8261108398438,179.48699951171875,863.6900634765625,1125.5758056640625
2022-11-01,1149.5528564453125,2876.237060546875,716.2802734375,1412.0848388671875,879.236328125,2390.928466796875,288.67352294921875,535.953369140625,810.0679321289062,380.01318359375,1948.6776123046875,868.7766723632812,3038.236328125,9088.1884765625,997.700439453125,2719.95947265625,705.595458984375,990.423095703125,6573.154296875,181.0084228515625,909.7459716796875,161.6326446533203,148.3340606689453,107.3305892944336,91.97975158691406,1305.950439453125,935.376953125,179.26805114746094,883.4818725585938,1131.3607177734375
2022-11-02,1156.7322998046875,2860.354736328125,716.7298583984375,1394.400146484375,875.4623413085938,2359.540283203125,292.92724609375,533.1197509765625,785.151611328125,380.1624755859375,1937.9449462890625,860.6046142578125,3011.79052734375,8871.716796875,1012.4743041992188,2693.7958984375,700.37890625,980.677490234375,6533.6435546875,181.72341918945312,897.00146484375,160.87689208984375,147.16702270507812,108.36299133300781,92.02519989013672,1304.3106689453125,945.0722045898438,179.37754821777344,887.446044921875,1117.7177734375
2022-11-03,1161.0491943359375,2829.515869140625,713.5822143554688,1374.15673828125,879.2847290039062,2385.822021484375,292.142578125,543.3855590820312,793.683349609375,378.21185302734375,1933.51708984375,861.1029052734375,3020.83056640625,8881.0400390625,1005.0150756835938,2728.548828125,696.99267578125,982.4139404296875,6483.86962890625,179.2093963623047,896.9586181640625,158.38751220703125,143.85533142089844,108.32328033447266,92.70687866210938,1287.962890625,919.6112060546875,179.66940307617188,894.1180419921875,1121.4298095703125
2022-11-04,1178.13427734375,2838.913330078125,708.6594848632812,1359.120361328125,876.04296875,2361.461181640625,292.0599670410156,551.7931518554688,791.501953125,378.1720275878906,1939.677490234375,865.1390380859375,3059.344482421875,8871.8125,1000.8765869140625,2734.52197265625,705.8401489257812,982.5029296875,6642.68359375,180.15504455566406,897.130126953125,157.32061767578125,142.65679931640625,109.47482299804688,95.2063217163086,1290.760009765625,920.309814453125,179.55996704101562,881.494873046875,1105.038818359375
2022-11-07,1184.4276123046875,2853.2958984375,714.1739501953125,1353.2403564453125,887.8487548828125,2373.126220703125,291.97735595703125,570.5593872070312,797.6098022460938,374.7186279296875,1942.1322021484375,869.9725952148438,2984.528076171875,8971.5908203125,989.7599487304688,2706.72998046875,703.69189453125,985.1461181640625,6720.21240234375,180.59324645996094,898.6749877929688,156.34268188476562,143.8238067626953,110.03073120117188,96.97865295410156,1303.2982177734375,920.178955078125,182.1141815185547,873.7710571289062,1090.38330078125
2022-11-09,1183.246337890625,2837.72216796875,713.9608764648438,1356.606689453125,881.074951171875,2350.639404296875,297.9243469238281,571.8600463867188,794.0711059570312,376.8682861328125,1928.51171875,870.7200317382812,2968.13232421875,8894.8828125,975.515380859375,2683.57763671875,699.1849975585938,977.4330444335938,6652.75439453125,180.33956909179688,904.0817260742188,154.16444396972656,137.98883056640625,110.11014556884766,96.43331909179688,1290.03662109375,914.1361694335938,186.6752166748047,883.4039306640625,1088.9371337890625
2022-11-10,1168.9329833984375,2828.54541015625,721.7236328125,1348.302978515625,881.2684936523438,2355.13671875,294.04229736328125,562.755615234375,800.5667724609375,380.600341796875,1903.62939453125,840.8223876953125,2928.367919921875,8744.6875,972.7242431640625,2607.45654296875,682.6547241210938,970.4774169921875,6554.26611328125,179.39390563964844,903.2235107421875,153.0086669921875,135.56027221679688,111.0631332397461,95.16087341308594,1252.0843505859375,907.3826293945312,185.06973266601562,886.23828125,1082.0916748046875
2022-11-11,1195.878662109375,2925.8701171875,762.6201171875,1409.4814453125,877.2525634765625,2345.25146484375,294.3313903808594,558.6214599609375,801.6817016601562,378.0028381347656,1935.8272705078125,847.7985229492188,2938.224853515625,8735.3642578125,975.515380859375,2618.11962890625,690.1271362304688,977.5579833984375,6565.734375,184.3758087158203,936.0072631835938,152.4307861328125,135.02406311035156,111.53962707519531,97.75121307373047,1241.378662109375,940.7952270507812,184.8142852783203,884.2903442382812,1081.223876953125
2022-11-14,1190.085205078125,2943.1201171875,764.4661865234375,1423.12646484375,866.0275268554688,2302.8544921875,286.7738952636719,550.4924926757812,796.834228515625,382.7201843261719,1924.9503173828125,848.0974731445312,2936.109130859375,8797.65234375,978.7396240234375,2596.399169921875,687.6167602539062,965.1812744140625,6605.43798828125,182.92276000976562,943.1732788085938,152.4307861328125,136.50962829589844,110.5866470336914,98.79643249511719,1232.74658203125,946.7045288085938,180.39920043945312,850.0442504882812,1089.0335693359375
2022-11-15,1184.745849609375,2940.561279296875,766.3358764648438,1430.9365234375,882.2361450195312,2302.573486328125,285.1632385253906,558.2033081054688,809.7770385742188,380.6501159667969,1921.8218994140625,855.7213745117188,2961.20849609375,8807.1220703125,977.9215087890625,2622.907958984375,687.61181640625,964.7171020507812,6711.5869140625,183.1995391845703,947.3784790039062,153.0086669921875,139.5129852294922,113.04854583740234,98.66011047363281,1245.815185546875,948.1264038085938,180.3603515625,863.6900634765625,1078.6688232421875
2022-11-16,1177.95263671875,2960.635009765625,772.915283203125,1438.836181640625,884.0747680664062,2321.640625,284.21337890625,557.1814575195312,815.5455932617188,391.2989501953125,1928.6080322265625,852.482421875,2964.814697265625,8780.927734375,980.4240112304688,2610.71484375,674.8201904296875,966.7542114257812,6660.94580078125,183.7069549560547,948.4942016601562,151.09716796875,140.22349548339844,113.48531341552734,96.84232330322266,1240.9927978515625,948.037353515625,182.49684143066406,872.9041748046875,1081.0308837890625
2022-11-17,1180.9971923828125,2955.032470703125,765.9335327148438,1425.0115966796875,890.0744018554688,2304.916015625,283.8829650878906,556.5311889648438,820.3447265625,388.24359130859375,1953.5867919921875,855.2728881835938,2953.803466796875,8638.1826171875,975.3228759765625,2549.205810546875,674.8201904296875,961.612060546875,6622.25390625,183.01502990722656,937.6378784179688,149.63018798828125,140.99856567382812,113.72355651855469,96.20610046386719,1214.6143798828125,940.6619262695312,180.55458068847656,861.2745361328125,1079.391845703125
2022-11-18,1180.3609619140625,2950.135009765625,763.921875,1430.39794921875,890.6066284179688,2327.12158203125,281.6941833496094,559.922119140625,811.7644653320312,390.0350036621094,1948.6776123046875,856.2694702148438,2976.786865234375,8505.1455078125,971.7135620117188,2533.212158203125,664.6857299804688,958.4421997070312,6566.93896484375,181.6772918701172,946.73486328125,147.4519805908203,141.03085327148438,112.5720443725586,95.88799285888672,1183.5582275390625,942.7057495117188,178.34039306640625,858.88818359375,1062.904541015625
2022-11-21,1159.1181640625,2897.237548828125,756.0880737304688,1407.775634765625,891.6226806640625,2343.70556640625,278.51422119140625,555.6485595703125,825.2406005859375,386.9598388671875,1936.1640625,867.0824584960938,2976.5947265625,8521.6318359375,965.5057373046875,2540.666015625,653.6851196289062,950.5823974609375,6509.50390625,179.2786102294922,940.1696166992188,146.16282653808594,141.48300170898438,112.9472885131836,94.75187683105469,1174.9744873046875,926.4881591796875,178.26268005371094,847.3558959960938,1064.880859375
2022-11-22,1165.547607421875,2924.98779296875,754.9756469726562,1422.902099609375,893.848388671875,2357.104248046875,281.03338623046875,556.57763671875,821.7503662109375,386.0939636230469,1953.827392578125,867.0824584960938,2984.816650390625,8529.849609375,972.1947631835938,2573.0986328125,654.2674560546875,943.4535522460938,6594.5,179.3477783203125,946.949462890625,148.51885986328125,140.67562866210938,112.73880004882812,95.61531829833984,1184.8118896484375,933.6417236328125,177.99078369140625,849.8201904296875,1064.5435791015625
2022-11-23,1161.91259765625,2919.119873046875,756.9400634765625,1421.1964111328125,897.4772338867188,2349.280517578125,280.6617126464844,564.520751953125,817.5330810546875,388.8009338378906,1949.2071533203125,871.716552734375,2981.8837890625,8588.2451171875,979.4614868164062,2568.705322265625,663.5650634765625,941.12548828125,6576.18994140625,179.3247528076172,946.949462890625,149.40794372558594,138.96400451660156,113.82286071777344,95.84254455566406,1191.804443359375,927.7767333984375,179.15614318847656,858.2259521484375,1068.3038330078125
2022-11-24,1171.9320068359375,2982.517578125,769.2468872070312,1463.0743408203125,908.5087280273438,2388.44580078125,281.4464111328125,566.10009765625,822.4775390625,387.10906982421875,1975.3890380859375,875.553466796875,2995.827880859375,8619.5830078125,996.2567138671875,2577.0478515625,662.7136840820312,949.3197021484375,6611.02734375,183.7069549560547,969.4345703125,150.69708251953125,142.58099365234375,116.2827377319336,95.88799285888672,1209.502685546875,950.214599609375,177.52462768554688,859.8233032226562,1056.107177734375
2022-11-25,1189.4261474609375,2990.900390625,765.6968994140625,1468.32568359375,900.2350463867188,2377.483154296875,281.07470703125,564.2885131835938,821.0232543945312,383.8348083496094,1985.5440673828125,884.7221069335938,2988.951416015625,8669.951171875,995.053466796875,2562.435791015625,660.37939453125,939.40576171875,6624.32568359375,185.8057861328125,968.2328491210938,150.91937255859375,142.48411560058594,117.19999694824219,96.52420806884766,1216.012939453125,959.8563842773438,179.7776641845703,860.6511840820312,1065.7489013671875
2022-11-28,1230.2991943359375,2995.84130859375,757.4607543945312,1457.3289794921875,907.1056518554688,2366.00537109375,280.8681945800781,565.4032592773438,811.8615112304688,383.78509521484375,1987.180419921875,888.65869140625,3030.350830078125,8637.1728515625,995.9197387695312,2559.325927734375,663.3106079101562,953.1678466796875,6641.9609375,187.12046813964844,960.165771484375,151.4972381591797,142.93626403808594,116.40782928466797,95.3426513671875,1206.2716064453125,957.2348022460938,178.573486328125,857.514892578125,1062.2777099609375
2022-11-29,1232.4119873046875,2997.694580078125,756.3246459960938,1462.4007568359375,916.1534423828125,2468.134033203125,282.7265930175781,565.3568725585938,810.3587646484375,383.26751708984375,1973.8009033203125,889.5057373046875,3014.8203125,8564.8876953125,1010.4532470703125,2580.552734375,659.0728149414062,967.8750610351562,6677.23193359375,186.88983154296875,968.87646484375,151.2749786376953,141.6767578125,116.94983673095703,96.43331909179688,1212.4443359375,954.8800659179688,176.51463317871094,867.517822265625,1080.9827880859375
2022-11-30,1241.1136474609375,2991.9150390625,761.3421020507812,1467.697509765625,922.104736328125,2515.12255859375,280.8268737792969,559.6898193359375,822.8652954101562,387.5469665527344,1997.19140625,898.1760864257812,3053.382080078125,8626.359375,1006.7957763671875,2619.30419921875,657.7809448242188,970.888671875,6819.95263671875,187.69703674316406,961.8821411132812,153.09759521484375,144.6801300048828,117.65863037109375,97.84210205078125,1259.2215576171875,957.0571899414062,176.55345153808594,874.1021728515625,1098.8199462890625
2022-12-01,1237.455810546875,3066.783447265625,766.5724487304688,1487.5814208984375,909.8151245117188,2494.977783203125,280.4552307128906,564.9388427734375,822.7199096679688,385.0091552734375,2025.4906005859375,900.7671508789062,3057.42138671875,8610.98046875,1007.1807861328125,2605.185791015625,660.4038696289062,964.4260864257812,7009.79736328125,190.8338165283203,975.2705078125,153.09759521484375,143.32379150390625,116.78307342529297,100.65966796875,1247.503173828125,978.8287353515625,175.6600341796875,871.6087036132812,1084.5985107421875
2022-12-02,1236.93310546875,3034.576904296875,760.703125,1470.3455810546875,900.5253295898438,2450.238037109375,278.4729309082031,564.4277954101562,822.7684326171875,384.3125305175781,2007.4423828125,902.0628662109375,3022.89794921875,8474.193359375,1000.9728393554688,2584.650146484375,653.3572387695312,950.0772705078125,6974.18896484375,190.234130859375,974.5409545898438,153.0531005859375,141.96737670898438,117.49185180664062,101.7957763671875,1219.6778564453125,990.6029663085938,176.04847717285156,878.6314086914062,1074.4263916015625
2022-12-05,1218.8936767578125,3022.885986328125,763.47216796875,1472.0064697265625,903.4284057617188,2454.6884765625,278.1425476074219,573.4857788085938,818.357177734375,385.8351745605469,2007.5389404296875,896.1331176757812,3035.832275390625,8451.3154296875,1000.3953857421875,2582.4287109375,651.8598022460938,950.125244140625,6937.1357421875,190.2110595703125,970.507080078125,155.72032165527344,143.32379150390625,119.8683853149414,105.29500579833984,1215.048583984375,977.2734985351562,179.6611328125,872.5924682617188,1075.3905029296875
2022-12-06,1222.4151611328125,2987.106201171875,762.6201171875,1447.9029541015625,892.8323364257812,2487.200927734375,278.5968017578125,565.728515625,807.9349975585938,385.1982727050781,2015.1431884765625,901.564453125,3040.44775390625,8379.5107421875,994.764892578125,2583.76171875,655.5886840820312,957.768798828125,6979.00732421875,189.74978637695312,962.0111083984375,155.76478576660156,144.35720825195312,118.78435516357422,102.65922546386719,1218.18310546875,967.5430908203125,179.97186279296875,852.099365234375,1069.846435546875
2022-12-07,1204.3758544921875,2982.9150390625,762.2887573242188,1441.260009765625,892.3484497070312,2536.672119140625,280.9095153808594,563.96337890625,808.565185546875,380.4610290527344,2044.5018310546875,911.5303955078125,3102.762939453125,8323.5673828125,979.5578002929688,2563.867431640625,648.4098510742188,957.7566528320312,6902.05810546875,187.4202880859375,949.0950317382812,152.78640747070312,142.77479553222656,117.28338623046875,101.06865692138672,1221.6068115234375,957.9903564453125,178.49575805664062,849.6254272460938,1065.70068359375
2022-12-08,1203.8076171875,2956.399658203125,766.5724487304688,1454.4114990234375,901.7833862304688,2534.89208984375,279.50537109375,568.2369384765625,807.2078857421875,377.5848388671875,2086.566162109375,936.1460571289062,3097.906494140625,8346.2041015625,943.994384765625,2550.686767578125,644.177001953125,952.6820678710938,6918.29541015625,186.22096252441406,945.18994140625,151.45281982421875,140.67562866210938,118.95112609863281,101.6594467163086,1229.08154296875,954.524658203125,179.000732421875,848.5929565429688,1067.8216552734375
2022-12-09,1185.5638427734375,2905.399169921875,772.0396118164062,1408.763427734375,899.8479614257812,2550.6328125,281.9832458496094,572.74267578125,809.4378051757812,375.8034362792969,2073.427001953125,930.515380859375,3103.19580078125,8279.5400390625,955.5921630859375,2582.231201171875,637.8644409179688,973.6737060546875,6820.33837890625,181.76953125,881.8110961914062,150.69708251953125,140.28805541992188,117.32508850097656,100.38700103759766,1220.449462890625,920.0012817382812,177.79653930664062,858.50830078125,1068.20751953125
2022-12-12,1187.38134765625,2899.84033203125,778.0509643554688,1388.9239501953125,900.2350463867188,2545.9482421875,283.4699401855469,569.5374755859375,803.135986328125,371.3647766113281,2082.7158203125,935.448486328125,3044.919677734375,8324.1435546875,950.3466796875,2551.822265625,636.792724609375,985.4877319335938,6887.26611328125,182.83050537109375,882.5835571289062,150.16363525390625,139.2223663330078,118.70097351074219,101.52310943603516,1219.0992431640625,917.157470703125,180.55458068847656,867.3036499023438,1057.5052490234375
2022-12-13,1192.7886962890625,2940.12060546875,780.20458984375,1411.32177734375,902.7993774414062,2539.4365234375,285.4522705078125,572.974853515625,812.4916381835938,371.9121398925781,2091.571044921875,941.378173828125,3056.60400390625,8286.607421875,957.3245849609375,2543.18359375,647.9107666015625,980.7230224609375,6962.86572265625,183.47630310058594,896.5724487304688,150.43035888671875,139.70680236816406,120.36870574951172,101.06865692138672,1237.7618408203125,929.2874145507812,179.89419555664062,868.4529418945312,1070.1357421875
2022-12-14,1188.4720458984375,2969.458984375,786.8077392578125,1417.8302001953125,891.9613037109375,2515.4033203125,285.2870788574219,581.103759765625,803.9115600585938,372.84759521484375,2113.27734375,939.1857299804688,3025.30224609375,8306.6962890625,962.7144775390625,2558.190673828125,651.3460693359375,965.0995483398438,6936.1240234375,184.53726196289062,906.4417114257812,152.56411743164062,141.57984924316406,123.0787582397461,102.75011444091797,1240.751708984375,946.4823608398438,180.3603515625,877.49169921875,1072.83544921875
2022-12-15,1171.5911865234375,2916.296142578125,772.3945922851562,1382.909423828125,879.4298706054688,2495.352294921875,279.8770751953125,572.2316284179688,801.1483764648438,370.8572082519531,2096.04736328125,934.9501953125,3010.541015625,8251.4736328125,964.5913696289062,2490.6591796875,648.4293823242188,949.43505859375,6855.51171875,182.30001831054688,894.5556030273438,153.0086669921875,139.73907470703125,122.95368194580078,100.84143829345703,1241.2340087890625,908.8488159179688,177.29151916503906,870.5568237304688,1062.326171875
2022-12-16,1165.7974853515625,2859.07568359375,776.1102905273438,1366.4814453125,872.8496704101562,2502.894775390625,276.7796936035156,560.5259399414062,797.6582641601562,366.3488464355469,2093.592529296875,931.9105834960938,2938.70556640625,8156.9345703125,956.3621215820312,2451.315673828125,645.64013671875,949.4758911132812,6759.3369140625,179.78602600097656,883.6563720703125,150.9638214111328,137.70448303222656,122.7452163696289,100.93234252929688,1207.1396484375,907.1160888671875,174.53350830078125,839.4178466796875,1050.3702392578125
2022-12-19,1181.110595703125,2825.369140625,778.5243530273438,1353.15087890625,877.1558227539062,2546.744384765625,281.2398681640625,561.5478515625,814.77001953125,369.8520202636719,2102.255859375,942.9727783203125,2962.794677734375,8270.4091796875,950.8760986328125,2489.770751953125,654.458251953125,965.97265625,6818.98876953125,179.46311950683594,886.745849609375,152.74191284179688,141.3861083984375,121.5777816772461,101.61399841308594,1244.802490234375,912.35888671875,176.59231567382812,856.3558349609375,1057.360595703125
2022-12-20,1191.3345947265625,2862.34033203125,773.1520385742188,1353.1058349609375,880.3008422851562,2505.940185546875,280.9507751464844,561.5478515625,803.6691284179688,367.6526184082031,2082.28271484375,946.5106201171875,2963.94873046875,8193.9912109375,951.2610473632812,2476.2939453125,650.1373291015625,968.5653076171875,6840.189453125,179.4169921875,883.69921875,150.91937255859375,140.3526611328125,121.61949920654297,100.84143829345703,1229.9495849609375,904.5834350585938,175.6600341796875,851.2324829101562,1052.0577392578125
2022-12-21,1174.3857421875,2884.04638671875,765.673095703125,1355.125732421875,863.4147338867188,2498.116455078125,276.82098388671875,551.2822265625,789.1751708984375,361.1837158203125,2065.967041015625,929.1201782226562,2951.92822265625,8026.783203125,967.8636474609375,2457.97998046875,638.7696533203125,977.1588134765625,6698.240234375,179.6707000732422,892.839111328125,149.3190155029297,139.54530334472656,119.65989685058594,99.43266296386719,1220.73876953125,911.7813720703125,173.9119873046875,858.5960083007812,1087.5872802734375
2022-12-22,1171.3411865234375,2876.237060546875,763.046142578125,1366.346923828125,861.866455078125,2478.580810546875,274.5909423828125,551.2822265625,791.69580078125,363.46270751953125,2030.9774169921875,916.41357421875,2970.103759765625,8011.35400390625,972.7242431640625,2451.463623046875,635.2413940429688,976.7932739257812,6757.69873046875,179.3247528076172,891.7665405273438,147.49642944335938,138.8671112060547,118.61758422851562,97.84210205078125,1190.11669921875,902.71728515625,173.01852416992188,847.2390747070312,1082.2362060546875
2022-12-23,1136.9888916015625,2848.575927734375,756.2300415039062,1343.9490966796875,850.4962158203125,2455.859375,269.8415832519531,533.2592163085938,783.98828125,362.64666748046875,1985.5440673828125,903.5077514648438,2940.62890625,7826.07373046875,963.9656372070312,2451.512939453125,623.8836059570312,968.4306640625,6658.4404296875,174.20445251464844,884.4715576171875,144.91812133789062,136.44500732421875,116.57460021972656,92.93408966064453,1181.0986328125,884.8558349609375,167.07513427734375,839.6808471679688,1079.054443359375
2022-12-26,1146.91748046875,2870.237548828125,771.2822265625,1348.7071533203125,864.3340454101562,2452.439697265625,276.36669921875,554.719482421875,786.2666625976562,360.9747009277344,2012.784912109375,925.5324096679688,2938.849609375,7936.8095703125,962.5220336914062,2449.587646484375,629.6676635742188,957.1145629882812,6817.06103515625,175.5191192626953,885.4155883789062,147.27415466308594,136.83253479003906,117.82539367675781,95.43354034423828,1193.1065673828125,889.52099609375,171.50355529785156,827.6322631835938,1057.2159423828125
2022-12-27,1156.3006591796875,2876.060791015625,772.0632934570312,1359.8834228515625,871.5433349609375,2429.765380859375,275.1690673828125,559.1788940429688,789.9507446289062,362.4376525878906,2044.5980224609375,929.0205078125,2993.2314453125,7983.57373046875,962.6181640625,2471.75244140625,636.6165161132812,951.2701416015625,6849.05615234375,178.3329620361328,889.4063720703125,146.8740997314453,137.34925842285156,120.74392700195312,101.02322387695312,1190.4058837890625,897.118896484375,171.89199829101562,828.0706787109375,1056.589111328125
2022-12-28,1156.18701171875,2873.943115234375,771.4479370117188,1355.664306640625,869.898193359375,2420.723876953125,276.2015686035156,558.3892211914062,779.2861938476562,362.2784118652344,2041.7099609375,921.546142578125,3003.9052734375,8094.69384765625,957.6614990234375,2547.379638671875,633.8173217773438,954.5219116210938,6797.59521484375,178.88650512695312,888.6339111328125,147.4519805908203,139.35153198242188,119.99344635009766,99.97799682617188,1207.863037109375,903.07275390625,173.406982421875,828.4407348632812,1046.899169921875
2022-12-29,1155.6646728515625,2884.222412109375,776.891357421875,1362.30712890625,878.7041625976562,2406.15380859375,276.9861755371094,568.376220703125,795.71923828125,362.0097351074219,2031.89208984375,931.3624877929688,2995.683349609375,8108.87255859375,963.0031127929688,2520.821044921875,637.223388671875,952.8095092773438,6728.59619140625,180.24729919433594,896.3577880859375,148.2521514892578,139.35153198242188,120.61886596679688,101.56855773925781,1217.5079345703125,900.3624267578125,172.2027587890625,829.969970703125,1048.5865478515625
2022-12-30,1157.4366455078125,2873.58984375,770.6669311523438,1353.9136962890625,862.0599975585938,2399.59521484375,273.8475341796875,570.141357421875,781.5160522460938,363.70159912109375,2007.7314453125,930.5652465820312,2969.478271484375,8069.26953125,963.8213500976562,2564.50927734375,643.516357421875,943.0927734375,6706.28662109375,181.16986083984375,891.9380493164062,147.9854278564453,138.02745056152344,122.3699722290039,102.38655853271484,1204.8248291015625,903.2060546875,174.8442840576172,825.4797973632812,1037.402099609375
2023-01-02,1170.47802734375,2877.781494140625,770.9271240234375,1368.0972900390625,873.28515625,2397.1123046875,274.9212951660156,568.747802734375,788.6903686523438,363.26373291015625,2011.24462890625,938.388427734375,2930.387451171875,8077.6318359375,959.5864868164062,2533.162353515625,641.4170532226562,940.95458984375,6763.04736328125,181.30824279785156,892.0667724609375,149.36346435546875,138.8994140625,125.45526885986328,108.38523864746094,1217.989990234375,897.0744018554688,174.61117553710938,824.9928588867188,1032.581298828125
2023-01-03,1161.91259765625,2921.8115234375,775.96826171875,1366.795654296875,872.2206420898438,2381.79296875,273.475830078125,568.93359375,792.665283203125,364.8162536621094,2010.763427734375,959.0178833007812,2912.11572265625,8057.87841796875,971.232421875,2580.40478515625,646.5552368164062,948.9275512695312,6739.58154296875,183.15341186523438,893.697265625,149.0078582763672,139.25465393066406,124.7048110961914,107.65812683105469,1204.9215087890625,909.7817993164062,174.10617065429688,825.6356201171875,1037.3538818359375
2023-01-04,1144.418212890625,2924.723388671875,762.0994873046875,1341.8843994140625,870.0433959960938,2376.218505859375,270.0893859863281,562.24462890625,787.042236328125,362.4078063964844,1993.0523681640625,954.1843872070312,2901.1533203125,8096.37646484375,966.4199829101562,2564.55859375,643.1053466796875,938.9511108398438,6750.9052734375,179.762939453125,889.6209106445312,148.11878967285156,136.3158416748047,121.95304107666016,105.20411682128906,1192.2867431640625,906.6717529296875,168.70664978027344,828.5868530273438,1028.676513671875
2023-01-05,1142.3734130859375,2921.5908203125,757.2003784179688,1324.2894287109375,850.7381591796875,2420.8173828125,275.4167785644531,562.1517333984375,782.4855346679688,362.3182678222656,2009.2235107421875,946.3113403320312,2889.1328125,8133.19189453125,978.06591796875,2529.55908203125,597.0133666992188,951.2701416015625,6752.4951171875,178.47134399414062,896.0574340820312,151.0526885986328,134.86257934570312,122.1614990234375,105.93123626708984,1208.1524658203125,898.9849853515625,169.4835662841797,837.1581420898438,1049.3577880859375
2023-01-06,1152.75634765625,2833.751708984375,754.6917114257812,1300.3209228515625,841.9805297851562,2414.0244140625,276.7384033203125,558.017578125,771.7240600585938,355.6502990722656,2008.453369140625,936.6942749023438,2864.177734375,8058.166015625,970.8474731445312,2505.86376953125,585.3031005859375,956.5253295898438,6728.59619140625,176.21102905273438,886.3597412109375,150.25254821777344,134.41043090820312,122.87029266357422,105.11322784423828,1219.96728515625,876.324951171875,166.45359802246094,832.1419677734375,1037.7877197265625
2023-01-09,1179.9747314453125,2929.3994140625,756.1589965820312,1332.5931396484375,845.1255493164062,2458.62353515625,279.2163391113281,564.5671997070312,794.410400390625,360.64630126953125,2042.28759765625,955.4799194335938,2869.70703125,8052.35107421875,978.6915283203125,2453.092529296875,586.5706176757812,966.1674194335938,6779.333984375,180.7316436767578,916.0966796875,151.4972381591797,135.05636596679688,123.53740692138672,106.84011840820312,1263.802734375,902.1841430664062,166.99740600585938,844.2683715820312,1048.4901123046875
2023-01-10,1162.5260009765625,2899.796630859375,742.3375854492188,1319.3970947265625,833.5133666992188,2477.175537109375,275.3755798339844,552.9078979492188,768.6701049804688,357.39190673828125,2027.8009033203125,948.9024658203125,2846.820068359375,7971.751953125,973.879150390625,2436.8515625,577.8405151367188,963.197021484375,6668.94384765625,181.30824279785156,913.0071411132812,149.3190155029297,136.8002471923828,124.53801727294922,108.02168273925781,1268.191162109375,890.9874267578125,168.39590454101562,835.44384765625,1040.053466796875
2023-01-11,1147.87158203125,2937.119873046875,753.0350341796875,1320.7435302734375,838.3033447265625,2429.765380859375,274.0539855957031,554.3480224609375,742.20263671875,358.6459045410156,2045.8011474609375,946.5106201171875,2827.635009765625,7963.38818359375,989.423095703125,2406.442626953125,577.0184936523438,950.4187622070312,6766.90234375,181.6772918701172,905.2404174804688,147.62982177734375,136.8971405029297,122.41167449951172,108.02168273925781,1265.9727783203125,894.2752685546875,165.793212890625,830.2232055664062,1010.0678100585938
2023-01-12,1123.084228515625,2942.105712890625,757.0584716796875,1329.1370849609375,832.8359985351562,2426.767333984375,272.4433898925781,552.6757202148438,733.8165893554688,354.1972961425781,2078.91357421875,932.359130859375,2804.122802734375,8044.85302734375,994.0911865234375,2415.525634765625,577.27783203125,955.9480590820312,6893.52978515625,181.97711181640625,919.7011108398438,147.5408935546875,137.8982696533203,121.86966705322266,107.34001922607422,1273.0135498046875,890.009765625,166.1816864013672,839.7100830078125,1023.1323852539062
2023-01-13,1121.266845703125,2977.576416015625,757.6500854492188,1349.829345703125,845.2222900390625,2458.57666015625,271.5347900390625,557.5066528320312,740.9907836914062,354.3565673828125,2072.801025390625,930.9638671875,2797.58349609375,8125.791015625,992.8880615234375,2386.4990234375,585.0487670898438,951.6717529296875,6985.6083984375,181.70034790039062,924.9790649414062,149.1856689453125,138.22120666503906,122.5367431640625,109.47590637207031,1280.9703369140625,891.431640625,167.11398315429688,841.619140625,1029.495849609375
2023-01-16,1110.588623046875,3008.710205078125,750.38427734375,1369.444091796875,837.287353515625,2433.373046875,272.73248291015625,560.2008056640625,735.9979248046875,355.252197265625,2057.20751953125,910.0355224609375,2804.21875,8055.33056640625,996.5934448242188,2375.293701171875,588.2882080078125,949.3268432617188,7020.25341796875,183.868408203125,938.624755859375,147.5408935546875,139.2869415283203,123.0787582397461,109.0214614868164,1268.8663330078125,919.2457885742188,166.065185546875,842.7197265625,1021.6378784179688
2023-01-17,1126.3560791015625,3048.732177734375,761.5551147460938,1382.0115966796875,837.1906127929688,2499.381103515625,274.4257507324219,550.8641357421875,742.3480834960938,357.8099365234375,2130.266845703125,914.5699462890625,2828.115478515625,8150.73486328125,993.9465942382812,2377.36669921875,585.7484741210938,959.435546875,7109.68212890625,182.83050537109375,953.5146484375,149.0967559814453,141.06312561035156,123.2872314453125,108.47612762451172,1273.9298095703125,929.5540161132812,165.56016540527344,847.72607421875,1030.7974853515625
2023-01-18,1124.4930419921875,3059.2001953125,774.9978637695312,1387.308349609375,841.3999633789062,2516.85546875,276.40802001953125,549.4706420898438,752.8671875,358.0985107421875,2181.66796875,920.848388671875,2832.298828125,8164.86474609375,1001.069091796875,2393.311767578125,587.08935546875,953.5477294921875,7018.90478515625,185.99032592773438,957.0335083007812,150.6526336669922,141.6767578125,124.45465850830078,111.29368591308594,1275.18359375,931.5977783203125,168.47360229492188,850.1806030273438,1025.3017578125
2023-01-19,1123.2886962890625,3043.94921875,778.2166137695312,1381.47314453125,838.1582641601562,2482.703857421875,274.3431396484375,547.984130859375,748.4559936523438,351.7689514160156,2188.02099609375,925.5324096679688,2756.232421875,8172.1708984375,1001.5021362304688,2354.75732421875,588.43994140625,946.7052612304688,6950.38623046875,186.0825653076172,962.4457397460938,149.98583984375,142.58099365234375,126.53932189941406,112.29347229003906,1272.676025390625,935.99658203125,173.9896697998047,843.917724609375,1026.6998291015625
2023-01-20,1109.9295654296875,3034.925048828125,786.1923217773438,1369.4888916015625,842.2225341796875,2388.07080078125,276.36669921875,550.1673583984375,741.1362915039062,350.8931579589844,2165.737548828125,927.3760986328125,2680.887451171875,8112.71728515625,991.6849365234375,2341.18212890625,573.5587158203125,923.5656127929688,6916.46484375,185.96722412109375,959.3281860351562,149.98583984375,144.19570922851562,126.41424560546875,111.74813842773438,1268.04638671875,929.9539184570312,176.3592529296875,847.5020751953125,1015.7081909179688
2023-01-23,1104.3177490234375,3081.67041015625,791.9434204101562,1389.642333984375,843.5288696289062,2432.716552734375,278.968505859375,557.831787109375,749.1347045898438,355.0432434082031,2149.9033203125,929.518798828125,2677.66552734375,8090.8974609375,1009.923828125,2334.665771484375,573.8131713867188,931.6011352539062,6600.95654296875,187.74319458007812,970.9320678710938,148.341064453125,145.39064025878906,127.03962707519531,110.88468933105469,1281.2598876953125,946.66015625,178.76766967773438,845.0183715820312,1024.4822998046875
2023-01-24,1097.79736328125,3100.982177734375,802.5462036132812,1393.143310546875,842.609619140625,2436.55810546875,279.95965576171875,552.1646728515625,751.9946899414062,350.3656921386719,2124.87646484375,907.0955200195312,2702.812744140625,8361.6796875,1001.6465454101562,2340.63916015625,573.03515625,927.9260864257812,6562.36181640625,188.02064514160156,985.350830078125,147.62982177734375,142.71018981933594,126.87284851074219,109.43046569824219,1276.8714599609375,951.3699340820312,176.8253936767578,828.4407348632812,1024.0966796875
2023-01-25,1082.620361328125,3095.071044921875,780.370361328125,1385.1536865234375,827.6588134765625,2457.031005859375,280.2074279785156,528.3353881835938,752.8187255859375,348.28570556640625,2093.303955078125,889.3063354492188,2668.578125,8443.6748046875,1001.02099609375,2326.6689453125,567.2461547851562,925.2708740234375,6461.560546875,185.68540954589844,972.2744750976562,147.49642944335938,141.7090606689453,127.12300109863281,109.97579956054688,1264.9117431640625,934.0860595703125,175.6988525390625,818.3500366210938,998.1602783203125
2023-01-27,1062.081787109375,3078.196044921875,764.8211669921875,1363.7435302734375,790.7902221679688,2447.473876953125,285.7826843261719,501.62591552734375,750.8796997070312,340.9808349609375,2079.009765625,870.769775390625,2618.23583984375,8398.8798828125,1004.2452392578125,2301.640625,563.8010864257812,924.3497924804688,6471.6796875,184.06695556640625,966.0827026367188,147.85205078125,141.61219787597656,123.12045288085938,109.65768432617188,1273.3028564453125,915.3802490234375,172.78543090820312,840.3723754882812,1009.7302856445312
2023-01-30,1072.2601318359375,3098.591064453125,764.0401611328125,1381.38330078125,796.8865356445312,2406.247314453125,284.79150390625,500.0001525878906,746.7109375,343.5982360839844,2033.81689453125,868.8762817382812,2660.11572265625,8475.2998046875,1012.233642578125,2305.886474609375,589.35498046875,921.9229125976562,6637.52880859375,186.0091094970703,982.6663818359375,150.11920166015625,136.83253479003906,120.82733917236328,107.9307861328125,1284.2978515625,920.7120971679688,175.46578979492188,843.2554321289062,997.3407592773438
2023-01-31,1069.579345703125,3030.95458984375,758.9990234375,1376.849853515625,805.0150756835938,2414.3056640625,291.0274963378906,514.2141723632812,746.8079223632812,344.543701171875,2044.88671875,868.627197265625,2621.313232421875,8550.5654296875,995.6792602539062,2346.957763671875,576.1033325195312,914.796630859375,6828.19140625,184.43690490722656,971.7981567382812,152.16404724121094,139.93283081054688,120.82733917236328,108.79423522949219,1329.7730712890625,901.9618530273438,174.68887329101562,842.349609375,981.4801635742188
2023-02-01,1063.240478515625,3075.75927734375,770.3828735351562,1392.4251708984375,820.5464477539062,2411.96337890625,298.50244140625,489.92022705078125,745.6444702148438,347.2705993652344,2065.2451171875,854.3261108398438,2638.526611328125,8429.0146484375,976.8147583007812,2316.1044921875,569.3307495117188,918.2647705078125,6882.013671875,186.0784912109375,980.371337890625,151.14158630371094,139.86827087402344,120.28530883789062,110.93013000488281,1304.0216064453125,909.7374877929688,171.42584228515625,847.6774291992188,995.074951171875
2023-02-02,1057.35595703125,3122.73046875,758.9280395507812,1421.7349853515625,830.1748657226562,2468.742919921875,312.70904541015625,490.61700439453125,754.0305786132812,350.66424560546875,2064.619384765625,865.4879760742188,2601.887451171875,8526.3896484375,969.78857421875,2278.78515625,559.5877075195312,911.7589111328125,6907.31005859375,189.3385467529297,995.5259399414062,148.38552856445312,137.3815460205078,119.61820220947266,109.0214614868164,1304.359130859375,903.42822265625,169.09510803222656,851.3007202148438,988.5667724609375
2023-02-03,1058.2874755859375,3142.49365234375,785.1746826171875,1435.7840576171875,835.8840942382812,2481.76611328125,314.40228271484375,505.5743103027344,768.7186889648438,354.3565673828125,2085.459228515625,879.5897216796875,2654.537841796875,8595.7431640625,989.567626953125,2431.816650390625,588.6160278320312,914.1495971679688,6928.07763671875,188.62179565429688,992.538330078125,151.0311737060547,138.77023315429688,120.32699584960938,109.385009765625,1338.6943359375,898.6740112304688,170.0662384033203,849.0117797851562,985.6741943359375
2023-02-06,1050.312744140625,3122.324462890625,781.8377075195312,1409.2569580078125,826.110595703125,2471.319580078125,316.67364501953125,506.6890869140625,765.179931640625,347.7283935546875,2075.400146484375,879.6395263671875,2648.575439453125,8562.771484375,984.9475708007812,2426.781005859375,597.4194946289062,914.97705078125,6868.37744140625,187.11892700195312,992.1488037109375,151.48733520507812,140.19119262695312,119.65989685058594,106.74922943115234,1327.1207275390625,893.3865966796875,170.61007690429688,847.2975463867188,992.9056396484375
2023-02-07,1047.7908935546875,3133.69482421875,782.9973754882812,1402.5692138671875,825.1912841796875,2437.21435546875,308.2901306152344,508.2684326171875,761.9320678710938,353.3812255859375,2084.255859375,876.1016235351562,2652.278076171875,8422.86328125,968.6337280273438,2415.822021484375,602.9344482421875,912.8845825195312,6814.94140625,185.19985961914062,977.037353515625,150.75747680664062,140.06199645996094,120.61886596679688,101.29588317871094,1318.1510009765625,890.8095703125,170.6877899169922,864.9660034179688,994.3518676757812
2023-02-08,1068.7159423828125,3176.605224609375,782.9026489257812,1427.79443359375,831.3359985351562,2419.974365234375,310.1898498535156,510.7302551269531,751.46142578125,351.4106750488281,2051.095458984375,868.7766723632812,2659.53857421875,8492.314453125,982.3064575195312,2435.419921875,621.637451171875,913.6974487304688,6987.00634765625,188.09002685546875,991.5426635742188,150.9855499267578,140.16119384765625,119.99344635009766,101.29588317871094,1324.2755126953125,898.4517822265625,171.52349853515625,874.2288208007812,1001.872314453125
2023-02-09,1070.5789794921875,3195.330810546875,781.2696533203125,1451.583740234375,832.9810791015625,2423.628173828125,309.1161193847656,511.7057800292969,743.2691650390625,352.48553466796875,2067.025634765625,864.740478515625,2706.65966796875,8460.111328125,976.2943115234375,2431.273193359375,631.7523803710938,913.9571533203125,6918.97119140625,188.8067626953125,992.71142578125,151.4416961669922,140.72314453125,121.9113540649414,101.11410522460938,1323.45556640625,902.8506469726562,170.7673797607422,874.17041015625,984.9029541015625
2023-02-10,1061.763671875,3192.352294921875,784.3700561523438,1443.998046875,826.2557373046875,2415.008544921875,306.7208557128906,513.7960815429688,748.4075927734375,352.7144470214844,2082.860107421875,864.2919921875,2697.043212890625,8469.8671875,976.100341796875,2437.14794921875,629.8438720703125,915.0900268554688,6944.3154296875,187.65069580078125,966.1259155273438,150.52943420410156,141.549560546875,122.3282699584961,98.8873291015625,1316.9454345703125,904.0501708984375,168.33978271484375,876.5274658203125,996.1837158203125
2023-02-13,1055.7203369140625,3142.583984375,784.961669921875,1407.1024169921875,823.1591796875,2418.28759765625,309.07476806640625,499.34979248046875,745.15966796875,353.0627746582031,2120.833740234375,856.1697387695312,2683.72412109375,8468.0419921875,984.48828125,2487.0556640625,621.0355834960938,915.2319946289062,6918.48876953125,185.24612426757812,963.8314208984375,153.12948608398438,142.80572509765625,123.53740692138672,98.84188079833984,1304.9376220703125,890.85400390625,169.57345581054688,881.4169921875,985.3367919921875
2023-02-14,1080.598388671875,3158.556884765625,792.2274169921875,1430.2630615234375,837.335693359375,2416.975830078125,319.19281005859375,502.4620056152344,751.5584716796875,352.3760681152344,2109.619384765625,867.780029296875,2670.50146484375,8434.3984375,976.2457885742188,2475.059814453125,632.114501953125,917.930419921875,6879.8935546875,187.32701110839844,974.6126098632812,151.48733520507812,142.1446075439453,123.78753662109375,99.29633331298828,1314.7271728515625,899.3404541015625,168.5387725830078,884.0857543945312,991.5074462890625
2023-02-15,1105.0675048828125,3177.100830078125,790.6181640625,1433.6744384765625,842.657958984375,2387.78955078125,320.85595703125,503.7626953125,761.4473876953125,355.3915710449219,2093.64111328125,865.3384399414062,2679.30029296875,8502.5498046875,965.2398071289062,2492.239013671875,635.1729736328125,926.4951171875,6892.08447265625,188.3905792236328,981.0640869140625,151.25926208496094,141.81402587890625,122.99537658691406,100.25066375732422,1330.3516845703125,952.0808715820312,169.45407104492188,880.47216796875,993.8696899414062
2023-02-16,1104.2042236328125,3210.85205078125,787.75439453125,1437.9384765625,841.3516235351562,2367.78564453125,321.1497802734375,501.7652893066406,760.5263061523438,355.8791809082031,2096.76904296875,861.800537109375,2698.341064453125,8463.859375,964.9973754882812,2490.363037109375,630.02001953125,944.19189453125,6911.2607421875,189.54664611816406,976.950927734375,152.71893310546875,141.88011169433594,129.99986267089844,101.7957763671875,1319.5496826171875,1004.3768310546875,171.4837188720703,880.364990234375,998.4013061523438
2023-02-17,1108.8162841796875,3159.50390625,783.8020629882812,1421.7799072265625,834.7714233398438,2356.9169921875,321.86334228515625,493.3111267089844,753.1095581054688,350.1666564941406,2143.02099609375,851.9842529296875,2724.930908203125,8466.408203125,954.6699829101562,2468.543701171875,628.00390625,914.9674682617188,7032.78076171875,187.8819122314453,960.8435668945312,153.31195068359375,141.3512420654297,130.58355712890625,102.02300262451172,1293.8463134765625,1003.4437866210938,173.11537170410156,878.6216430664062,989.0006103515625
2023-02-20,1097.093017578125,3147.005615234375,776.4415893554688,1429.5447998046875,824.562255859375,2353.121826171875,322.4089660644531,487.87640380859375,755.3880004882812,345.79766845703125,2142.20263671875,843.8619384765625,2717.18994140625,8356.7314453125,954.5730590820312,2442.7255859375,623.1788940429688,905.43115234375,7157.095703125,188.22874450683594,966.1693115234375,153.17507934570312,142.6735076904297,129.1243133544922,102.1138916015625,1298.427490234375,1016.7732543945312,173.75213623046875,871.6964111328125,929.4629516601562
2023-02-21,1106.0445556640625,3114.247802734375,779.3526611328125,1417.9197998046875,826.5944213867188,2357.52587890625,320.8979187011719,486.2970275878906,755.291015625,344.3844909667969,2146.0048828125,841.171142578125,2709.0634765625,8333.8505859375,942.1607666015625,2432.309814453125,624.3386840820312,906.6649780273438,7073.9296875,186.24032592773438,957.0767822265625,158.05587768554688,143.5990753173828,128.49888610839844,102.84099578857422,1303.8284912109375,1008.1090698242188,170.3694305419922,873.9073486328125,931.3430786132812
2023-02-22,1080.9617919921875,3069.622802734375,764.063720703125,1402.0306396484375,812.1275634765625,2336.819091796875,322.2411193847656,479.700927734375,748.6015014648438,338.4828186035156,2112.603515625,830.5076293945312,2688.724853515625,8323.375,939.2032470703125,2400.6669921875,606.6633911132812,898.2687377929688,6944.0263671875,182.72592163085938,946.1653442382812,155.54708862304688,141.91317749023438,128.0819549560547,101.02322387695312,1272.868896484375,1000.3333740234375,168.61834716796875,872.0665893554688,928.0648803710938
2023-02-23,1075.78173828125,3080.677978515625,758.8807373046875,1392.06591796875,812.6114501953125,2333.633544921875,325.3891906738281,484.0209045410156,739.6820678710938,339.7964782714844,2078.336181640625,841.4700317382812,2602.176025390625,8359.2294921875,943.0336303710938,2364.08740234375,607.0255126953125,897.0108642578125,6916.2724609375,182.1710205078125,947.6807861328125,154.72601318359375,140.98760986328125,128.95753479003906,101.84122467041016,1267.2747802734375,1003.0881958007812,171.0459747314453,866.787353515625,925.8954467773438
2023-02-24,1083.1429443359375,3068.630126953125,752.1119995117188,1392.02099609375,812.56298828125,2327.590087890625,323.2904968261719,484.0673828125,734.0104370117188,337.8359375,2054.17529296875,848.4961547851562,2633.477783203125,8324.8642578125,941.0941162109375,2368.629150390625,610.3433227539062,898.5933837890625,6954.57861328125,181.8704376220703,948.11376953125,156.00320434570312,142.1776580810547,132.68113708496094,99.75077819824219,1234.7237548828125,994.3796997070312,172.75721740722656,874.87158203125,927.3417358398438
2023-02-27,1075.9407958984375,3006.724853515625,753.981689453125,1354.9012451171875,828.7233276367188,2312.5517578125,320.85595703125,490.24542236328125,729.9385375976562,343.5385437011719,2034.587158203125,851.4359741210938,2644.440673828125,8297.6611328125,935.8093872070312,2370.5048828125,606.2572021484375,895.7963256835938,6925.61962890625,180.50631713867188,938.6747436523438,157.28041076660156,144.92138671875,132.8951873779297,96.43331909179688,1212.733642578125,989.8919677734375,172.67762756347656,861.216064453125,916.1572875976562
2023-02-28,1055.356689453125,2989.578125,757.153076171875,1335.3759765625,827.2233276367188,2305.524658203125,316.2386779785156,485.69317626953125,719.6133422851562,344.1953430175781,2030.2073974609375,841.2210083007812,2720.315185546875,8290.115234375,927.6153564453125,2342.6630859375,598.1926879882812,898.0691528320312,6997.55810546875,178.98031616210938,933.1756591796875,155.54708862304688,146.93783569335938,130.15594482421875,94.47920227050781,1224.500244140625,977.7178955078125,171.44393920898438,840.8788452148438,873.9265747070312
2023-03-01,1065.05810546875,3055.320068359375,756.41943359375,1343.006591796875,828.6265869140625,2310.771728515625,317.9176940917969,498.6065979003906,727.3209228515625,347.3103942871094,2036.1270751953125,862.19921875,2731.950927734375,8424.498046875,930.2335815429688,2352.141357421875,602.3765869140625,903.3049926757812,7009.94189453125,180.78375244140625,953.5261840820312,157.14358520507812,144.72303771972656,132.50997924804688,95.88799285888672,1226.9598388671875,1001.39990234375,174.1103057861328,846.25537109375,867.3701782226562
2023-03-02,1056.947021484375,2997.339111328125,749.98193359375,1321.5513916015625,826.40087890625,2300.55908203125,315.2732849121094,495.8659362792969,717.5288696289062,342.6925964355469,2042.191650390625,842.56640625,2725.21923828125,8217.4453125,936.0516967773438,2328.989013671875,595.3446655273438,889.0137939453125,7024.4453125,179.44273376464844,957.72607421875,155.82073974609375,145.68167114257812,131.86795043945312,95.11542510986328,1207.091552734375,986.2044067382812,177.37359619140625,855.2941284179688,854.6913452148438
2023-03-03,1083.9154052734375,3016.019287109375,764.8684692382812,1327.969970703125,840.480712890625,2315.222412109375,323.16448974609375,521.36767578125,741.0877685546875,348.5245666503906,2071.50146484375,849.7418212890625,2720.363037109375,8267.9111328125,937.6032104492188,2365.667236328125,597.0133666992188,887.4817504882812,6953.85595703125,180.55255126953125,969.0272827148438,157.462890625,146.8386688232422,132.03916931152344,97.25133514404297,1223.53564453125,964.2996215820312,177.45321655273438,864.5179443359375,847.1707763671875
2023-03-06,1094.5028076171875,3042.8212890625,770.2645874023438,1353.2403564453125,839.70654296875,2328.19921875,325.8509521484375,521.8321533203125,743.2206420898438,348.5245666503906,2061.009765625,856.5684814453125,2754.694091796875,8296.9404296875,936.0032958984375,2372.923583984375,600.419189453125,890.60595703125,6939.0634765625,182.0785369873047,975.6951904296875,161.29454040527344,150.17739868164062,135.42039489746094,96.0243148803711,1225.320068359375,968.65380859375,179.00526428222656,864.761474609375,849.3402099609375
2023-03-08,1098.4334716796875,3059.561767578125,771.8029174804688,1339.999267578125,843.9158935546875,2328.43359375,329.4187927246094,524.712158203125,743.1721801757812,346.3749084472656,2089.5498046875,858.0134887695312,2749.8857421875,8356.9697265625,928.488037109375,2366.654541015625,586.9130859375,890.7695922851562,7003.29248046875,181.54673767089844,970.4558715820312,163.16476440429688,150.7724609375,135.4631805419922,96.79688262939453,1244.127197265625,958.2122802734375,178.96548461914062,862.2388305664062,845.8208618164062
2023-03-09,1072.032958984375,3011.2373046875,771.8739013671875,1328.95751953125,828.287841796875,2306.22705078125,325.3052978515625,519.2308959960938,749.8132934570312,341.6973876953125,2111.111572265625,864.8401489257812,2744.1162109375,8210.9091796875,923.8336181640625,2338.1708984375,577.5615844726562,891.6090087890625,6979.875,180.39068603515625,966.9921875,163.71212768554688,149.28489685058594,133.79397583007812,98.34199523925781,1203.8123779296875,941.9503784179688,178.92568969726562,853.414306640625,850.15966796875
2023-03-10,1055.4248046875,3005.957763671875,751.9700317382812,1321.0130615234375,815.417724609375,2310.022216796875,325.72503662109375,508.5006408691406,750.1526489257812,338.23406982421875,2077.084716796875,848.994384765625,2721.6611328125,8268.19921875,926.59716796875,2345.328857421875,574.9044799804688,889.2061767578125,6963.92578125,179.9282684326172,966.6890258789062,164.8981170654297,149.78074645996094,133.365966796875,98.2510986328125,1183.1241455078125,943.0612182617188,178.56753540039062,856.2583618164062,849.62939453125
2023-03-13,1038.0670166015625,2961.694091796875,742.4559326171875,1288.2916259765625,801.6282348632812,2300.32470703125,322.0732116699219,492.38214111328125,741.9603271484375,333.1783142089844,2053.983154296875,829.5110473632812,2677.425537109375,8188.271484375,925.191162109375,2302.381103515625,570.930908203125,881.110595703125,6818.603515625,178.24041748046875,951.3612060546875,163.94020080566406,149.48321533203125,133.365966796875,97.06954193115234,1151.05517578125,1007.5315551757812,175.74195861816406,851.359130859375,843.4586791992188
2023-03-14,1034.1820068359375,2901.232177734375,740.4678344726562,1274.7364501953125,803.51513671875,2288.47216796875,318.7571716308594,488.1086120605469,748.2620849609375,328.0728454589844,2063.945556640625,830.00927734375,2640.305908203125,8182.263671875,928.1972045898438,2325.681640625,560.9481811523438,878.5708618164062,6807.376953125,175.46591186523438,938.76123046875,162.2980499267578,148.88818359375,131.2259521484375,96.70599365234375,1119.5653076171875,991.091796875,175.94094848632812,847.2975463867188,840.8071899414062
2023-03-15,1016.5057373046875,2886.748291015625,729.8414306640625,1274.4219970703125,799.2090454101562,2254.4140625,318.50531005859375,480.8157958984375,733.57421875,331.595947265625,2095.180908203125,821.2393188476562,2718.96826171875,8146.50537109375,922.5729370117188,2368.629150390625,559.6954345703125,865.5206909179688,6842.83984375,173.75494384765625,934.9509887695312,162.57176208496094,150.93772888183594,130.5839385986328,98.75099182128906,1119.131103515625,990.2920532226562,175.02561950683594,856.0538330078125,846.495849609375
2023-03-16,1011.4392700195312,2874.204833984375,734.57470703125,1260.462890625,797.2736206054688,2304.306884765625,320.2262878417969,487.27252197265625,723.2005615234375,331.11822509765625,2092.2451171875,827.7171630859375,2782.29296875,8110.45849609375,938.088134765625,2419.228271484375,559.3381958007812,887.517822265625,6846.5498046875,172.41390991210938,928.6725463867188,163.84896850585938,153.4831085205078,130.28436279296875,95.4789810180664,1125.59326171875,993.2689208984375,175.78176879882812,853.959716796875,851.798828125
2023-03-17,1010.1670532226562,2869.060791015625,744.3965454101562,1275.36474609375,809.2245483398438,2293.110107421875,315.2732849121094,492.1962890625,734.1558837890625,336.9999694824219,2113.56591796875,834.5438842773438,2752.866943359375,7994.53173828125,928.6820678710938,2424.460693359375,561.0264892578125,907.1194458007812,7025.16845703125,174.10174560546875,959.8909301757812,161.43138122558594,151.8633270263672,131.09754943847656,97.25133514404297,1129.8851318359375,1001.6220092773438,176.41848754882812,864.1672973632812,842.735595703125
2023-03-20,1000.238525390625,2836.573486328125,739.2371826171875,1260.05908203125,809.4181518554688,2352.88818359375,318.00164794921875,482.3486633300781,731.780517578125,338.3037109375,2096.04736328125,834.693359375,2745.654541015625,7901.05078125,932.0759887695312,2428.7060546875,543.2581787109375,910.9532470703125,6980.1162109375,169.77810668945312,944.64990234375,160.564697265625,150.4088134765625,130.36993408203125,94.9791030883789,1126.1719970703125,985.4934692382812,172.75721740722656,864.8102416992188,835.64892578125
2023-03-21,1031.341796875,2803.003173828125,747.615234375,1248.4337158203125,824.8526000976562,2307.351806640625,316.4485778808594,484.81060791015625,733.8650512695312,339.73681640625,2125.790771484375,852.6817626953125,2730.22021484375,7909.5107421875,927.2275390625,2482.118896484375,558.848876953125,910.4506225585938,7085.68701171875,169.43128967285156,938.6314697265625,161.56822204589844,147.53285217285156,129.72793579101562,95.2063217163086,1119.0828857421875,973.630126953125,172.75721740722656,860.8945922851562,831.4547729492188
2023-03-22,1034.4771728515625,2825.293701171875,745.8876342773438,1247.1319580078125,832.4005126953125,2320.23486328125,317.12017822265625,484.5318603515625,733.6226806640625,339.3984375,2131.084716796875,846.7520751953125,2730.941162109375,7932.58056640625,942.59716796875,2476.2939453125,570.9945068359375,905.2699584960938,7127.99267578125,169.43128967285156,936.5096435546875,159.0594024658203,148.16091918945312,129.72793579101562,95.25177001953125,1122.7479248046875,977.1401977539062,170.28981018066406,871.7255859375,832.4671630859375
2023-03-23,1021.3905029296875,2819.74365234375,739.8998413085938,1233.93603515625,827.8040771484375,2328.43359375,319.55474853515625,476.3564758300781,740.263671875,334.3327941894531,2124.05810546875,845.9049072265625,2690.50390625,8029.47314453125,948.0276489257812,2487.0556640625,570.8820190429688,916.0809326171875,7138.88232421875,167.16542053222656,923.0435791015625,159.28746032714844,146.8717498779297,130.7979278564453,95.3426513671875,1123.567626953125,977.0069580078125,169.81228637695312,866.2711791992188,837.9628295898438
2023-03-24,1001.1699829101562,2815.99853515625,738.716552734375,1239.4117431640625,824.8526000976562,2324.404296875,317.9176940917969,469.4817199707031,739.197265625,336.81085205078125,2085.073974609375,837.0353393554688,2691.176513671875,7923.44873046875,943.3729248046875,2461.68212890625,552.8934326171875,911.6868286132812,7136.666015625,167.28103637695312,910.7901611328125,157.55410766601562,147.03701782226562,127.88751220703125,92.79776000976562,1109.9205322265625,979.2284545898438,165.91220092773438,869.6217651367188,845.8208618164062
2023-03-27,1016.7330322265625,2817.62255859375,741.9351806640625,1246.8626708984375,821.2721557617188,2341.457275390625,319.1769714355469,473.9410095214844,738.5186157226562,339.40838623046875,2073.378662109375,830.5076293945312,2696.2255859375,7957.52392578125,953.65185546875,2462.71875,547.3931274414062,908.6996459960938,7179.59765625,167.04983520507812,910.5737915039062,156.2312774658203,145.5164031982422,128.61514282226562,92.97953796386719,1097.478759765625,980.16162109375,165.87237548828125,873.8099975585938,857.439208984375
2023-03-28,1021.4815063476562,2811.847412109375,747.97021484375,1236.673828125,827.1266479492188,2326.27880859375,318.7991638183594,472.0365295410156,725.624267578125,338.1544189453125,2053.742431640625,829.6107177734375,2677.66552734375,7890.669921875,954.379150390625,2468.543701171875,541.657958984375,911.3452758789062,7134.208984375,164.71461486816406,901.5674438476562,156.9154815673828,146.8386688232422,126.00430297851562,93.16131591796875,1088.2198486328125,951.103271484375,166.27035522460938,881.8260498046875,857.6320190429688
2023-03-29,1015.4380493164062,2832.6025390625,751.5676879882812,1242.0152587890625,823.497802734375,2371.29931640625,321.3176574707031,479.84033203125,720.9220581054688,342.5632019042969,2067.07373046875,839.72607421875,2664.250732421875,7973.81787109375,961.8458251953125,2483.1064453125,550.5396728515625,916.4898681640625,7295.76904296875,166.03248596191406,924.4293212890625,158.74009704589844,147.07005310058594,127.84468078613281,94.16109466552734,1103.6513671875,960.7005004882812,169.49388122558594,889.8128662109375,855.896484375
2023-03-31,1059.2191162109375,2893.064697265625,761.86279296875,1281.8729248046875,848.8994750976562,2398.939697265625,321.9472351074219,486.5757751464844,726.157470703125,344.9119567871094,2083.19677734375,855.5718383789062,2655.739990234375,7970.7900390625,953.3124389648438,2482.958251953125,549.712646484375,947.830810546875,7345.30224609375,168.89950561523438,939.8004150390625,159.74366760253906,149.21876525878906,129.2999267578125,94.9791030883789,1117.539794921875,979.1395874023438,170.05104064941406,900.5172729492188,868.2379150390625
2023-04-03,1059.4007568359375,2887.74072265625,762.3360595703125,1266.5223388671875,855.23779296875,2376.218505859375,318.0856018066406,489.36279296875,737.355224609375,347.4696350097656,2088.92431640625,861.6510009765625,2670.50146484375,8173.515625,949.3851318359375,2505.17236328125,559.3333129882812,947.8765869140625,7362.9853515625,170.14805603027344,950.9715576171875,162.20684814453125,148.49151611328125,131.52552795410156,94.61553955078125,1128.3419189453125,980.3392944335938,175.2245635986328,907.091796875,859.5121459960938
2023-04-05,1056.856201171875,2923.65673828125,782.7843017578125,1277.9232177734375,856.011962890625,2419.927001953125,324.3818054199219,485.8789367675781,740.1668090820312,348.7037048339844,2173.24560546875,857.5650634765625,2700.793212890625,8119.6865234375,966.9367065429688,2540.0244140625,563.8598022460938,953.4852905273438,7412.56689453125,170.9804229736328,962.2723999023438,160.47348022460938,149.1857452392578,130.883544921875,95.29721069335938,1114.4052734375,980.6058959960938,177.09503173828125,912.2150268554688,863.6581420898438
2023-04-06,1063.9447021484375,2906.42041015625,788.7484130859375,1276.4420166015625,846.7222290039062,2403.53076171875,325.1793518066406,490.198974609375,742.5905151367188,349.73870849609375,2189.127685546875,849.0442504882812,2702.091796875,8186.58984375,981.4337158203125,2516.08251953125,580.5857543945312,948.0111694335938,7422.10693359375,169.54690551757812,945.5158081054688,159.83485412597656,148.92127990722656,128.91473388671875,94.84276580810547,1129.6439208984375,971.0531616210938,176.45831298828125,915.44873046875,861.3441162109375
2023-04-10,1056.40185546875,2944.954345703125,785.009033203125,1281.5589599609375,840.3839111328125,2372.51708984375,326.18670654296875,488.9447326660156,746.274658203125,350.1766357421875,2223.2509765625,844.4598999023438,2669.876708984375,8204.373046875,978.0397338867188,2550.884521484375,570.466064453125,939.4466552734375,7416.7109375,172.62197875976562,955.2579956054688,162.02439880371094,151.43356323242188,134.52159118652344,95.38809204101562,1146.377685546875,983.9383544921875,176.7368927001953,927.185546875,869.53955078125
2023-04-11,1061.62744140625,2900.194091796875,787.3047485351562,1262.3033447265625,853.3992919921875,2387.133544921875,332.4410095214844,494.33306884765625,750.5404663085938,367.53314208984375,2215.358154296875,850.3895874023438,2648.191162109375,8323.951171875,978.670166015625,2547.28076171875,571.3419799804688,946.392578125,7460.2685546875,171.2116241455078,941.3158569335938,162.4805450439453,152.95420837402344,136.1479949951172,97.75121307373047,1159.01220703125,975.9406127929688,178.01034545898438,927.90625,874.6497192382812
2023-04-12,1066.3074951171875,2925.326171875,797.5288696289062,1282.1873779296875,861.3826904296875,2369.51904296875,330.38421630859375,490.7098693847656,747.5834350585938,367.0455322265625,2202.8447265625,848.1472778320312,2679.87744140625,8286.9423828125,985.8944702148438,2555.03125,573.2210693359375,935.1222534179688,7403.796875,172.0902099609375,947.810791015625,160.3822479248047,150.276611328125,134.94956970214844,97.79666137695312,1164.4615478515625,986.293212890625,181.23391723632812,950.82470703125,885.0628051757812
2023-04-13,1070.3289794921875,2877.6787109375,801.1025390625,1247.0870361328125,869.9465942382812,2376.3115234375,332.10516357421875,495.12274169921875,743.656982421875,372.11114501953125,2174.2080078125,861.4019165039062,2701.99560546875,8334.763671875,973.0943603515625,2552.8095703125,577.869873046875,936.3272094726562,7377.19970703125,170.30987548828125,928.1964111328125,157.87342834472656,152.85501098632812,135.8911895751953,97.70576477050781,1161.7611083984375,965.8101196289062,179.48284912109375,945.3507080078125,882.9415893554688
2023-04-17,1075.7589111328125,2833.144287109375,788.8904418945312,1129.5780029296875,872.1723022460938,2390.975341796875,335.9249572753906,505.3884582519531,736.482666015625,377.21661376953125,2131.133056640625,861.6012573242188,2734.06689453125,8338.466796875,968.4397583007812,2572.50634765625,583.4485473632812,973.8012084960938,7461.23291015625,167.0960693359375,902.5201416015625,154.72601318359375,156.45823669433594,137.08958435058594,97.38764953613281,1169.862548828125,915.2468872070312,182.7461700439453,945.2338256835938,873.9747314453125
2023-04-18,1063.4449462890625,2825.248291015625,785.5534057617188,1130.5205078125,867.8660278320312,2380.8564453125,334.53973388671875,507.1070556640625,736.5796508789062,375.8531799316406,2133.635498046875,860.4053344726562,2745.12548828125,8394.21875,974.3547973632812,2544.960693359375,578.966064453125,993.8526000976562,7319.42724609375,170.1249237060547,921.2685546875,155.18214416503906,152.25999450683594,137.0467987060547,97.79666137695312,1161.90576171875,911.0259399414062,184.8155975341797,956.9413452148438,891.1370849609375
2023-04-19,1068.738525390625,2788.11376953125,788.4407348632812,1106.1478271484375,863.0760498046875,2372.002197265625,334.7496337890625,501.9510803222656,741.3302001953125,375.17645263671875,2136.523681640625,870.4210815429688,2701.947265625,8343.5615234375,965.3367309570312,2536.66748046875,582.107666015625,991.805908203125,7242.91064453125,166.8417205810547,899.4890747070312,152.4452362060547,152.0286102294922,137.0467987060547,98.2510986328125,1172.322021484375,900.9844970703125,183.38291931152344,956.3472290039062,879.2294921875
2023-04-20,1066.034912109375,2801.830078125,791.3754272460938,1098.2481689453125,865.4953002929688,2335.460693359375,336.05084228515625,506.13165283203125,748.7468872070312,374.99725341796875,2149.18115234375,865.7869262695312,2734.78759765625,8376.916015625,957.8214721679688,2546.4912109375,578.6773071289062,984.8023071289062,7204.267578125,167.78970336914062,898.4500122070312,154.81719970703125,152.6566925048828,136.23358154296875,98.16021728515625,1175.3118896484375,908.004638671875,182.70639038085938,946.3831787109375,871.612548828125
2023-04-21,1067.3753662109375,2852.410888671875,792.6535034179688,1101.794189453125,857.028076171875,2340.472900390625,342.7248229980469,504.5988464355469,741.8634033203125,376.91802978515625,2132.2880859375,861.2523803710938,2771.5712890625,8226.7685546875,959.4700927734375,2535.679931640625,581.1436157226562,990.8814086914062,7091.22802734375,170.19427490234375,908.3654174804688,154.81719970703125,153.0864715576172,136.61880493164062,96.47876739501953,1169.669677734375,887.5216674804688,183.10433959960938,948.4384155273438,882.2667236328125
2023-04-24,1071.465087890625,2865.0,799.067138671875,1100.8516845703125,875.5108032226562,2342.159912109375,343.1026306152344,515.2360229492188,737.0643310546875,377.6346435546875,2145.47509765625,879.2907104492188,2780.225830078125,8138.046875,949.482177734375,2596.152099609375,580.737548828125,1000.1849975585938,7170.2978515625,174.7722625732422,912.7820434570312,155.95758056640625,153.3508758544922,137.1752166748047,96.79688262939453,1164.8472900390625,894.0531616210938,184.2982177734375,936.2339477539062,870.6483764648438
2023-04-25,1079.666748046875,2866.08251953125,787.70703125,1099.5948486328125,883.9296875,2333.446044921875,345.4952087402344,521.925048828125,749.0377197265625,376.0522155761719,2163.812255859375,875.3540649414062,2786.861083984375,8140.68994140625,943.0336303710938,2599.755615234375,594.586181640625,999.02001953125,7168.9970703125,173.7086944580078,912.2623291015625,156.0944366455078,153.9789581298828,137.51759338378906,97.29676818847656,1166.872802734375,885.966552734375,183.2635498046875,941.5325927734375,877.0601806640625
2023-04-26,1073.3280029296875,2886.07080078125,791.328125,1101.9737548828125,885.3811645507812,2352.512939453125,346.0828552246094,526.152099609375,749.86181640625,373.9224548339844,2190.956787109375,884.6224365234375,2798.40087890625,8177.21728515625,941.821533203125,2607.45654296875,592.6972045898438,1016.4743041992188,7186.05419921875,173.2000274658203,922.74072265625,154.95407104492188,157.5491180419922,137.9456024169922,97.114990234375,1170.44140625,885.3445434570312,182.86557006835938,943.831298828125,878.4581909179688
2023-04-27,1080.1212158203125,2876.86669921875,795.682861328125,1118.7606201171875,888.6712036132812,2313.3017578125,349.2309875488281,524.6657104492188,762.5137939453125,379.8937683105469,2219.3046875,878.3938598632812,2788.736328125,8211.8701171875,949.045654296875,2629.621337890625,606.8003540039062,1022.3263549804688,7228.45556640625,173.1306610107422,927.6766357421875,155.95758056640625,155.99542236328125,137.00399780273438,97.84210205078125,1180.5201416015625,891.431640625,184.45741271972656,958.1394653320312,881.2060546875
2023-04-28,1099.8646240234375,2905.1123046875,798.8068237304688,1124.595703125,887.993896484375,2302.3857421875,357.2481384277344,537.25390625,774.92333984375,385.75555419921875,2275.903564453125,857.0667114257812,2791.044189453125,8256.6640625,957.724609375,2608.2958984375,614.6348266601562,1052.013671875,7281.74755859375,178.03233337402344,937.2330932617188,156.9154815673828,156.8549346923828,136.06239318847656,98.1147689819336,1183.317138671875,909.6929931640625,185.5319366455078,960.3406372070312,875.5173950195312
2023-05-02,1109.2025146484375,2905.24755859375,798.6412353515625,1146.76904296875,892.3001098632812,2297.13916015625,356.32470703125,534.4668579101562,766.1010131835938,382.3917541503906,2295.203369140625,867.6804809570312,2788.3515625,8436.705078125,943.56689453125,2630.0166015625,611.6058349609375,1051.261962890625,7185.76513671875,179.5814666748047,940.27197265625,160.1997833251953,158.73916625976562,140.5992431640625,100.25066375732422,1193.3477783203125,936.1297607421875,187.9197235107422,964.3438110351562,884.8217163085938
2023-05-03,1099.6829833984375,2869.601806640625,801.4339599609375,1139.318115234375,893.0257568359375,2329.276611328125,358.59130859375,530.0075073242188,755.5333862304688,384.3424072265625,2268.10693359375,856.917236328125,2817.345458984375,8456.3623046875,934.4031982421875,2620.341064453125,604.8626098632812,1057.5394287109375,7234.52734375,178.07858276367188,932.6971435546875,160.8839874267578,158.47471618652344,137.9456024169922,99.705322265625,1191.5633544921875,923.8223266601562,188.55648803710938,964.7041625976562,887.6660766601562
2023-05-04,1112.360595703125,2906.42041015625,817.8351440429688,1143.26806640625,891.9130249023438,2348.718505859375,356.4506530761719,538.833251953125,765.0345458984375,387.65643310546875,2268.6845703125,862.9963989257812,2868.45703125,8459.5341796875,944.488037109375,2636.4833984375,625.4153442382812,1048.7432861328125,7229.7568359375,177.4311981201172,939.6112670898438,160.8839874267578,157.9127197265625,137.8172149658203,100.93234252929688,1187.946533203125,929.020751953125,188.99423217773438,967.7723388671875,900.0556030273438
2023-05-05,1109.5206298828125,2915.445068359375,769.4835815429688,1130.296142578125,896.9932861328125,2343.0966796875,359.9345397949219,535.5816650390625,763.2893676757812,383.89453125,2288.513427734375,862.3486938476562,2897.402587890625,8601.84765625,941.0457153320312,2698.189453125,625.3760986328125,1064.5081787109375,7351.71044921875,175.44277954101562,929.7025146484375,158.96817016601562,159.36724853515625,137.2179718017578,98.75099182128906,1168.1748046875,920.9786987304688,188.95443725585938,962.804931640625,891.6673583984375
2023-05-08,1123.2205810546875,2933.4033203125,778.3822631835938,1136.1312255859375,907.5894165039062,2357.66650390625,362.20123291015625,542.1776733398438,769.5426635742188,389.8956604003906,2276.8662109375,875.453857421875,2903.6533203125,8724.501953125,932.706298828125,2716.306396484375,651.6151123046875,1062.7386474609375,7454.48681640625,175.882080078125,947.494140625,161.52261352539062,161.8134307861328,141.24122619628906,99.56900024414062,1188.0430908203125,927.1546630859375,185.3329315185547,955.9088745117188,899.86279296875
2023-05-09,1126.69677734375,2962.8671875,778.406005859375,1140.70947265625,904.20263671875,2357.197998046875,355.7789611816406,532.7946166992188,769.397216796875,388.9900207519531,2285.481689453125,885.2203979492188,2918.4150390625,8758.43359375,928.4396362304688,2713.4921875,641.270263671875,1062.163330078125,7435.98388671875,176.78378295898438,950.3568725585938,160.564697265625,160.9208984375,141.4552459716797,99.56900024414062,1201.208251953125,931.1090698242188,188.11871337890625,961.0030517578125,905.5514526367188
2023-05-10,1134.4443359375,2966.07080078125,782.0033569335938,1134.021728515625,905.7992553710938,2363.66259765625,357.08026123046875,531.5869140625,771.7725219726562,389.8658142089844,2275.951904296875,886.8648071289062,2924.761474609375,8812.8408203125,924.900146484375,2710.580078125,649.0265502929688,1065.96533203125,7461.95556640625,177.45431518554688,949.7401123046875,161.52261352539062,163.73074340820312,142.9104461669922,99.29633331298828,1204.2945556640625,929.6428833007812,188.27789306640625,948.1558227539062,910.565185546875
2023-05-11,1127.0377197265625,2961.874267578125,782.5240478515625,1127.60302734375,908.847412109375,2428.968505859375,352.92474365234375,532.7481689453125,764.5496826171875,389.7165222167969,2158.229248046875,892.8941650390625,3019.33984375,8901.99609375,931.9304809570312,2722.82275390625,652.1533813476562,1064.505615234375,7550.8544921875,177.8704833984375,958.3717651367188,163.80337524414062,164.32577514648438,142.9960479736328,98.66011047363281,1206.8505859375,927.7767333984375,187.95953369140625,882.8390502929688,909.7937622070312
2023-05-12,1128.8778076171875,2954.790283203125,789.434814453125,1117.8182373046875,913.3955688476562,2458.01416015625,352.9667053222656,537.1146240234375,767.797607421875,390.2439880371094,2137.96728515625,907.5440673828125,3011.021728515625,8935.1591796875,927.0335693359375,2737.9775390625,657.1399536132812,1053.5968017578125,7423.16748046875,177.2230987548828,964.8895263671875,159.60679626464844,159.83001708984375,141.66925048828125,97.02410888671875,1230.6248779296875,929.8204956054688,187.08401489257812,870.0015869140625,903.8641357421875
2023-05-15,1131.1043701171875,2937.4189453125,793.2214965820312,1129.622802734375,915.185791015625,2494.415283203125,359.1370544433594,540.5984497070312,772.7420043945312,392.7121276855469,2162.753662109375,912.6764526367188,3011.88720703125,8850.4736328125,924.1244506835938,2744.2470703125,656.934326171875,1053.23193359375,7479.060546875,178.37916564941406,968.6327514648438,160.5190887451172,160.82174682617188,141.7548370361328,97.8875503540039,1239.9801025390625,945.9046630859375,189.19320678710938,880.218994140625,889.739013671875
2023-05-16,1114.99609375,2940.216552734375,788.6732788085938,1134.96435546875,915.7662963867188,2507.204833984375,355.90496826171875,544.6860961914062,763.337890625,387.5469665527344,2143.8388671875,914.6696166992188,3017.753173828125,8719.7919921875,912.439697265625,2754.81103515625,664.0103759765625,1052.9322509765625,7419.07177734375,178.93406677246094,960.66162109375,161.88754272460938,159.0697021484375,143.8092498779297,97.61487579345703,1217.604248046875,939.462158203125,191.7799835205078,879.5371704101562,889.0640869140625
2023-05-17,1108.4073486328125,2895.591796875,784.4360961914062,1119.34423828125,908.9926147460938,2493.94677734375,358.9690856933594,544.6860961914062,768.0885009765625,380.0032043457031,2136.523681640625,911.6798706054688,2973.85400390625,8765.98046875,907.591064453125,2727.314697265625,656.224853515625,1050.616455078125,7420.7578125,176.78378295898438,946.437255859375,160.564697265625,157.8796844482422,143.167236328125,96.3424301147461,1218.231201171875,936.7518920898438,192.29734802246094,873.0015869140625,890.8478393554688
2023-05-18,1106.0218505859375,2887.60546875,787.572021484375,1118.5361328125,915.9115600585938,2461.903076171875,352.33709716796875,533.4450073242188,774.9718627929688,383.6357727050781,2106.298828125,911.5802001953125,2989.8173828125,8702.44140625,901.48193359375,2687.27978515625,664.4801635742188,1048.059326171875,7327.95556640625,176.9225311279297,951.1494140625,159.74366760253906,155.79708862304688,142.3968505859375,95.61531829833984,1201.2564697265625,931.9088134765625,190.7055206298828,861.6251831054688,881.736328125
2023-05-19,1109.6114501953125,2908.36083984375,788.481689453125,1139.093505859375,923.45947265625,2474.9267578125,352.4630126953125,534.3275756835938,781.1766967773438,386.47210693359375,2108.079345703125,920.8982543945312,2966.160888671875,8753.0517578125,897.7969970703125,2667.33642578125,663.9712524414062,1048.5692138671875,7402.30322265625,178.58724975585938,964.75732421875,158.1014862060547,154.5078582763672,141.1556396484375,95.11542510986328,1215.627197265625,952.747314453125,190.94427490234375,855.55712890625,883.4236450195312
2023-05-22,1115.541259765625,2976.809814453125,785.6808471679688,1160.5487060546875,919.6371459960938,2471.7880859375,356.5765686035156,536.1856079101562,777.3956909179688,386.18353271484375,2133.635498046875,914.4204711914062,2966.593505859375,8801.787109375,909.045654296875,2678.09814453125,664.83740234375,1039.12548828125,7435.40576171875,183.0033721923828,986.3363037109375,158.83132934570312,154.9375762939453,141.7548370361328,95.43354034423828,1220.5943603515625,981.4500732421875,189.98915100097656,868.3555297851562,891.8118896484375
2023-05-23,1115.3369140625,2975.3203125,783.837646484375,1167.05712890625,922.5885620117188,2462.605712890625,360.2703552246094,540.3196411132812,775.5536499023438,382.46142578125,2115.39501953125,913.0252685546875,3000.924560546875,8844.1298828125,903.3728637695312,2649.36767578125,663.614013671875,1034.7213134765625,7376.236328125,183.88197326660156,975.3265991210938,158.87693786621094,154.7723388671875,141.24122619628906,95.97887420654297,1223.4876708984375,969.0536499023438,190.46673583984375,868.9204711914062,897.0667724609375
2023-05-24,1108.8389892578125,2981.005859375,773.592041015625,1165.80029296875,910.2505493164062,2450.097412109375,363.9221496582031,541.3416748046875,776.95947265625,380.24212646484375,2103.36279296875,914.5699462890625,2982.556884765625,8911.4638671875,923.3002319335938,2672.865234375,664.1425170898438,1033.604736328125,7375.80224609375,184.82994079589844,979.3782348632812,159.60679626464844,155.896240234375,142.3112335205078,95.61531829833984,1230.383544921875,976.3848876953125,191.81982421875,880.355224609375,904.3944091796875
2023-05-25,1108.7027587890625,2972.11669921875,770.6236572265625,1170.9171142578125,909.4764404296875,2433.51318359375,370.3443298339844,539.9945068359375,797.6098022460938,384.143310546875,2122.18115234375,917.9085083007812,3003.76123046875,8922.1337890625,916.3668212890625,2673.556640625,669.5449829101562,1038.1634521484375,7344.916015625,182.24037170410156,982.9454956054688,159.19625854492188,157.31768798828125,142.09725952148438,95.29721069335938,1232.408935546875,975.8072509765625,191.06365966796875,877.3748168945312,911.5775146484375
2023-05-26,1138.94287109375,3004.0625,773.592041015625,1182.677001953125,919.975830078125,2485.139404296875,372.4010925292969,544.4074096679688,793.004638671875,387.14892578125,2135.41650390625,923.7883911132812,3008.425048828125,9035.6572265625,940.5123901367188,2707.322021484375,675.7450561523438,1043.328857421875,7441.38134765625,185.75479125976562,1003.37939453125,159.19625854492188,156.88795471191406,140.1712188720703,96.70599365234375,1236.3150634765625,990.6029663085938,192.2177734375,882.6344604492188,917.26611328125
2023-05-29,1145.3497314453125,2996.3466796875,783.0237426757812,1179.939208984375,917.50830078125,2483.21875,377.018310546875,552.7686157226562,796.2039184570312,388.7711181640625,2141.2880859375,926.628662109375,3017.07958984375,8971.783203125,939.1063842773438,2776.531494140625,678.44140625,1050.4691162109375,7555.76953125,184.8761749267578,991.9292602539062,160.83839416503906,155.0368194580078,136.10516357421875,98.5692138671875,1282.8994140625,989.9810791015625,195.87905883789062,887.56298828125,921.9906005859375
2023-05-30,1145.054443359375,2992.60205078125,783.6221923828125,1188.4224853515625,919.2500610351562,2489.07470703125,386.1734313964844,550.7247314453125,793.4894409179688,393.0505065917969,2128.052978515625,934.2526245117188,3023.8115234375,9019.7001953125,930.5244750976562,2766.905517578125,685.6593017578125,1042.97607421875,7614.939453125,186.12472534179688,1000.4288330078125,161.29454040527344,155.43345642089844,135.976806640625,97.29676818847656,1281.2598876953125,976.0739135742188,194.4463653564453,880.2871704101562,925.4616088867188
2023-05-31,1122.3118896484375,2968.507568359375,771.22216796875,1183.440185546875,918.4758911132812,2499.381103515625,382.39666748046875,549.1620483398438,823.9802856445312,400.94256591796875,2123.09521484375,911.7296752929688,3070.49951171875,9004.6572265625,945.7971801757812,2787.391845703125,684.0982666015625,1047.7449951171875,7584.19775390625,186.65650939941406,1008.575927734375,158.60328674316406,154.60704040527344,132.5955352783203,96.16065979003906,1272.1455078125,991.31396484375,192.01878356933594,876.8099365234375,918.9052124023438
2023-06-01,1119.2901611328125,2999.64013671875,767.9425659179688,1184.517578125,905.8475341796875,2527.817626953125,377.418212890625,551.90869140625,802.6996459960938,384.1632080078125,2125.1650390625,916.5631713867188,3116.41845703125,8966.7841796875,957.7730712890625,2791.34130859375,689.0553588867188,1057.4715576171875,7557.93701171875,188.2749786376953,1005.7577514648438,159.10499572753906,154.04510498046875,131.52552795410156,96.29698181152344,1272.0489501953125,995.9791870117188,183.34312438964844,886.7447509765625,930.18603515625
2023-06-02,1115.6322021484375,2983.0361328125,769.1395263671875,1181.7879638671875,907.8313598632812,2545.432861328125,380.5941162109375,556.1231079101562,810.9889526367188,385.8949279785156,2150.913818359375,922.9412841796875,3113.100830078125,9117.7470703125,969.3124389648438,2825.30419921875,687.4307861328125,1065.7938232421875,7565.50244140625,187.25765991210938,1001.4859008789062,159.24188232421875,155.1029052734375,132.42434692382812,98.16021728515625,1293.749755859375,998.0230102539062,183.78086853027344,898.1212768554688,931.2466430664062
2023-06-05,1125.651611328125,2967.9658203125,768.1340942382812,1186.791748046875,916.1534423828125,2525.8505859375,378.2336120605469,556.1231079101562,809.0499267578125,383.1381530761719,2183.40087890625,947.6068725585938,3077.0390625,9210.748046875,978.1851806640625,2819.429931640625,689.3196411132812,1055.53076171875,7595.71337890625,186.91085815429688,1002.5867309570312,158.83132934570312,155.7640380859375,133.0235595703125,99.43266296386719,1345.83154296875,985.8043212890625,182.82574462890625,896.7770385742188,939.8760375976562
2023-06-06,1126.60595703125,2916.888671875,765.7402954101562,1163.5926513671875,911.6536865234375,2521.493408203125,380.0791320800781,554.3709716796875,804.1539306640625,389.93548583984375,2192.689208984375,964.897705078125,3089.540283203125,9358.876953125,983.082275390625,2844.852783203125,696.2439575195312,1049.306396484375,7814.99853515625,184.945556640625,994.0433349609375,160.017333984375,155.565673828125,131.52552795410156,99.06910705566406,1361.0701904296875,965.2770385742188,181.31350708007812,903.2249755859375,937.2244873046875
2023-06-07,1135.1484375,2955.331787109375,769.7139892578125,1172.6448974609375,909.8151245117188,2544.964111328125,381.0661926269531,558.0172119140625,818.5026245117188,386.0242919921875,2228.833984375,973.4185791015625,3101.128662109375,9331.2880859375,983.8580322265625,2870.02880859375,692.9163818359375,1081.3262939453125,7861.30419921875,186.263427734375,994.4393920898438,161.7963104248047,158.1441192626953,131.69676208496094,101.3413314819336,1356.4407958984375,973.6746215820312,183.62168884277344,910.4520263671875,926.0401611328125
2023-06-08,1135.830078125,2920.634033203125,770.1926879882812,1167.050048828125,907.5894165039062,2510.95263671875,380.1649475097656,557.3543090820312,810.504150390625,375.494873046875,2252.705810546875,958.8184814453125,3089.0595703125,9284.283203125,957.09423828125,2840.459228515625,686.0801391601562,1070.74658203125,7805.9404296875,184.7605743408203,992.41357421875,166.08413696289062,159.763916015625,133.62277221679688,101.02322387695312,1331.9913330078125,951.9921264648438,181.55226135253906,905.7086181640625,930.8128051757812
2023-06-09,1127.787353515625,2896.1337890625,771.1024780273438,1151.7203369140625,907.734619140625,2470.0078125,376.3452453613281,548.072998046875,808.0804443359375,372.6087646484375,2274.556396484375,971.4253540039062,3078.943359375,9254.6767578125,954.13671875,2839.718994140625,688.7276000976562,1067.0989990234375,7857.11181640625,183.72010803222656,977.4404907226562,166.76834106445312,161.91262817382812,132.03916931152344,98.97821807861328,1321.9609375,944.6608276367188,181.19407653808594,909.0982055664062,934.5248413085938
2023-06-12,1128.7869873046875,2930.063720703125,766.4105224609375,1175.374267578125,905.7024536132812,2476.80078125,375.0577697753906,548.0256958007812,810.843505859375,374.0916748046875,2252.368896484375,970.877197265625,3092.689453125,9180.3251953125,955.5912475585938,2816.369140625,694.6536254882812,1077.536376953125,7900.814453125,182.93402099609375,1003.7757568359375,169.41400146484375,159.763916015625,132.72396850585938,99.5235595703125,1332.328857421875,955.0577392578125,182.26861572265625,910.8222045898438,925.5580444335938
2023-06-13,1145.46337890625,2927.176513671875,767.703125,1187.1102294921875,913.056884765625,2507.204833984375,382.31085205078125,545.8946533203125,808.9044799804688,369.41412353515625,2266.27783203125,982.4874877929688,3158.6142578125,9148.650390625,958.1608276367188,2875.50830078125,701.4115600585938,1087.3621826171875,7975.69189453125,182.91087341308594,996.4213256835938,169.09471130371094,160.16061401367188,133.237548828125,101.02322387695312,1324.3720703125,959.1898193359375,182.2288055419922,915.9552612304688,946.3359985351562
2023-06-14,1159.5496826171875,2933.808837890625,766.8652954101562,1183.0618896484375,909.4280395507812,2528.614501953125,381.538330078125,546.0367431640625,802.6996459960938,371.1458435058594,2266.90380859375,974.3652954101562,3165.729248046875,9163.0703125,956.8033447265625,2870.1279296875,694.5703125,1098.7783203125,8054.71337890625,183.3270721435547,1000.4288330078125,170.78244018554688,162.9704132080078,135.12078857421875,103.4317855834961,1329.676513671875,957.59033203125,182.2288055419922,915.3707275390625,943.6363525390625
2023-06-15,1159.8677978515625,2924.035888671875,757.4336547851562,1170.68896484375,896.6546020507812,2520.135009765625,384.6283874511719,536.5186157226562,804.3963012695312,364.94561767578125,2272.919677734375,973.8171997070312,3189.108154296875,9223.00390625,958.451904296875,2871.0654296875,697.4820556640625,1110.257568359375,8030.52587890625,179.85891723632812,1007.2547607421875,170.32627868652344,162.9373779296875,134.94956970214844,103.3863296508789,1343.2757568359375,961.0560913085938,181.9502410888672,935.7177734375,962.4376831054688
2023-06-16,1171.159423828125,2886.397705078125,767.3440551757812,1175.1014404296875,904.0090942382812,2544.448974609375,388.920166015625,541.0172119140625,812.249267578125,369.7027587890625,2278.214111328125,978.2021484375,3210.88916015625,9231.51171875,961.9428100585938,2916.77783203125,704.9789428710938,1110.37109375,8030.57373046875,176.3213653564453,1011.3062133789062,171.69476318359375,162.9373779296875,134.3931884765625,103.84078216552734,1353.9814453125,957.2348022460938,181.9104461669922,957.4575805664062,970.0064086914062
2023-06-19,1159.52685546875,2918.671875,768.0144653320312,1177.2392578125,893.316162109375,2534.625,389.34930419921875,538.7442016601562,802.8935546875,363.1641845703125,2277.781005859375,962.3564453125,3203.96728515625,9162.58984375,971.4458618164062,2930.89599609375,722.8890991210938,1101.9737548828125,7968.271484375,175.78961181640625,1001.9263305664062,169.55087280273438,160.72254943847656,135.0780029296875,103.7044448852539,1352.7276611328125,971.808349609375,180.7960968017578,950.4349975585938,975.0201416015625
2023-06-20,1161.9351806640625,2934.399658203125,769.6182861328125,1185.791015625,895.6386108398438,2527.87109375,388.70556640625,537.3710327148438,805.8505249023438,367.0355529785156,2292.844970703125,971.5249633789062,3212.679931640625,9124.2353515625,961.894287109375,2936.2275390625,709.4418334960938,1109.74267578125,7944.03564453125,176.87628173828125,1029.318359375,171.05613708496094,164.45799255371094,134.60719299316406,103.84078216552734,1346.8441162109375,984.0271606445312,180.87571716308594,954.7596435546875,974.9236450195312
2023-06-21,1165.206787109375,2962.128662109375,783.0716552734375,1182.1065673828125,894.8160400390625,2528.34326171875,383.7271423339844,536.3765258789062,813.4127197265625,367.3440856933594,2304.828857421875,962.7052612304688,3210.163330078125,9074.9716796875,961.8458251953125,2933.364013671875,705.267578125,1106.65087890625,7942.20361328125,178.2635498046875,1030.90380859375,171.05613708496094,170.70571899414062,137.1324005126953,103.52267456054688,1325.4327392578125,995.1796264648438,181.83084106445312,956.5518188476562,972.7543334960938
2023-06-22,1152.1201171875,2944.218505859375,786.9017944335938,1165.9127197265625,895.8321533203125,2507.32568359375,384.24212646484375,533.156494140625,817.0967407226562,365.463134765625,2325.813232421875,963.3031005859375,3144.286865234375,9038.6376953125,960.2942504882812,2932.52490234375,688.0277709960938,1089.3104248046875,7866.26708984375,176.78378295898438,1024.694091796875,168.31922912597656,167.63143920898438,136.06239318847656,104.27351379394531,1329.7247314453125,994.4241333007812,180.6369171142578,954.4187622070312,962.5339965820312
2023-06-23,1142.691650390625,2924.081787109375,786.8539428710938,1150.85595703125,893.6548461914062,2495.28173828125,381.7529296875,525.2484130859375,828.7307739257812,363.96038818359375,2300.112548828125,955.1311645507812,3192.350830078125,8965.822265625,961.4094848632812,2901.81982421875,684.0787353515625,1089.5013427734375,7786.71533203125,175.69712829589844,1026.2353515625,170.32627868652344,165.35052490234375,134.30758666992188,102.86568450927734,1324.4683837890625,991.2694702148438,179.80120849609375,972.8176879882812,953.9530029296875
2023-06-26,1133.967041015625,2899.807373046875,783.0476684570312,1155.7232666015625,897.4772338867188,2505.2001953125,382.5683288574219,527.5687255859375,825.9677124023438,362.8457336425781,2288.5615234375,957.2738037109375,3202.466796875,9103.185546875,964.8034057617188,2934.844970703125,684.9644165039062,1094.043212890625,7870.45849609375,176.1363983154297,1028.3052978515625,168.6841583251953,164.292724609375,134.30758666992188,103.1003189086914,1348.0015869140625,988.0704345703125,178.52774047851562,982.1096801757812,985.28857421875
2023-06-27,1134.376220703125,2906.807861328125,794.0833129882812,1163.7293701171875,905.8475341796875,2504.4921875,382.05328369140625,536.1397705078125,838.5227661132812,367.1748962402344,2298.668701171875,969.9304809570312,3219.746337890625,9094.341796875,971.4458618164062,2937.905517578125,686.9756469726562,1094.3551025390625,7910.3544921875,176.9225311279297,1030.5069580078125,169.73330688476562,164.98690795898438,135.12078857421875,103.94502258300781,1352.5830078125,995.001708984375,179.2042999267578,978.9928588867188,973.0917358398438
2023-06-28,1149.3939208984375,2923.26318359375,802.4857177734375,1176.6480712890625,907.1539916992188,2513.843505859375,385.7013244628906,539.6439819335938,845.6001586914062,366.3488464355469,2330.818603515625,974.8635864257812,3241.285888671875,9170.9052734375,990.83984375,2989.640380859375,693.9195556640625,1099.5205078125,7960.61083984375,176.50634765625,1030.727294921875,172.515869140625,165.3836212158203,135.71998596191406,104.69586944580078,1345.4456787109375,984.6935424804688,180.87571716308594,995.0152587890625,973.718505859375
2023-06-30,1158.8226318359375,3002.176025390625,814.5745239257812,1214.99462890625,904.3960571289062,2529.8076171875,387.63262939453125,542.5325317382812,851.950439453125,367.5431213378906,2382.8935546875,984.08203125,3254.64501953125,9409.677734375,1019.73681640625,3008.94189453125,703.7874145507812,1106.7816162109375,7993.47216796875,179.95138549804688,1046.317138671875,172.56143188476562,168.6892852783203,137.2179718017578,105.11820983886719,1401.964111328125,1004.9100952148438,183.8604736328125,1005.0963134765625,978.5875244140625
2023-07-03,1188.5628662109375,2974.947509765625,823.3839111328125,1213.3570556640625,912.089111328125,2551.43896484375,397.6324462890625,554.4657592773438,852.3381958007812,367.0256652832031,2362.197998046875,978.750244140625,3251.402099609375,9298.125,1001.409423828125,2999.710693359375,720.7319946289062,1094.1278076171875,8156.38134765625,181.08432006835938,1040.724365234375,174.47727966308594,165.614990234375,139.44361877441406,106.15062713623047,1415.8043212890625,996.5568237304688,184.3778076171875,993.1548461914062,965.9086303710938
2023-07-04,1176.31689453125,3008.17578125,827.4054565429688,1223.7738037109375,914.169677734375,2550.447509765625,400.2933349609375,558.0645751953125,838.7651977539062,370.5586242675781,2369.706298828125,967.38916015625,3240.75390625,9273.517578125,1017.0217895507812,3035.598876953125,772.572998046875,1093.716796875,8106.17431640625,183.09584045410156,1048.6510009765625,177.03170776367188,165.0199737548828,137.98838806152344,105.49363708496094,1412.4285888671875,1020.1499633789062,184.4972381591797,1010.7066040039062,975.5985717773438
2023-07-05,1174.3857421875,3018.26708984375,801.12109375,1225.72998046875,927.0398559570312,2603.203857421875,407.80389404296875,559.3431396484375,840.219482421875,371.18560791015625,2378.3212890625,963.2034912109375,3266.600341796875,9605.0498046875,1013.0458984375,3060.47900390625,770.440185546875,1107.0523681640625,8072.92724609375,182.14788818359375,1052.3505859375,176.438720703125,167.43312072753906,139.35804748535156,106.00984191894531,1422.9415283203125,1044.14306640625,184.1788330078125,1008.748779296875,974.586181640625
2023-07-06,1199.0367431640625,3020.94921875,801.9351196289062,1222.63671875,928.3946533203125,2604.384521484375,406.77392578125,561.1426391601562,843.1279296875,373.6636962890625,2395.455322265625,977.604248046875,3290.8017578125,9477.30078125,1010.9126586914062,3066.945556640625,763.3145141601562,1116.69921875,8104.72802734375,183.21145629882812,1039.8875732421875,179.4949188232422,173.6808624267578,141.58364868164062,105.72827911376953,1493.7823486328125,1047.9197998046875,186.72584533691406,1019.1608276367188,984.661865234375
2023-07-07,1196.696533203125,3026.722412109375,794.945068359375,1210.1727294921875,915.8147583007812,2548.652587890625,402.052978515625,562.184326171875,843.9035034179688,368.926513671875,2357.67431640625,974.3619995117188,3236.88134765625,9468.505859375,1004.3186645507812,3104.068115234375,749.171142578125,1107.35693359375,8033.65771484375,183.0496063232422,1019.58544921875,175.70887756347656,168.8875732421875,139.95724487304688,104.7427978515625,1508.587158203125,1027.259033203125,186.248291015625,1009.55712890625,984.0833740234375
2023-07-10,1242.7947998046875,2974.629150390625,793.0538940429688,1209.2177734375,917.7501220703125,2509.40380859375,399.86419677734375,561.2373046875,858.3976440429688,371.5936584472656,2347.470703125,961.7422485351562,3236.348388671875,9358.97265625,1013.3368530273438,3006.86865234375,740.4138793945312,1091.599365234375,8048.01611328125,180.3213348388672,990.4319458007812,174.75096130371094,165.284423828125,139.3152313232422,108.2154541015625,1496.2899169921875,1019.3945922851562,186.0492706298828,1004.1904296875,980.27490234375
2023-07-11,1256.2677001953125,2975.03759765625,789.1998291015625,1226.9124755859375,914.41162109375,2535.8056640625,406.13018798828125,557.4016723632812,864.6994018554688,371.5339660644531,2381.93115234375,950.9182739257812,3284.170654296875,9516.4716796875,1039.7611083984375,3048.384521484375,731.641845703125,1104.7510986328125,8023.49072265625,181.2924041748047,981.9766845703125,175.52642822265625,167.59840393066406,140.89881896972656,108.07466125488281,1513.69873046875,1032.10205078125,186.248291015625,1014.183349609375,990.9772338867188
2023-07-12,1257.653564453125,2963.674072265625,781.8028564453125,1212.993408203125,913.8794555664062,2525.556396484375,405.4005432128906,558.0645751953125,862.8088989257812,373.82293701171875,2363.06494140625,947.7259521484375,3297.917236328125,9454.6162109375,1046.064208984375,3057.17138671875,730.4573974609375,1114.79443359375,7921.9189453125,181.19992065429688,978.145263671875,174.0667266845703,166.63975524902344,143.5096435546875,107.65231323242188,1515.0489501953125,1030.2803955078125,186.56663513183594,1018.728271484375,985.5778198242188
2023-07-13,1246.4073486328125,3036.995361328125,785.704833984375,1241.9237060546875,924.814208984375,2507.65625,405.14306640625,554.6551513671875,858.0582275390625,372.1509704589844,2358.444091796875,957.8516845703125,3289.97900390625,9273.6611328125,1043.05810546875,3055.43798828125,734.6493530273438,1103.2259521484375,7934.9287109375,182.33285522460938,976.6038208007812,171.42108154296875,160.72254943847656,143.6380615234375,107.79310607910156,1511.2392578125,1044.3653564453125,182.98495483398438,1009.5892944335938,984.1315307617188
2023-07-14,1245.3621826171875,3195.275390625,787.3327026367188,1297.2830810546875,929.0236206054688,2528.626953125,405.9155578613281,553.4712524414062,859.4639892578125,372.0116271972656,2379.717041015625,954.759033203125,3320.18212890625,9231.4619140625,1040.43994140625,3026.515625,735.4110107421875,1118.565185546875,7885.34716796875,187.3038787841797,1013.7284545898438,171.01051330566406,158.70608520507812,144.87925720214844,109.95177459716797,1507.24365234375,1091.818359375,183.9002685546875,999.6945190429688,993.9661865234375
2023-07-17,1270.8084716796875,3174.41015625,803.80224609375,1294.5537109375,937.3941040039062,2533.160888671875,405.4434814453125,569.2874755859375,851.3202514648438,377.5948181152344,2376.39599609375,962.5403442382812,3349.85302734375,9314.0341796875,1044.9490966796875,3004.62548828125,738.221923828125,1115.3118896484375,7951.3115234375,192.02059936523438,1016.1946411132812,170.14382934570312,159.3341522216797,142.43963623046875,110.51490783691406,1497.254150390625,1104.037109375,183.22372436523438,1026.7283935546875,995.6533813476562
2023-07-18,1281.6002197265625,3179.092529296875,803.1320190429688,1342.089111328125,943.9259643554688,2534.199951171875,405.5722351074219,561.0005493164062,848.7510375976562,376.3607482910156,2382.075439453125,961.3433227539062,3401.20849609375,9291.060546875,1034.8157958984375,2967.97705078125,729.282958984375,1110.786865234375,7879.03466796875,192.9223175048828,1028.040771484375,170.9193115234375,159.43333435058594,142.86764526367188,109.43557739257812,1495.69482421875,1108.6136474609375,181.671630859375,1019.1207885742188,993.8696899414062
2023-07-19,1291.3243408203125,3154.72802734375,806.7706298828125,1341.8616943359375,941.9906005859375,2523.6201171875,411.0227966308594,569.6190185546875,844.1943969726562,379.4956970214844,2400.79736328125,961.99169921875,3402.3701171875,9235.2119140625,1049.0703125,2967.184326171875,745.4705810546875,1109.03662109375,8026.6708984375,193.26913452148438,1029.670654296875,175.66326904296875,160.82174682617188,142.73922729492188,109.52942657470703,1505.1968994140625,1106.0806884765625,181.9502410888672,1025.079345703125,998.6905517578125
2023-07-20,1289.760498046875,3156.77880859375,808.5181274414062,1318.7081298828125,963.4248046875,2553.517333984375,422.4388732910156,577.7637939453125,857.8643188476562,389.5075378417969,2396.513916015625,975.5591430664062,3413.357666015625,9393.7685546875,1064.3914794921875,2960.89501953125,746.6401977539062,1112.275634765625,7925.4365234375,193.13038635253906,1026.783203125,175.98255920410156,161.4828643798828,143.12445068359375,109.76406860351562,1506.073974609375,1113.412109375,182.86557006835938,1048.2357177734375,1018.6972045898438
2023-07-21,1249.834716796875,3070.18701171875,802.294189453125,1211.446533203125,964.7794799804688,2459.764404296875,420.9796447753906,582.5465087890625,858.979248046875,392.1548156738281,2489.4501953125,968.9749145507812,3405.32275390625,9391.4140625,1063.9066162109375,2948.0185546875,745.1806640625,1111.0478515625,7824.29833984375,187.14205932617188,990.937255859375,177.98963928222656,161.38368225097656,145.99209594726562,109.43557739257812,1484.7794189453125,1089.8388671875,182.26861572265625,1038.20361328125,1019.5719604492188
2023-07-24,1224.554931640625,3094.2958984375,803.5628662109375,1215.995361328125,959.9410400390625,2437.330078125,404.58514404296875,584.9616088867188,861.0637817382812,377.6346435546875,2507.739013671875,969.1744384765625,3430.49169921875,9319.0791015625,1067.058349609375,2950.890869140625,745.1659545898438,1103.194580078125,7921.29248046875,186.84146118164062,988.6720581054688,178.71945190429688,163.5985107421875,146.37728881835938,108.40316009521484,1507.535888671875,1059.517333984375,183.8206787109375,1058.523193359375,1019.5719604492188
2023-07-25,1223.767333984375,3098.306396484375,812.2764282226562,1214.1756591796875,962.5538330078125,2425.900146484375,396.8170471191406,577.3375854492188,856.7009887695312,373.305419921875,2465.049072265625,960.1959838867188,3291.77001953125,9380.4072265625,1061.8704833984375,3000.2177734375,747.6083984375,1100.91259765625,8088.4423828125,185.15362548828125,987.4728393554688,183.05288696289062,166.0447235107422,148.0893096923828,111.92274475097656,1525.95556640625,1054.638671875,183.0247344970703,1065.1392822265625,1025.2095947265625
2023-07-26,1243.65625,3088.416748046875,809.45166015625,1227.139892578125,964.247314453125,2440.211181640625,405.3576354980469,582.5939331054688,862.2756958007812,377.2464904785156,2547.20458984375,974.4617309570312,3265.245361328125,9378.2451171875,1078.306640625,2979.76416015625,730.5753784179688,1102.218017578125,8048.9794921875,186.24032592773438,990.53759765625,183.91957092285156,165.94554138183594,148.04649353027344,112.5797348022461,1505.5867919921875,1042.510009765625,183.46250915527344,1075.0047607421875,1038.574462890625
2023-07-27,1232.087158203125,3096.255126953125,801.04931640625,1231.052001953125,958.2476806640625,2427.50634765625,399.1774597167969,583.9197998046875,867.8502197265625,372.95709228515625,2560.632568359375,957.6022338867188,3261.760009765625,9375.6015625,1100.5615234375,2973.5732421875,715.9258422851562,1079.2744140625,8023.712890625,184.945556640625,992.6253051757812,184.23886108398438,165.74722290039062,146.37728881835938,112.43894958496094,1410.613525390625,1003.02392578125,182.3084259033203,1081.1595458984375,1138.6409912109375
2023-07-28,1244.4686279296875,3058.428466796875,786.8539428710938,1219.54345703125,964.00537109375,2441.439208984375,402.0958557128906,583.4462890625,867.8017578125,373.5741271972656,2550.381103515625,947.676025390625,3282.3798828125,9295.5302734375,1107.957275390625,2958.616943359375,725.5087280273438,1086.796630859375,8041.62255859375,184.39064025878906,980.3658447265625,191.58290100097656,170.70571899414062,147.0620880126953,113.18978881835938,1430.4951171875,994.953369140625,180.75634765625,1096.0802001953125,1144.813232421875
2023-07-31,1255.00390625,3118.632568359375,790.5404052734375,1233.371826171875,966.0374755859375,2418.957763671875,399.73541259765625,587.3766479492188,862.7603759765625,369.5335388183594,2580.990966796875,951.6166381835938,3269.45654296875,9440.1494140625,1112.677001953125,2975.5048828125,717.5181274414062,1090.296630859375,8052.6591796875,187.3038787841797,992.0478515625,199.20059204101562,175.8956756591797,151.55612182617188,115.58311462402344,1437.7069091796875,1017.249755859375,182.4676055908203,1107.3590087890625,1142.0916748046875
2023-08-01,1237.25634765625,3146.5244140625,795.830810546875,1242.0146484375,962.40869140625,2409.794921875,398.962890625,579.4685668945312,864.45703125,368.22979736328125,2566.8408203125,957.6022338867188,3236.155029296875,9340.1796875,1112.7254638671875,2973.375244140625,714.510498046875,1092.249755859375,8017.46875,188.18251037597656,1011.4144897460938,205.40419006347656,166.4744873046875,151.2565155029297,115.63004302978516,1455.3956298828125,1042.7835693359375,191.3024444580078,1112.5811767578125,1145.347900390625
2023-08-02,1224.0380859375,3136.133544921875,785.4176025390625,1234.418212890625,955.0543212890625,2426.656005859375,394.9286193847656,566.7777099609375,851.3202514648438,362.9949645996094,2552.724853515625,942.9873046875,3255.4677734375,9279.6689453125,1104.7457275390625,2948.8603515625,707.9990234375,1106.201416015625,8023.1806640625,186.263427734375,1004.6629028320312,199.8848114013672,164.32577514648438,150.614501953125,111.64117431640625,1447.55029296875,1044.7445068359375,186.68603515625,1111.285400390625,1135.5794677734375
2023-08-03,1218.8934326171875,3099.035400390625,779.7442016601562,1241.1959228515625,933.8136596679688,2409.9833984375,391.4523010253906,559.2484741210938,845.115478515625,362.9053955078125,2529.311767578125,933.310546875,3229.765869140625,9260.1669921875,1110.34130859375,2874.523681640625,698.652099609375,1086.550048828125,7876.4677734375,184.80682373046875,999.8656005859375,200.79713439941406,164.42495727539062,147.3188934326172,110.93726348876953,1431.810791015625,1042.1453857421875,183.10433959960938,1111.098876953125,1133.197998046875
2023-08-04,1235.4595947265625,3138.77685546875,791.0191650390625,1253.978271484375,939.1358642578125,2404.977294921875,390.5080871582031,542.958740234375,862.51806640625,366.2421569824219,2557.348876953125,949.9705200195312,3232.960693359375,9189.0439453125,1108.3463134765625,2876.801513671875,702.617919921875,1085.520263671875,7897.765625,189.0611114501953,1016.6114501953125,198.83566284179688,163.53237915039062,148.38888549804688,111.68810272216797,1427.4251708984375,1071.6915283203125,186.0492706298828,1109.1456298828125,1175.868408203125
2023-08-07,1242.49951171875,3175.692138671875,790.5643310546875,1267.3062744140625,944.1195068359375,2426.89208984375,390.4651794433594,537.8446044921875,864.214599609375,364.857666015625,2566.110595703125,945.1322021484375,3236.203369140625,9240.857421875,1129.6094970703125,2877.0,700.0083618164062,1085.7523193359375,7914.513671875,190.12464904785156,1022.3414306640625,198.83566284179688,163.9290771484375,148.04649353027344,111.54732513427734,1488.0931396484375,1079.3973388671875,185.4125518798828,1105.44482421875,1189.379150390625
2023-08-08,1235.0162353515625,3163.432861328125,789.9180297851562,1264.7589111328125,948.2321166992188,2423.727783203125,388.2763671875,542.7693481445312,858.3976440429688,364.1504821777344,2562.508544921875,950.6189575195312,3241.09228515625,9259.05078125,1117.78564453125,2893.49169921875,705.065185546875,1074.631103515625,7896.5068359375,192.5292510986328,1013.9462890625,198.47073364257812,162.783203125,148.38888549804688,110.89032745361328,1461.5843505859375,1099.2315673828125,183.2635498046875,1110.7945556640625,1230.9803466796875
2023-08-09,1243.1640625,3156.0498046875,790.2052001953125,1268.5799560546875,949.0126342773438,2410.833740234375,393.68402099609375,543.3849487304688,856.7494506835938,364.8476867675781,2581.395263671875,947.7259521484375,3224.586669921875,9181.9599609375,1121.8243408203125,2927.812255859375,700.3228149414062,1074.1065673828125,7852.3623046875,193.19976806640625,1016.4338989257812,199.51988220214844,162.00802612304688,151.42770385742188,112.81436920166016,1495.7435302734375,1119.841064453125,186.84521484375,1152.6214599609375,1230.5916748046875
2023-08-10,1248.7022705078125,3137.455078125,783.1912841796875,1263.758056640625,940.6220703125,2396.1923828125,387.7613830566406,543.2902221679688,848.120849609375,358.7420349121094,2573.509521484375,937.5004272460938,3134.4609375,9118.40625,1119.391357421875,2960.152099609375,702.1411743164062,1063.0531005859375,7843.6015625,193.59280395507812,1007.6834106445312,198.33387756347656,162.9854278564453,152.92572021484375,112.62665557861328,1506.122802734375,1126.9542236328125,186.96461486816406,1148.724609375,1223.6904296875
2023-08-11,1253.969970703125,3143.562255859375,775.0283813476562,1248.064453125,929.64599609375,2363.225341796875,385.1863098144531,543.7637939453125,847.8773803710938,356.8694763183594,2568.64208984375,934.95654296875,3083.58984375,9078.8671875,1101.923828125,2988.579345703125,693.9588623046875,1055.929443359375,7873.36962890625,191.00323486328125,1040.6864013671875,197.03878784179688,164.67054748535156,151.6845245361328,112.90823364257812,1507.14599609375,1112.9560546875,186.96461486816406,1143.197998046875,1215.1854248046875
2023-08-14,1268.7884521484375,3144.51904296875,771.2461547851562,1267.8067626953125,936.1828002929688,2392.791748046875,385.57257080078125,531.1203002929688,844.468505859375,357.3973693847656,2589.475341796875,937.699951171875,3100.288818359375,9044.7138671875,1103.7728271484375,2982.0419921875,689.7767944335938,1058.6898193359375,7797.22998046875,191.97434997558594,1040.28662109375,197.03878784179688,164.80532836914062,152.3693084716797,110.89032745361328,1507.535888671875,1112.31787109375,186.16867065429688,1143.2667236328125,1200.994384765625
2023-08-16,1267.7545166015625,3152.31201171875,768.995849609375,1290.505126953125,933.2071533203125,2411.2119140625,386.4738464355469,535.4295043945312,834.631591796875,355.8236083984375,2619.800537109375,930.81640625,3092.01220703125,9139.705078125,1112.920166015625,2982.488037109375,686.1844482421875,1061.0296630859375,7988.52392578125,193.59280395507812,1045.7501220703125,201.1553497314453,167.19822692871094,153.26815795898438,108.82550811767578,1530.682373046875,1119.7042236328125,185.49212646484375,1150.039794921875,1208.721923828125
2023-08-17,1249.4654541015625,3131.666748046875,764.73486328125,1284.1824951171875,928.4752807617188,2402.379638671875,378.5340881347656,541.86962890625,834.3881225585938,351.73992919921875,2582.271484375,934.30810546875,3081.55712890625,9096.7685546875,1114.0391845703125,3042.5615234375,680.4592895507812,1047.471923828125,7945.39501953125,193.0841522216797,1045.3504638671875,199.58274841308594,164.26609802246094,152.15533447265625,108.91936492919922,1533.508544921875,1123.2607421875,184.8951873779297,1154.51611328125,1206.2431640625
2023-08-18,1258.7208251953125,3069.093017578125,761.598876953125,1263.4853515625,927.4996337890625,2413.242431640625,379.0920104980469,542.6272583007812,833.9498291015625,348.7716979980469,2572.000732421875,940.7925415039062,3062.486572265625,9175.1201171875,1104.4052734375,3021.4638671875,674.4490356445312,1055.330078125,7952.6552734375,190.37901306152344,1042.685302734375,199.02767944335938,162.4461669921875,150.4813995361328,108.68473052978516,1513.1885986328125,1104.1561279296875,184.206787109375,1153.298828125,1201.7720947265625
2023-08-21,1244.986328125,3100.585205078125,761.0004272460938,1278.58740234375,931.9388427734375,2420.799560546875,384.37091064453125,541.4434204101562,849.2409057617188,350.67413330078125,2591.76318359375,950.3196411132812,3080.637451171875,9158.3828125,1106.838134765625,3049.04931640625,692.7401123046875,1065.2088623046875,7956.9638671875,191.7200164794922,1047.6158447265625,202.40419006347656,166.62527465820312,151.12522888183594,109.7171401977539,1499.447021484375,1111.4969482421875,186.35296630859375,1160.4451904296875,1199.244873046875
2023-08-22,1244.68994140625,3082.810791015625,757.7448120117188,1277.0863037109375,928.8167724609375,2423.6806640625,389.9072265625,538.4127807617188,854.79248046875,351.221923828125,2607.874755859375,954.759033203125,3078.120361328125,9209.9052734375,1106.984130859375,3046.375,694.8778686523438,1064.8028564453125,7941.66796875,192.87606811523438,1047.8377685546875,205.08685302734375,167.02972412109375,151.2110595703125,110.32720184326172,1511.0931396484375,1106.344482421875,186.87939453125,1163.3311767578125,1186.8033447265625
2023-08-23,1246.0733642578125,3097.486328125,759.612060546875,1280.9072265625,943.3051147460938,2431.4736328125,386.6455078125,546.3682250976562,845.5399169921875,354.5985107421875,2645.647705078125,976.9058837890625,3067.568603515625,9315.716796875,1093.5062255859375,3040.828125,699.4481811523438,1072.40234375,7901.3955078125,192.02059936523438,1050.5029296875,205.08685302734375,168.24301147460938,150.6531219482422,111.64117431640625,1503.247802734375,1095.2193603515625,187.0008544921875,1168.7889404296875,1196.18310546875
2023-08-24,1225.1258544921875,3087.915283203125,756.1170654296875,1295.1451416015625,945.35400390625,2438.274658203125,387.03173828125,546.4155883789062,846.8060302734375,354.77777099609375,2616.977294921875,979.0008544921875,3122.553955078125,9289.275390625,1088.2513427734375,3032.11181640625,701.51220703125,1075.387451171875,7949.31640625,190.8414306640625,1040.508544921875,204.30056762695312,166.01866149902344,148.59288024902344,110.98418426513672,1503.0040283203125,1093.486572265625,185.66458129882812,1159.7188720703125,1186.3172607421875
2023-08-25,1219.4691162109375,3082.0361328125,747.594970703125,1291.9610595703125,946.7686767578125,2421.55517578125,380.55120849609375,539.7861328125,850.75048828125,354.35943603515625,2568.544677734375,980.7467041015625,3155.177490234375,9223.2958984375,1076.5738525390625,3038.054931640625,708.7903442382812,1072.6612548828125,7813.8330078125,189.45416259765625,1025.1397705078125,201.5716094970703,163.12022399902344,149.96633911132812,109.7171401977539,1481.4171142578125,1084.7320556640625,184.40927124023438,1134.6087646484375,1175.5283203125
2023-08-28,1207.315673828125,3076.79541015625,755.3749389648438,1287.9124755859375,946.9149780273438,2414.1396484375,378.87738037109375,542.5325317382812,847.6825561523438,356.65032958984375,2623.987060546875,987.8297119140625,3155.564697265625,9312.5625,1086.986328125,3019.58203125,711.158935546875,1065.2137451171875,7858.55810546875,188.691162109375,1018.476806640625,202.3116912841797,167.50155639648438,150.39556884765625,110.37413024902344,1509.875,1080.400390625,185.8265380859375,1133.951171875,1194.482177734375
2023-08-29,1195.755126953125,3077.342041015625,761.3834838867188,1289.73193359375,944.1831665039062,2386.2265625,377.76153564453125,544.4266357421875,832.9271240234375,355.2060852050781,2646.962158203125,978.3524169921875,3180.734130859375,9335.412109375,1081.7313232421875,3050.138916015625,716.8349609375,1066.59423828125,7937.98974609375,188.7142791748047,1028.3380126953125,204.53184509277344,169.2877960205078,150.8247528076172,112.20431518554688,1521.1800537109375,1092.4833984375,186.2314910888672,1123.72265625,1195.3082275390625
2023-08-30,1194.6187744140625,3090.83203125,755.8297729492188,1305.6529541015625,935.5487670898438,2391.705322265625,380.0791320800781,537.3710327148438,835.4107055664062,353.5726013183594,2637.275390625,980.9960327148438,3189.4462890625,9505.3603515625,1084.942626953125,3052.912109375,714.3532104492188,1073.14453125,8002.125,188.298095703125,1039.8424072265625,203.88427734375,166.55789184570312,150.86770629882812,114.59761810302734,1542.9620361328125,1091.75390625,185.25965881347656,1109.184814453125,1201.529052734375
2023-08-31,1189.1595458984375,3059.704833984375,752.358642578125,1305.92578125,935.40234375,2366.29541015625,377.418212890625,531.64111328125,834.0958862304688,350.3553771972656,2631.142333984375,971.169677734375,3152.07958984375,9706.5966796875,1081.7313232421875,3074.950927734375,704.0233764648438,1062.890869140625,8032.61962890625,188.85299682617188,1041.308349609375,203.79176330566406,164.83908081054688,149.49420166015625,115.34847259521484,1535.3602294921875,1096.08544921875,186.31248474121094,1100.958740234375,1222.3782958984375
2023-09-01,1191.950927734375,3080.1220703125,753.9147338867188,1313.56787109375,945.110107421875,2366.0595703125,378.5769958496094,539.4072265625,843.3971557617188,352.81561279296875,2630.55810546875,988.7774047851562,3155.41943359375,10024.3193359375,1079.2010498046875,3087.18359375,719.5133056640625,1059.4656982421875,7998.6884765625,192.5292510986328,1053.434814453125,213.41244506835938,169.99554443359375,156.01820373535156,119.24347686767578,1551.48974609375,1119.88671875,191.86013793945312,1095.2064208984375,1210.5198974609375
2023-09-04,1190.987548828125,3115.94384765625,758.630615234375,1332.9005126953125,943.7929077148438,2362.847412109375,375.52984619140625,545.0896606445312,842.7640991210938,351.04266357421875,2639.31982421875,979.8987426757812,3132.1865234375,10054.591796875,1079.1038818359375,3070.840087890625,714.5645751953125,1050.892333984375,8308.619140625,200.73724365234375,1094.9217529296875,218.1302947998047,172.15252685546875,157.0482940673828,123.65469360351562,1536.3349609375,1146.05908203125,200.6878204345703,1111.089111328125,1204.1534423828125
2023-09-05,1197.36083984375,3125.83349609375,754.010498046875,1345.4554443359375,944.8173828125,2368.184814453125,380.336669921875,542.6746215820312,843.3484497070312,352.80560302734375,2660.591064453125,979.1006469726562,3120.327392578125,9957.2236328125,1101.48583984375,3106.349609375,721.9213256835938,1061.3463134765625,8184.9951171875,199.69677734375,1097.63134765625,217.0202178955078,171.4110565185547,157.17710876464844,123.60775756835938,1531.2183837890625,1144.052734375,206.80239868164062,1095.275146484375,1204.2506103515625
2023-09-06,1199.8802490234375,3126.334716796875,763.873046875,1344.135986328125,934.182861328125,2383.723388671875,384.0704345703125,540.306884765625,857.3734741210938,352.65625,2658.157470703125,962.7398681640625,3122.263671875,9876.447265625,1111.6551513671875,3145.870849609375,726.1181030273438,1063.74658203125,8264.9111328125,198.5176239013672,1097.8978271484375,214.52252197265625,171.5458526611328,157.13418579101562,121.63679504394531,1536.919677734375,1138.94580078125,207.16683959960938,1096.13916015625,1221.552001953125
2023-09-07,1201.5107421875,3149.441162109375,771.22216796875,1333.9010009765625,942.1343383789062,2368.562255859375,382.74005126953125,548.4044799804688,852.503662109375,356.3813781738281,2771.03759765625,975.8583984375,3142.64111328125,9975.3193359375,1102.60498046875,3142.6513671875,723.7002563476562,1058.5350341796875,8224.009765625,200.1592254638672,1114.0216064453125,216.5576934814453,173.23098754882812,156.01820373535156,122.15299224853516,1525.95556640625,1157.4578857421875,221.9066162109375,1102.39208984375,1214.310791015625
2023-09-08,1209.51416015625,3137.272705078125,777.2306518554688,1336.994384765625,946.9149780273438,2374.56103515625,379.95037841796875,552.5715942382812,862.7788696289062,357.2181091308594,2824.7763671875,977.953369140625,3134.6064453125,10025.046875,1100.07470703125,3168.70166015625,728.3638916015625,1057.9041748046875,8161.47119140625,198.84132385253906,1121.17333984375,222.246826171875,174.34317016601562,158.33596801757812,121.54293823242188,1527.7098388671875,1151.7127685546875,228.46664428710938,1096.2371826171875,1209.7423095703125
2023-09-11,1222.5570068359375,3172.5927734375,781.2523803710938,1343.2261962890625,954.4274291992188,2395.76708984375,383.8558654785156,560.3849487304688,867.5999755859375,360.14642333984375,2817.572021484375,998.0052490234375,3155.274169921875,10220.8994140625,1106.3515625,3182.7666015625,726.4965209960938,1069.6904296875,8191.62744140625,201.08404541015625,1138.49658203125,224.8832550048828,178.28636169433594,157.4346160888672,123.09154510498047,1541.89013671875,1157.0931396484375,225.91554260253906,1102.126953125,1212.4154052734375
2023-09-12,1204.8948974609375,3263.87939453125,783.6940307617188,1365.6522216796875,966.379150390625,2360.439208984375,387.2463684082031,557.2122802734375,867.21044921875,360.8038024902344,2866.151123046875,998.5040893554688,3152.805908203125,10191.548828125,1114.477294921875,3155.52783203125,730.3935546875,1078.909423828125,8298.0673828125,201.15341186523438,1139.25146484375,217.4827423095703,171.9278106689453,155.28854370117188,121.07365417480469,1518.3538818359375,1154.494140625,219.27450561523438,1113.9063720703125,1205.076904296875
2023-09-13,1210.9222412109375,3252.075927734375,787.0454711914062,1363.1502685546875,965.6961669921875,2367.712646484375,389.26348876953125,564.883544921875,891.3157958984375,363.4731750488281,2829.78955078125,1012.0216674804688,3173.0380859375,10162.24609375,1117.8831787109375,3232.192138671875,734.777099609375,1072.240478515625,8360.7021484375,201.4771270751953,1132.89990234375,219.3791046142578,173.63539123535156,157.86383056640625,121.58987426757812,1497.8875732421875,1149.3875732421875,226.48240661621094,1126.6871337890625,1194.09326171875
2023-09-14,1212.0338134765625,3244.9658203125,786.566650390625,1370.97412109375,963.6473999023438,2362.28125,386.2163391113281,565.6885986328125,891.1210327148438,362.8656005859375,2841.325927734375,1018.4561767578125,3136.73583984375,10176.5595703125,1113.0660400390625,3230.360107421875,736.5855102539062,1086.6419677734375,8410.6552734375,201.82394409179688,1140.3177490234375,220.1191864013672,175.38792419433594,161.29751586914062,123.60775756835938,1526.19921875,1167.1243896484375,224.7816619873047,1127.8160400390625,1199.1962890625
2023-09-15,1214.28173828125,3279.829833984375,795.5914306640625,1375.2047119140625,968.28173828125,2332.903564453125,384.8429870605469,567.109130859375,911.7689208984375,361.3416748046875,2831.5419921875,1024.6912841796875,3094.529052734375,10212.556640625,1118.905029296875,3217.731201171875,736.379150390625,1093.63232421875,8449.7666015625,203.95108032226562,1158.973388671875,218.5002899169922,174.4442901611328,160.22450256347656,123.84239196777344,1560.4071044921875,1185.545166015625,226.19895935058594,1142.510986328125,1200.897216796875
2023-09-18,1203.7091064453125,3286.98583984375,779.9356689453125,1357.191162109375,966.0864868164062,2350.803955078125,388.01885986328125,571.9866333007812,896.2343139648438,358.2440185546875,2842.542724609375,1022.2970581054688,3103.87060546875,10209.5,1116.8126220703125,3307.767333984375,741.9274291992188,1103.160400390625,8352.619140625,201.66207885742188,1159.3287353515625,223.12562561035156,179.83668518066406,160.3103485107422,122.43456268310547,1599.7315673828125,1176.197998046875,227.77822875976562,1124.5472412109375,1205.805908203125
2023-09-20,1176.8826904296875,3286.894287109375,748.6482543945312,1355.7811279296875,963.1107788085938,2330.21142578125,388.7913818359375,569.2874755859375,886.981689453125,356.4710693359375,2813.483154296875,1024.8408203125,3111.66357421875,10039.3583984375,1122.1649169921875,3275.2294921875,740.97900390625,1096.433837890625,8188.19091796875,198.8875732421875,1149.02392578125,223.63441467285156,183.92591857910156,161.5550537109375,120.41667175292969,1592.470947265625,1162.1087646484375,230.24830627441406,1102.372314453125,1204.9796142578125
2023-09-21,1168.31103515625,3267.9814453125,743.6930541992188,1366.24365234375,935.93896484375,2336.3515625,384.11334228515625,557.0228881835938,894.0428466796875,349.7478332519531,2822.585693359375,1012.0216674804688,3140.559814453125,9978.763671875,1115.35302734375,3273.10009765625,735.5928955078125,1089.33935546875,8048.205078125,198.3557586669922,1135.3427734375,221.0442352294922,181.1847686767578,160.26742553710938,119.94740295410156,1543.0108642578125,1177.885009765625,227.13035583496094,1112.8658447265625,1172.6123046875
2023-09-22,1163.4447021484375,3284.70703125,732.3462524414062,1361.1488037109375,927.1581420898438,2344.947021484375,380.336669921875,566.4935913085938,887.6635131835938,349.897216796875,2841.228759765625,1015.8125,3170.230712890625,10222.162109375,1101.923828125,3243.385009765625,734.3298950195312,1089.291015625,7926.08154296875,193.52346801757812,1131.5228271484375,220.1191864013672,178.98291015625,158.89395141601562,118.96190643310547,1566.3033447265625,1190.37841796875,229.47898864746094,1083.132568359375,1152.6864013671875
2023-09-25,1156.281005859375,3260.552001953125,732.9925537109375,1341.1339111328125,933.060791015625,2338.712646484375,379.9074401855469,562.6105346679688,886.6895751953125,355.4650573730469,2825.65234375,1016.5109252929688,3217.08447265625,10273.6357421875,1093.8468017578125,3252.7451171875,768.58251953125,1094.427490234375,7944.28173828125,191.48880004882812,1122.416748046875,221.6917724609375,178.7581787109375,159.23731994628906,119.57196807861328,1549.05322265625,1184.998046875,233.28541564941406,1067.76025390625,1146.31982421875
2023-09-26,1157.2938232421875,3268.345458984375,736.1763305664062,1328.8521728515625,925.5971069335938,2341.64111328125,379.7786865234375,562.9420166015625,888.9296264648438,351.4211730957031,2835.436279296875,1011.7223510742188,3187.607177734375,10243.0234375,1095.5985107421875,3231.59814453125,773.5755615234375,1112.1597900390625,7966.25732421875,190.9339141845703,1120.64013671875,222.2005615234375,178.26393127441406,161.16876220703125,120.97979736328125,1554.6571044921875,1169.358642578125,232.2325897216797,1073.4537353515625,1131.0595703125
2023-09-27,1170.336669921875,3271.626708984375,731.005615234375,1334.6290283203125,920.1334228515625,2363.177978515625,385.5296325683594,558.5381469726562,896.282958984375,351.63031005859375,2886.546142578125,1022.7457885742188,3196.31982421875,10363.435546875,1109.3194580078125,3184.004638671875,770.322265625,1105.751953125,7998.97900390625,192.20555114746094,1120.3292236328125,221.36801147460938,179.16265869140625,160.7395477294922,120.27588653564453,1548.8095703125,1175.149169921875,236.11996459960938,1079.088134765625,1147.4375
2023-09-28,1153.14404296875,3223.727783203125,729.49755859375,1309.56494140625,919.6456909179688,2324.071044921875,378.3194885253906,558.7276000976562,901.5423583984375,345.26568603515625,2930.305908203125,1028.4322509765625,3069.069580078125,10251.462890625,1101.8751220703125,3127.249267578125,760.63623046875,1089.578857421875,7894.0869140625,187.442626953125,1103.2724609375,219.28663635253906,180.42086791992188,160.91123962402344,119.00884246826172,1516.5023193359375,1121.208984375,235.02667236328125,1065.86572265625,1131.4483642578125
2023-09-29,1158.529052734375,3216.299560546875,730.7423706054688,1305.92578125,928.7191772460938,2329.03076171875,381.45245361328125,566.8723754882812,902.2728271484375,345.763671875,2943.497314453125,1034.2183837890625,3060.06640625,10295.3701171875,1127.5172119140625,3118.87939453125,767.688232421875,1088.0533447265625,7991.37841796875,187.76632690429688,1096.965087890625,227.14967346191406,179.52210998535156,164.68826293945312,120.97979736328125,1514.7479248046875,1115.09912109375,239.0760498046875,1096.8653564453125,1152.9293212890625
2023-10-03,1145.263916015625,3202.855224609375,722.0048828125,1304.606689453125,917.401611328125,2332.147705078125,377.46112060546875,571.03955078125,901.201416015625,344.04052734375,2991.88134765625,1038.5579833984375,3065.680908203125,10039.5048828125,1110.779052734375,3165.878662109375,783.1043701171875,1078.7884521484375,8039.83251953125,187.48887634277344,1100.4295654296875,223.12562561035156,179.34237670898438,158.4647216796875,120.13510131835938,1498.326171875,1109.080322265625,236.4034423828125,1072.265869140625,1149.67333984375
2023-10-04,1143.287841796875,3224.6396484375,732.29833984375,1314.022705078125,907.4012451171875,2368.9404296875,374.328125,555.223388671875,900.1787719726562,343.0445251464844,2947.586181640625,993.1668701171875,3068.63330078125,9828.90234375,1093.603515625,3136.5595703125,771.9439697265625,1111.2242431640625,7861.65625,187.23451232910156,1101.184814453125,217.52899169921875,178.8480682373047,156.8766632080078,117.60100555419922,1483.4149169921875,1098.866943359375,233.20440673828125,1063.6474609375,1134.3643798828125
2023-10-05,1143.26318359375,3271.6728515625,735.2667236328125,1331.3992919921875,917.9381713867188,2379.992431640625,374.28521728515625,560.8111572265625,904.6589965820312,345.474853515625,3014.07763671875,1000.8484497070312,3103.822509765625,9906.8173828125,1089.0299072265625,3185.936279296875,771.6343994140625,1107.9613037109375,7916.44970703125,188.1131134033203,1097.542236328125,216.32640075683594,176.6911163330078,156.40451049804688,117.5540771484375,1498.862060546875,1099.4140625,234.3382568359375,1061.5760498046875,1128.5809326171875
2023-10-06,1145.1898193359375,3300.886474609375,734.452880859375,1345.2733154296875,922.182373046875,2360.95849609375,379.5211486816406,562.7999877929688,901.9319458007812,347.39715576171875,3011.7900390625,998.553955078125,3093.657470703125,9995.986328125,1097.0093994140625,3278.2998046875,802.8550415039062,1107.6494140625,7933.875,188.59869384765625,1099.541259765625,217.8990020751953,177.0955352783203,155.7606964111328,118.16413879394531,1509.485107421875,1109.7188720703125,233.08294677734375,1065.0411376953125,1130.4278564453125
2023-10-09,1135.4326171875,3316.336181640625,725.9307861328125,1342.3165283203125,915.7431030273438,2372.19921875,378.06201171875,554.1342163085938,900.4710083007812,342.49664306640625,2993.292724609375,993.865234375,3052.079833984375,9940.4375,1092.87353515625,3236.45166015625,789.0114135742188,1106.1796875,7851.2490234375,187.5582275390625,1110.11279296875,217.11268615722656,176.3765411376953,155.97531127929688,116.24009704589844,1476.6904296875,1105.8431396484375,233.08294677734375,1078.774169921875,1127.0257568359375
2023-10-10,1140.447021484375,3307.721923828125,730.0481567382812,1360.239013671875,928.0362548828125,2376.828125,381.45245361328125,560.337646484375,923.651123046875,349.8274841308594,2994.55859375,1009.8268432617188,3050.8212890625,10066.76953125,1096.23095703125,3238.13525390625,794.505615234375,1110.346923828125,7897.91064453125,188.5524444580078,1120.951171875,218.22279357910156,177.90438842773438,157.52047729492188,117.60100555419922,1498.7647705078125,1119.61328125,245.5955810546875,1075.573974609375,1122.7005615234375
2023-10-11,1158.5537109375,3290.403564453125,737.1099243164062,1359.556640625,929.8899536132812,2414.80126953125,384.7571716308594,557.2122802734375,930.7122802734375,352.8753662109375,3006.92236328125,1016.6605224609375,3062.8251953125,10102.767578125,1098.4205322265625,3249.327880859375,796.3091430664062,1121.6591796875,8076.7158203125,194.74887084960938,1106.559326171875,220.81300354003906,178.39869689941406,157.3058319091797,117.27250671386719,1516.745849609375,1123.1239013671875,244.4617462158203,1093.0567626953125,1139.1270751953125
2023-10-12,1160.70263671875,3229.014892578125,742.017333984375,1333.2645263671875,931.011962890625,2415.367919921875,386.8600769042969,555.033935546875,925.5990600585938,351.371337890625,3000.15625,1016.0120849609375,3058.178466796875,10266.552734375,1100.0262451171875,3253.78515625,787.6943359375,1115.5242919921875,8085.1865234375,192.87606811523438,1087.1485595703125,223.49566650390625,180.42086791992188,158.33596801757812,118.16413879394531,1526.832763671875,1093.1673583984375,248.79458618164062,1085.7142333984375,1125.4705810546875
2023-10-13,1160.6534423828125,3254.810302734375,735.2667236328125,1302.013916015625,928.1337280273438,2427.128173828125,384.8429870605469,545.6578979492188,929.3487548828125,351.0028076171875,3007.798583984375,991.6704711914062,3048.20751953125,10408.845703125,1114.5257568359375,3252.54736328125,791.3652954101562,1138.6903076171875,8101.88525390625,190.07839965820312,1115.7095947265625,223.9119415283203,181.36453247070312,158.72222900390625,117.36637115478516,1522.7393798828125,1088.9268798828125,249.4020233154297,1071.9715576171875,1135.044677734375
2023-10-16,1158.0596923828125,3212.152099609375,732.3223266601562,1304.7431640625,928.2313842773438,2416.595947265625,385.3580322265625,545.1843872070312,921.8980102539062,348.56256103515625,3019.77294921875,1002.3947143554688,3012.631591796875,10386.48046875,1104.7945556640625,3270.029296875,789.8270874023438,1117.13916015625,8027.537109375,189.6853790283203,1128.813232421875,225.20703125,182.48793029785156,160.13864135742188,119.19654846191406,1534.531982421875,1080.263671875,252.68199157714844,1078.4305419921875,1131.7884521484375
2023-10-17,1163.5928955078125,3196.65673828125,737.8760375976562,1312.2943115234375,930.6704711914062,2414.56494140625,389.2205505371094,545.9420166015625,928.8131713867188,352.9052429199219,2985.115478515625,1005.636962890625,3014.083740234375,10431.404296875,1106.254150390625,3277.012451171875,795.4295043945312,1127.617431640625,8036.44384765625,190.24026489257812,1134.587646484375,227.5196990966797,186.17276000976562,159.881103515625,119.57196807861328,1536.52978515625,1092.1187744140625,257.0552978515625,1088.4429931640625,1140.6336669921875
2023-10-18,1148.154052734375,3178.60888671875,727.6064453125,1310.5657958984375,920.7677001953125,2407.1025390625,387.675537109375,542.3432006835938,928.033935546875,349.28961181640625,2964.96337890625,990.473388671875,2997.5302734375,10467.9365234375,1122.408203125,3251.556640625,773.172607421875,1124.603271484375,8014.08056640625,188.41372680664062,1127.7470703125,223.8656768798828,185.5885772705078,160.4820098876953,119.29039764404297,1534.8243408203125,1082.54345703125,256.69091796875,1114.6229248046875,1176.694580078125
2023-10-19,1139.33544921875,3157.9560546875,725.308349609375,1304.288330078125,912.9624633789062,2406.9609375,386.60260009765625,540.9699096679688,918.3917846679688,346.31146240234375,2973.530517578125,989.02685546875,3002.709228515625,10451.68359375,1110.8280029296875,3253.438720703125,770.7154541015625,1166.6328125,8246.662109375,182.79527282714844,1125.8814697265625,221.5530242919922,184.95947265625,159.92404174804688,118.25798797607422,1529.658935546875,1068.910400390625,254.9496307373047,1105.484130859375,1189.0390625
2023-10-20,1135.8524169921875,3193.5048828125,729.0667114257812,1298.4656982421875,910.0355224609375,2356.94384765625,376.2165222167969,533.298583984375,920.5831909179688,352.5168151855469,2932.59375,978.0032348632812,3006.6298828125,10407.0029296875,1111.5091552734375,3235.163818359375,763.6044311523438,1173.756103515625,8190.99755859375,181.19992065429688,1128.79638671875,222.94061279296875,182.30819702148438,159.83819580078125,115.53617095947266,1518.646240234375,1067.587890625,253.0059356689453,1093.390380859375,1166.5859375
2023-10-23,1118.1162109375,3116.37548828125,721.04736328125,1281.5440673828125,907.3037109375,2345.939208984375,374.15643310546875,523.6857299804688,914.8368530273438,346.7696533203125,2879.97509765625,961.99169921875,2973.86083984375,10240.1123046875,1092.289794921875,3189.1552734375,766.5235595703125,1169.79443359375,8059.53173828125,177.17684936523438,1109.1099853515625,218.82408142089844,179.52210998535156,158.6793212890625,112.62665557861328,1525.3709716796875,1054.1370849609375,247.9037322998047,1089.984130859375,1150.645263671875
2023-10-25,1115.5225830078125,3098.052978515625,716.4751586914062,1262.560302734375,893.7909545898438,2340.082763671875,371.4097595214844,526.7637329101562,898.57177734375,344.2397155761719,2838.89208984375,953.162841796875,2963.01904296875,10274.265625,1090.197509765625,3157.558349609375,756.2575073242188,1172.9342041015625,7992.83056640625,176.57571411132812,1102.2490234375,214.66128540039062,179.2974395751953,158.2501220703125,113.89370727539062,1529.220458984375,1041.552734375,251.30519104003906,1082.5042724609375,1125.0330810546875
2023-10-26,1099.9849853515625,3049.298583984375,700.6279296875,1252.7919921875,886.5224609375,2339.232177734375,372.8260192871094,518.0505981445312,881.9171752929688,337.6260681152344,2788.755859375,969.7230834960938,2865.729736328125,10114.4599609375,1074.043701171875,3071.33544921875,729.4598388671875,1138.267578125,7943.41064453125,174.91099548339844,1104.76025390625,214.29127502441406,178.80311584472656,155.28854370117188,112.53280639648438,1467.8216552734375,1017.2041625976562,247.21531677246094,1064.4620361328125,1118.6180419921875
2023-10-27,1119.40087890625,3062.275390625,703.3807983398438,1272.052001953125,890.5225830078125,2344.5693359375,372.3110046386719,531.4517822265625,890.7800903320312,339.1898193359375,2825.068115234375,1000.349609375,2860.743896484375,10246.9521484375,1081.439453125,3091.04638671875,737.8534545898438,1162.9876708984375,7948.10595703125,176.80691528320312,1137.854736328125,218.87034606933594,180.60060119628906,158.59347534179688,112.53280639648438,1472.4022216796875,1021.85498046875,254.26126098632812,1059.62255859375,1141.3626708984375
2023-10-30,1142.47265625,3087.497802734375,711.0171508789062,1269.01123046875,902.376708984375,2341.59375,369.47845458984375,535.2874755859375,902.1267700195312,342.1380920410156,2848.870849609375,986.8321533203125,2872.3125,10088.794921875,1085.2344970703125,3086.836669921875,737.445556640625,1168.53515625,8133.4453125,176.6450653076172,1134.3121337890625,217.0202178955078,180.51072692871094,162.0701141357422,111.82888793945312,1459.732666015625,1027.645751953125,254.74720764160156,1049.4234619140625,1160.02490234375
2023-10-31,1130.3192138671875,3078.542236328125,706.8998413085938,1261.0399169921875,893.0592041015625,2346.4111328125,367.71881103515625,535.618896484375,890.5853881835938,346.5007629394531,2851.49951171875,979.4996337890625,2899.99853515625,10083.5546875,1059.3492431640625,3159.341064453125,736.4234008789062,1171.58544921875,8153.43701171875,176.5525665283203,1144.4014892578125,218.1302947998047,181.6790771484375,159.79530334472656,111.45346069335938,1421.52880859375,1033.3453369140625,254.5041961669922,1053.781982421875,1166.3914794921875
2023-11-01,1135.0126953125,3043.724609375,705.9422607421875,1247.90771484375,891.7908325195312,2335.31201171875,367.4613342285156,536.4239501953125,889.6600952148438,343.51263427734375,2818.642822265625,969.4737548828125,2840.80224609375,9923.89453125,1086.2076416015625,3143.24560546875,734.3839721679688,1160.7861328125,8113.9384765625,176.1595458984375,1129.1103515625,215.17007446289062,180.60060119628906,160.26742553710938,109.43557739257812,1417.6304931640625,1026.00439453125,248.34918212890625,1049.6395263671875,1167.6064453125
2023-11-02,1146.2767333984375,3070.6376953125,707.0194702148438,1262.6524658203125,897.5472412109375,2366.284912109375,370.0793151855469,541.8222045898438,899.7892456054688,346.162109375,2840.839111328125,980.5970458984375,2860.986083984375,9997.490234375,1102.410400390625,3171.078857421875,732.1430053710938,1172.412109375,8189.01318359375,177.40806579589844,1142.06982421875,217.6215057373047,182.53289794921875,159.83819580078125,110.8434066772461,1432.3466796875,1028.216552734375,250.130859375,1048.07861328125,1174.6534423828125
2023-11-03,1146.0296630859375,3062.229736328125,710.370849609375,1280.0697021484375,911.0599365234375,2387.64697265625,371.8818054199219,547.5521240234375,906.509521484375,345.2756042480469,2834.17041015625,986.4828491210938,2887.751220703125,9971.001953125,1110.438720703125,3243.385009765625,728.447509765625,1166.9298095703125,8250.58203125,177.36181640625,1135.6573486328125,218.88241577148438,183.7012176513672,163.10023498535156,110.09256744384766,1431.6644287109375,1044.4393310546875,252.68199157714844,1033.2659912109375,1172.5635986328125
2023-11-06,1155.564697265625,3089.051025390625,715.5175170898438,1293.2017822265625,922.4262084960938,2376.370849609375,373.6843566894531,543.9531860351562,914.739501953125,346.6601257324219,2896.6708984375,1006.9837036132812,2937.644287109375,9979.296875,1119.0994873046875,3236.005859375,743.2444458007812,1181.05517578125,8365.15625,177.8704833984375,1138.7515869140625,220.28338623046875,187.1164093017578,165.9329833984375,112.06352233886719,1450.4739990234375,1052.78125,256.36688232421875,1048.000244140625,1170.376708984375
2023-11-07,1148.0552978515625,3080.095703125,712.0464477539062,1294.1231689453125,925.0116577148438,2375.466796875,371.4097595214844,549.0673828125,912.742919921875,348.8613586425781,2882.8955078125,1018.4561767578125,2941.572021484375,9948.6845703125,1139.486572265625,3239.125732421875,736.7133178710938,1184.9425048828125,8408.525390625,177.2462158203125,1142.5631103515625,223.36557006835938,186.93667602539062,165.84715270996094,112.29816436767578,1442.141357421875,1059.09521484375,254.5041961669922,1061.0067138671875,1182.3807373046875
2023-11-08,1154.033203125,3090.23974609375,714.105224609375,1281.8665771484375,912.9624633789062,2397.25732421875,375.0577697753906,549.5882568359375,912.353271484375,347.86529541015625,2917.11474609375,1019.2542724609375,3001.59912109375,10015.634765625,1145.0821533203125,3280.3798828125,733.2094116210938,1180.6661376953125,8421.20703125,176.737548828125,1136.9129638671875,221.07730102539062,186.0379638671875,167.69276428222656,111.73503112792969,1449.5970458984375,1050.0159912109375,257.0552978515625,1070.665771484375,1206.2431640625
2023-11-09,1141.50927734375,3059.07666015625,711.280517578125,1266.9376220703125,914.5234375,2356.674072265625,372.8689270019531,547.7415161132812,908.06787109375,347.6063232421875,2944.762939453125,1019.4537963867188,2987.00390625,10091.365234375,1144.595458984375,3252.54736328125,726.0099487304688,1178.00146484375,8351.69921875,176.11329650878906,1136.7784423828125,222.24478149414062,188.55441284179688,165.41793823242188,112.29816436767578,1512.603759765625,1036.0052490234375,262.0360412597656,1071.5296630859375,1203.47314453125
2023-11-10,1143.6583251953125,3046.283203125,714.081298828125,1261.4544677734375,915.7431030273438,2366.046875,374.7143859863281,548.8306274414062,911.1358032226562,347.7059020996094,2952.9404296875,1026.7362060546875,2983.367431640625,10080.1591796875,1147.660888671875,3225.407470703125,731.7203979492188,1173.6470947265625,8432.82421875,175.39651489257812,1125.9713134765625,226.72796630859375,189.76766967773438,168.16488647460938,112.67359161376953,1485.3641357421875,1049.09423828125,261.91461181640625,1065.0411376953125,1205.368408203125
2023-11-13,1143.5101318359375,3044.546875,712.78857421875,1265.7857666015625,911.6941528320312,2358.0537109375,374.2423095703125,550.5827026367188,910.6488037109375,348.2537841796875,2967.78662109375,1022.8954467773438,2992.240966796875,10089.474609375,1146.1524658203125,3233.727783203125,723.4693603515625,1171.150390625,8400.4423828125,176.4832305908203,1130.9488525390625,229.4832763671875,190.80125427246094,168.07907104492188,113.56521606445312,1501.1036376953125,1042.826171875,282.9309387207031,1064.0496826171875,1205.805908203125
2023-11-15,1164.185791015625,3111.029541015625,720.2573852539062,1299.836669921875,918.1821899414062,2365.904052734375,379.3495178222656,553.7554321289062,925.2581787109375,352.4968566894531,2983.80126953125,1038.857177734375,3021.915283203125,10145.4111328125,1149.1693115234375,3264.63134765625,710.0482788085938,1175.43896484375,8487.0859375,181.10745239257812,1144.9847412109375,230.97767639160156,188.86895751953125,171.25518798828125,116.42781066894531,1504.9046630859375,1081.90869140625,283.9432678222656,1064.0693359375,1206.97216796875
2023-11-16,1166.285400390625,3196.520751953125,722.1485595703125,1331.5377197265625,913.2063598632812,2370.4716796875,376.5169677734375,553.7080688476562,924.8198852539062,353.1642150878906,2970.366455078125,1023.89306640625,3035.5888671875,10173.0166015625,1157.5867919921875,3304.2509765625,723.6265258789062,1171.0068359375,8494.9755859375,183.6276397705078,1175.836669921875,235.69436645507812,189.8309326171875,173.22959899902344,117.03787231445312,1529.6103515625,1112.7410888671875,280.0558166503906,1088.4725341796875,1200.2169189453125
2023-11-17,1163.7410888671875,3200.723876953125,720.592529296875,1324.7645263671875,899.4009399414062,2406.24951171875,377.03192138671875,533.251220703125,922.6284790039062,351.520751953125,3026.684814453125,991.9697875976562,3073.0205078125,10210.8583984375,1162.5009765625,3307.123779296875,709.7239379882812,1185.114990234375,8510.3681640625,182.8415069580078,1174.1329345703125,234.99386596679688,191.93817138671875,168.55117797851562,117.50714874267578,1544.2779541015625,1108.639404296875,279.61041259765625,1101.6851806640625,1214.4080810546875
2023-11-20,1160.6781005859375,3216.396728515625,720.640380859375,1323.8890380859375,899.0107421875,2384.982421875,374.9289855957031,533.9141845703125,936.361328125,352.7060241699219,3007.019775390625,986.3333129882812,3045.33447265625,10252.337890625,1156.0784912109375,3314.056884765625,694.7451171875,1181.687255859375,8385.0498046875,185.06114196777344,1188.706787109375,234.48016357421875,191.7549285888672,169.8388214111328,116.7093734741211,1512.75,1116.9814453125,281.6351318359375,1100.2322998046875,1212.17236328125
2023-11-21,1175.2769775390625,3207.80615234375,726.74462890625,1326.100830078125,903.5474243164062,2383.840576171875,374.4569091796875,531.7832641601562,945.5651245117188,352.0386962890625,2993.439208984375,989.4258422851562,3038.448974609375,10222.162109375,1169.1185302734375,3362.195068359375,698.1409912109375,1185.134521484375,8430.4033203125,185.2692413330078,1189.7830810546875,233.49945068359375,191.43423461914062,169.0430908203125,118.49263000488281,1520.1080322265625,1110.2525634765625,283.0750427246094,1108.5369873046875,1218.150146484375
2023-11-22,1179.87158203125,3226.038330078125,724.1593017578125,1343.42578125,900.279052734375,2399.68359375,377.418212890625,529.3682250976562,944.4938354492188,347.74578857421875,3000.69189453125,995.710693359375,3038.20703125,10182.767578125,1171.7457275390625,3397.259033203125,700.6177978515625,1184.03564453125,8480.30859375,185.0842742919922,1192.5635986328125,236.90855407714844,193.8621063232422,168.86630249023438,118.35183715820312,1504.2222900390625,1120.2996826171875,281.33868408203125,1112.0904541015625,1235.8890380859375
2023-11-23,1183.47802734375,3206.024658203125,728.3485717773438,1335.5465087890625,900.52294921875,2397.780517578125,377.97613525390625,530.3153076171875,951.214111328125,346.4808044433594,2965.011962890625,996.6585083007812,3028.4609375,10176.8974609375,1166.5882568359375,3376.0126953125,695.2415161132812,1186.099853515625,8330.595703125,186.12472534179688,1191.9356689453125,236.06793212890625,193.22079467773438,168.5568389892578,118.91497802734375,1506.5614013671875,1116.1517333984375,283.2868347167969,1108.18359375,1137.863525390625
2023-11-24,1182.6875,3159.28076171875,733.5191650390625,1324.626220703125,906.76708984375,2393.308349609375,375.7873229980469,530.6941528320312,947.8052978515625,347.4170837402344,2973.384521484375,1006.0858764648438,3041.26123046875,10203.2421875,1163.3282470703125,3364.67138671875,690.047119140625,1173.7322998046875,8283.111328125,183.1189727783203,1174.1329345703125,237.14202880859375,192.80850219726562,166.96543884277344,118.21106719970703,1513.7244873046875,1104.1229248046875,281.8892517089844,1108.47802734375,1165.079345703125
2023-11-28,1182.9345703125,3171.20703125,731.8675537109375,1329.5103759765625,902.9620971679688,2388.8837890625,373.5985412597656,534.5771484375,959.2492065429688,347.0684509277344,2969.2470703125,1018.7056274414062,3053.09228515625,10224.490234375,1159.338623046875,3409.689453125,700.5391235351562,1177.605224609375,8447.9755859375,183.5120391845703,1180.859619140625,240.5511474609375,192.57945251464844,171.4744415283203,119.0557632446289,1526.248046875,1108.3170166015625,289.6395263671875,1114.299072265625,1158.9072265625
2023-11-29,1186.047119140625,3211.05078125,746.4698486328125,1345.08447265625,916.7186889648438,2402.68115234375,375.2723083496094,538.5075073242188,969.4757690429688,349.2995910644531,3002.103515625,1057.6123046875,3053.09228515625,10284.357421875,1169.89697265625,3396.7138671875,700.7897338867188,1170.258056640625,8454.0263671875,187.8588104248047,1196.3751220703125,241.34503173828125,193.35821533203125,169.75039672851562,119.90045928955078,1577.94970703125,1126.1068115234375,289.97833251953125,1122.0635986328125,1167.898193359375
2023-11-30,1174.5606689453125,3187.15380859375,746.30224609375,1340.983642578125,912.1819458007812,2422.1875,374.07061767578125,534.8612670898438,988.2730712890625,349.697998046875,3026.87939453125,1071.678466796875,3025.503173828125,10293.5263671875,1192.911376953125,3457.431640625,699.9837646484375,1178.45849609375,8716.2802734375,191.00323486328125,1202.6085205078125,244.05361938476562,191.43423461914062,172.35855102539062,120.04125213623047,1605.87158203125,1125.4154052734375,289.8088684082031,1136.3560791015625,1178.3470458984375
2023-12-01,1182.8853759765625,3209.132080078125,744.6744995117188,1338.3572998046875,923.6458129882812,2439.410400390625,386.0875244140625,541.4907836914062,988.2730712890625,348.7119140625,3106.1728515625,1102.005859375,3077.384033203125,10271.2099609375,1198.1663818359375,3456.341796875,713.4932861328125,1183.4400634765625,8745.515625,188.50619506835938,1198.841552734375,251.19869995117188,192.57945251464844,172.00491333007812,122.01221466064453,1584.18701171875,1125.046875,293.6204833984375,1128.74853515625,1171.931884765625
2023-12-04,1195.6810302734375,3209.86279296875,770.5279541015625,1349.4617919921875,967.0621337890625,2476.187255859375,389.7355651855469,563.2261962890625,1005.9991455078125,362.2679748535156,3225.819091796875,1122.905517578125,3097.894775390625,10284.5517578125,1198.069091796875,3455.25244140625,728.069091796875,1186.5618896484375,9020.3544921875,188.41372680664062,1199.962646484375,256.66259765625,195.0531005859375,178.6357879638672,122.95077514648438,1614.7401123046875,1128.134765625,300.43902587890625,1130.044189453125,1182.4293212890625
2023-12-05,1204.3514404296875,3227.36279296875,777.374267578125,1339.8778076171875,988.7703857421875,2439.030029296875,387.7613830566406,576.05908203125,1004.2460327148438,364.2401428222656,3227.668701171875,1129.739013671875,3128.635498046875,10403.3642578125,1206.243408203125,3511.61181640625,722.3832397460938,1196.5831298828125,9031.970703125,186.98019409179688,1181.666748046875,266.6097106933594,203.66514587402344,178.6357879638672,123.51390838623047,1643.1981201171875,1125.0927734375,301.15899658203125,1134.0592041015625,1190.1566162109375
2023-12-06,1215.887451171875,3293.617431640625,779.3372192382812,1358.6312255859375,978.8186645507812,2443.216552734375,397.6324462890625,576.2484741210938,997.7691040039062,362.835693359375,3302.484130859375,1117.8177490234375,3154.1396484375,10310.0693359375,1207.0218505859375,3513.196533203125,729.980712890625,1214.068359375,8918.947265625,193.63906860351562,1192.428955078125,262.54681396484375,205.58909606933594,178.54737854003906,123.74854278564453,1659.132568359375,1129.3328857421875,298.2791442871094,1125.0084228515625,1171.44580078125
2023-12-07,1213.886474609375,3303.4873046875,780.60595703125,1350.89013671875,974.6721801757812,2396.210693359375,393.2119445800781,579.3265380859375,973.9559936523438,363.92138671875,3266.756103515625,1115.174072265625,3153.412353515625,10378.8642578125,1205.9998779296875,3551.330810546875,726.4522705078125,1214.3966064453125,9055.98046875,193.40785217285156,1191.0389404296875,265.06854248046875,210.7196807861328,175.8507843017578,122.01221466064453,1649.63037109375,1127.5355224609375,298.1097412109375,1135.75732421875,1188.5531005859375
2023-12-08,1213.244140625,3314.270263671875,791.4979248046875,1374.1591796875,986.2335815429688,2400.064208984375,385.5296325683594,581.6468505859375,974.1994018554688,366.2322082519531,3289.0009765625,1128.4920654296875,3134.21142578125,10303.083984375,1202.593994140625,3600.112548828125,718.2355346679688,1205.36962890625,9113.09765625,195.41940307617188,1223.4156494140625,266.236083984375,209.43704223632812,173.24264526367188,121.26136779785156,1626.142822265625,1129.4251708984375,297.3050537109375,1131.5953369140625,1184.95654296875
2023-12-11,1215.0228271484375,3329.074951171875,790.4446411132812,1371.7171630859375,992.3314208984375,2382.318115234375,388.3622131347656,581.7415161132812,974.7838134765625,367.3477478027344,3296.15625,1113.827392578125,3135.180908203125,10228.5654296875,1208.0435791015625,3596.00244140625,716.7760620117188,1217.712646484375,9362.2333984375,194.49456787109375,1233.4608154296875,268.3375549316406,211.5900421142578,174.87828063964844,122.05914306640625,1610.2083740234375,1136.799072265625,299.5496826171875,1074.5823974609375,1168.627197265625
2023-12-12,1197.5830078125,3355.75927734375,782.5927734375,1360.2440185546875,990.9654541015625,2381.4619140625,388.920166015625,579.9894409179688,969.3296508789062,363.4233703613281,3253.9052734375,1128.292724609375,3127.180908203125,10031.2568359375,1185.2724609375,3537.463623046875,718.9186401367188,1213.0301513671875,9548.685546875,195.23443603515625,1233.4608154296875,264.6949768066406,211.95651245117188,172.75640869140625,122.1060791015625,1593.83544921875,1130.20849609375,294.34051513671875,1087.706787109375,1165.079345703125
2023-12-13,1202.4739990234375,3283.9765625,780.8214111328125,1335.316162109375,989.2093505859375,2390.168212890625,391.1089782714844,587.045166015625,973.8585815429688,363.7919006347656,3309.78564453125,1112.1812744140625,3145.5087890625,10071.6689453125,1199.966552734375,3568.119873046875,713.3605346679688,1217.7586669921875,9428.3056640625,194.05523681640625,1227.98974609375,274.64202880859375,217.08706665039062,170.76715087890625,123.32618713378906,1623.8038330078125,1120.9449462890625,292.392333984375,1099.152587890625,1182.4293212890625
2023-12-14,1217.39404296875,3351.3271484375,790.0377197265625,1383.65087890625,1008.4783325195312,2394.40283203125,394.9286193847656,590.64404296875,979.0205078125,369.29998779296875,3342.2041015625,1117.767822265625,3143.278564453125,10045.6181640625,1198.2149658203125,3557.273681640625,734.6099853515625,1205.5494384765625,9645.30078125,200.87596130371094,1268.7076416015625,275.9029235839844,212.6436309814453,173.24264526367188,123.88932037353516,1660.2532958984375,1165.7420654296875,294.4252014160156,1094.185546875,1170.9112548828125
2023-12-15,1232.9317626953125,3528.38671875,793.1018676757812,1454.56396484375,1012.1370849609375,2400.635009765625,393.2977294921875,613.9420776367188,966.7000122070312,368.6525573730469,3395.650390625,1117.6680908203125,3213.63330078125,9980.8017578125,1202.5455322265625,3566.3369140625,738.6250610351562,1184.7919921875,9709.33984375,206.494384765625,1337.4971923828125,284.9627685546875,217.4535369873047,177.7516632080078,128.06588745117188,1681.109375,1203.9027099609375,296.45806884765625,1097.346435546875,1173.2926025390625
2023-12-18,1245.4803466796875,3526.7412109375,792.6948852539062,1441.6160888671875,996.5755004882812,2412.624755859375,387.675537109375,614.1788940429688,964.4598999023438,367.92547607421875,3399.1552734375,1108.6895751953125,3231.234130859375,10013.0146484375,1219.088623046875,3585.205810546875,745.7557373046875,1184.2010498046875,9652.1240234375,205.8932342529297,1349.156494140625,283.18817138671875,212.4145965576172,175.93923950195312,128.20668029785156,1667.319091796875,1190.6756591796875,294.467529296875,1097.66064453125,1182.7210693359375
2023-12-19,1263.8094482421875,3487.44580078125,791.3543090820312,1436.0408935546875,990.7216186523438,2436.603759765625,391.4952392578125,620.7136840820312,962.706787109375,367.84576416015625,3406.310302734375,1117.568359375,3235.113037109375,9929.5693359375,1211.498046875,3576.142578125,750.1834716796875,1239.4111328125,9697.3837890625,202.86441040039062,1334.8065185546875,289.21240234375,213.97207641601562,177.0885772705078,127.0804214477539,1656.16015625,1181.181396484375,310.8150634765625,1106.77001953125,1202.452392578125
2023-12-20,1248.518798828125,3454.409912109375,793.3172607421875,1415.8590087890625,982.1359252929688,2433.55859375,387.11761474609375,602.7666015625,946.2468872070312,363.8516845703125,3327.990478515625,1107.59228515625,3197.389892578125,9781.74609375,1199.0421142578125,3520.328369140625,736.5512084960938,1220.3529052734375,9571.87109375,199.74302673339844,1291.4429931640625,278.0044860839844,208.10858154296875,179.6525115966797,121.77757263183594,1605.0919189453125,1150.9017333984375,298.2791442871094,1095.3243408203125,1201.57763671875
2023-12-21,1266.0079345703125,3461.218017578125,807.5365600585938,1415.490234375,979.940673828125,2429.466796875,387.5038757324219,609.6802978515625,952.4315795898438,369.0708923339844,3333.490966796875,1092.77783203125,3203.0146484375,9715.3779296875,1200.3558349609375,3545.98193359375,724.0885620117188,1221.2327880859375,9636.7333984375,200.6909942626953,1275.38916015625,282.0206298828125,212.87269592285156,179.16622924804688,122.95077514648438,1592.3248291015625,1152.2845458984375,301.11663818359375,1090.48486328125,1187.6295166015625
2023-12-22,1267.2430419921875,3494.57373046875,799.9481811523438,1440.2799072265625,970.0866088867188,2450.78173828125,390.72271728515625,603.0507202148438,963.778076171875,370.6247253417969,3385.8662109375,1085.6949462890625,3240.204345703125,9913.609375,1210.2332763671875,3592.88232421875,717.0266723632812,1233.5155029296875,9650.818359375,213.9393768310547,1311.8466796875,282.8144836425781,212.3229522705078,180.31558227539062,125.3440933227539,1592.714599609375,1175.37451171875,307.6810607910156,1104.8558349609375,1200.994384765625
2023-12-26,1273.6656494140625,3468.57470703125,805.5018920898438,1422.8167724609375,970.8671875,2459.488037109375,391.795654296875,604.2819213867188,973.8098754882812,375.8738098144531,3397.64599609375,1091.6304931640625,3280.98193359375,9965.5205078125,1213.9798583984375,3621.953369140625,703.9546508789062,1242.9290771484375,9698.884765625,217.38441467285156,1307.7659912109375,289.165771484375,213.78883361816406,183.3216094970703,126.8927001953125,1620.0029296875,1181.6885986328125,310.052734375,1105.7294921875,1210.08251953125
2023-12-27,1278.01318359375,3482.8759765625,815.4841918945312,1444.1502685546875,977.8430786132812,2481.896728515625,392.35357666015625,614.2262573242188,994.6038208007812,378.9615173339844,3450.167724609375,1103.70166015625,3301.443603515625,9982.8388671875,1218.796630859375,3654.194091796875,710.8837890625,1250.631103515625,10103.0087890625,217.77749633789062,1320.232421875,285.8500061035156,214.43016052246094,181.7301788330078,128.7698211669922,1645.0498046875,1179.9833984375,309.6716003417969,1121.896728515625,1205.0281982421875
2023-12-28,1287.2518310546875,3472.550048828125,816.417724609375,1440.049560546875,981.4041748046875,2506.1611328125,398.3620910644531,616.9254150390625,1009.7000122070312,382.7464599609375,3424.90478515625,1105.197998046875,3294.46142578125,9966.4404296875,1228.236083984375,3679.79833984375,713.4244384765625,1276.3751220703125,10093.5224609375,217.0838623046875,1320.5911865234375,293.181884765625,219.05685424804688,184.1614990234375,129.66143798828125,1690.3680419921875,1185.329345703125,322.67340087890625,1150.1773681640625,1225.48876953125
2023-12-29,1277.074462890625,3466.610107421875,818.3328247070312,1421.8489990234375,972.33056640625,2534.849853515625,396.64532470703125,608.0702514648438,1005.3173217773438,380.1069641113281,3432.644287109375,1099.6612548828125,3299.455810546875,9996.27734375,1225.6085205078125,3640.52490234375,720.216064453125,1292.4404296875,10167.8232421875,217.93930053710938,1314.896240234375,290.61346435546875,217.31610107421875,181.2881317138672,131.02235412597656,1685.4464111328125,1173.0701904296875,318.4806823730469,1138.270263671875,1211.394775390625
2024-01-01,1279.69287109375,3482.785400390625,812.9945068359375,1429.6361083984375,975.0624389648438,2526.095947265625,401.7525329589844,607.4072875976562,986.6660766601562,380.31610107421875,3432.108642578125,1095.0721435546875,3293.3466796875,9977.7939453125,1226.3873291015625,3642.208740234375,717.395263671875,1330.95556640625,10130.01953125,220.64450073242188,1330.7259521484375,289.30584716796875,218.27809143066406,181.55337524414062,131.25698852539062,1660.0098876953125,1195.6531982421875,323.39337158203125,1142.9329833984375,1215.963134765625
2024-01-02,1290.2900390625,3457.288330078125,813.4732666015625,1414.015869140625,958.330078125,2487.130126953125,403.7267761230469,605.6078491210938,995.0908813476562,371.5310974121094,3347.071533203125,1090.633056640625,3288.739990234375,9894.78515625,1261.3712158203125,3663.1083984375,730.2706298828125,1323.6983642578125,9878.99609375,216.96824645996094,1317.990478515625,285.8033447265625,217.91163635253906,183.05636596679688,131.02235412597656,1614.106689453125,1178.09375,332.58355712890625,1163.5765380859375,1245.6575927734375
2024-01-03,1276.2593994140625,3373.71630859375,800.9295654296875,1373.099365234375,960.0862426757812,2480.2314453125,409.6493835449219,609.3961181640625,1008.2392578125,371.700439453125,3349.261962890625,1095.97021484375,3271.527099609375,9778.25390625,1263.7064208984375,3657.957763671875,725.8232421875,1295.1099853515625,9788.818359375,210.8180389404297,1289.4697265625,285.99017333984375,217.17869567871094,184.11729431152344,127.03348541259766,1613.1810302734375,1146.8463134765625,325.7226867675781,1164.5777587890625,1263.736572265625
2024-01-04,1282.8546142578125,3350.916015625,809.5235595703125,1394.018310546875,963.1107788085938,2466.91015625,408.9197692871094,608.7332153320312,1020.6085205078125,371.24224853515625,3367.1259765625,1120.7109375,3277.68505859375,9717.755859375,1277.6710205078125,3684.354736328125,757.3485107421875,1318.5078125,9695.15625,209.19955444335938,1273.5057373046875,296.17071533203125,221.20985412597656,189.77565002441406,126.00106811523438,1599.975341796875,1149.887939453125,325.8920593261719,1146.96728515625,1260.334716796875
2024-01-05,1288.3138427734375,3415.890380859375,805.3822021484375,1412.3111572265625,969.501220703125,2493.0771484375,406.81683349609375,607.9755249023438,1019.3423461914062,368.0549621582031,3428.65283203125,1134.228271484375,3254.023193359375,9719.4052734375,1265.263427734375,3677.2724609375,757.89892578125,1296.5103759765625,9696.3662109375,211.14173889160156,1285.0303955078125,294.16265869140625,221.026611328125,191.3670654296875,125.43794250488281,1600.2677001953125,1150.62548828125,325.4685974121094,1145.6815185546875,1250.857666015625
2024-01-08,1278.26025390625,3361.42529296875,796.4052124023438,1403.325927734375,958.086181640625,2453.302978515625,399.5637512207031,593.8167724609375,1021.7285766601562,363.77197265625,3408.403564453125,1119.314208984375,3198.602294921875,9651.193359375,1270.2266845703125,3670.834228515625,760.34130859375,1273.6083984375,9617.419921875,208.25160217285156,1298.5732421875,295.5635986328125,222.03439331054688,192.69322204589844,123.88932037353516,1575.07470703125,1132.7894287109375,322.2074890136719,1131.0946044921875,1236.132080078125
2024-01-09,1274.8759765625,3372.02587890625,790.2052001953125,1409.3160400390625,955.8909301757812,2454.730224609375,398.748291015625,592.301513671875,1036.776123046875,363.88153076171875,3461.801025390625,1113.8773193359375,3168.637451171875,9726.2939453125,1288.4241943359375,3658.89892578125,759.3043823242188,1260.6258544921875,9583.1484375,208.4365692138672,1309.7840576171875,298.6458435058594,221.9886016845703,191.5438995361328,125.43794250488281,1588.4752197265625,1138.9652099609375,326.4002990722656,1128.8270263671875,1253.239013671875
2024-01-10,1309.2613525390625,3393.181640625,792.8145141601562,1400.6534423828125,968.8670654296875,2452.493896484375,397.67535400390625,588.8446044921875,1035.02294921875,362.7161865234375,3451.6279296875,1104.35009765625,3187.402099609375,9712.8076171875,1289.251220703125,3679.154541015625,754.891357421875,1253.575439453125,9464.171875,209.7544708251953,1338.2147216796875,292.668212890625,219.10263061523438,187.5211639404297,125.86029815673828,1591.3016357421875,1143.8045654296875,323.60516357421875,1136.1695556640625,1291.972900390625
2024-01-11,1343.6961669921875,3413.742919921875,789.4871215820312,1376.9698486328125,967.0133666992188,2413.290771484375,397.117431640625,587.3766479492188,1035.1690673828125,363.12457275390625,3412.05419921875,1123.05517578125,3188.7109375,9713.6806640625,1280.88232421875,3663.455078125,753.8298950195312,1243.4127197265625,9603.818359375,207.2574005126953,1331.667724609375,292.2478942871094,221.6679229736328,187.30014038085938,126.61113739013672,1587.257080078125,1151.6392822265625,325.5532531738281,1117.56787109375,1288.5225830078125
2024-01-12,1354.39208984375,3548.308349609375,785.752685546875,1486.2188720703125,979.0626220703125,2420.712646484375,400.5937194824219,600.0674438476562,1048.3173828125,365.1963195800781,3474.31103515625,1117.6680908203125,3178.625732421875,9669.58203125,1290.32177734375,3690.5947265625,752.9747314453125,1239.7174072265625,9495.392578125,215.23416137695312,1381.89208984375,292.0144348144531,219.42330932617188,197.51165771484375,126.98655700683594,1583.1636962890625,1205.7001953125,322.80047607421875,1116.861083984375,1271.36669921875
2024-01-15,1377.5130615234375,3567.499267578125,800.8817138671875,1522.4814453125,985.2579345703125,2448.497802734375,401.3662414550781,606.2234497070312,1073.6890869140625,368.8318176269531,3449.242919921875,1116.8201904296875,3174.843505859375,9787.2294921875,1293.63037109375,3723.1328125,734.9834594726562,1238.720703125,9636.8291015625,228.71376037597656,1424.4033203125,296.35748291015625,220.9349822998047,206.44126892089844,126.61113739013672,1593.9815673828125,1232.9842529296875,325.807373046875,1135.39404296875,1276.3724365234375
2024-01-16,1358.24560546875,3528.66064453125,803.9219360351562,1503.5438232421875,984.4774780273438,2444.5966796875,405.4005432128906,603.1928100585938,1067.3583984375,368.1346435546875,3478.886474609375,1116.421142578125,3197.147705078125,9881.0068359375,1278.1575927734375,3783.99853515625,732.8851318359375,1236.0462646484375,9651.3994140625,224.27450561523438,1395.031005859375,290.9403076171875,219.0110321044922,207.8558349609375,128.81674194335938,1579.1678466796875,1217.0838623046875,323.4780578613281,1130.46630859375,1265.8748779296875
2024-01-17,1345.35107421875,3549.953125,736.1045532226562,1511.51513671875,957.84228515625,2438.697021484375,400.5079040527344,592.8696899414062,1056.9857177734375,354.5188293457031,3476.404052734375,1079.7093505859375,3144.19970703125,9753.07421875,1264.0958251953125,3793.656005859375,723.272705078125,1236.5570068359375,9540.1181640625,223.07220458984375,1413.3720703125,288.885498046875,219.14846801757812,205.15927124023438,123.56082153320312,1557.093505859375,1222.93701171875,321.5722961425781,1109.22412109375,1257.7587890625
2024-01-18,1351.6500244140625,3566.40234375,711.5198974609375,1513.7269287109375,962.3302001953125,2424.518798828125,399.5637512207031,595.0479125976562,1058.739013671875,354.0407409667969,3500.791015625,1094.8729248046875,3068.12353515625,9629.65234375,1299.8583984375,3699.212158203125,714.1026000976562,1216.5723876953125,9576.5185546875,223.18780517578125,1405.883056640625,279.5455627441406,213.88046264648438,206.48545837402344,122.95077514648438,1576.146728515625,1249.1148681640625,318.18414306640625,1109.22412109375,1285.89794921875
2024-01-19,1351.156005859375,3628.47119140625,704.0989990234375,1529.0245361328125,974.8673095703125,2441.07568359375,404.7138366699219,594.5270385742188,1095.700439453125,351.4609680175781,3549.467041015625,1113.8773193359375,3070.06298828125,9739.4912109375,1299.7125244140625,3774.39111328125,719.3657836914062,1222.4801025390625,9771.5380859375,224.29762268066406,1417.0902099609375,288.09161376953125,215.66700744628906,214.0004425048828,126.00106811523438,1613.4732666015625,1281.145751953125,324.62152099609375,1112.8070068359375,1290.758056640625
2024-01-23,1312.7442626953125,3550.43701171875,683.3683471679688,1513.3121337890625,1003.9904174804688,2260.426025390625,394.241943359375,573.0758056640625,1127.841064453125,355.4849548339844,3456.982177734375,1086.642578125,2962.275634765625,9567.5068359375,1341.2652587890625,3704.11474609375,694.9515380859375,1197.5604248046875,9517.2236328125,217.2919158935547,1377.052490234375,282.62774658203125,218.00323486328125,203.25843811035156,122.1060791015625,1554.6571044921875,1259.715087890625,317.8876953125,1114.024169921875,1369.5379638671875
2024-01-24,1327.862060546875,3535.299560546875,697.037109375,1543.953369140625,974.8673095703125,2323.322998046875,397.9328918457031,585.5771484375,1158.9588623046875,356.3017272949219,3494.1708984375,1056.6146240234375,2908.697509765625,9691.4609375,1344.9630126953125,3732.04736328125,693.4380493164062,1222.383056640625,9671.6328125,221.53211975097656,1424.7271728515625,288.4652099609375,225.56166076660156,207.1927490234375,126.84577178955078,1586.720947265625,1297.7833251953125,324.0709533691406,1158.727294921875,1377.6541748046875
2024-01-25,1336.9522705078125,3506.311767578125,686.9830932617188,1538.147705078125,985.3555297851562,2310.61962890625,391.1089782714844,580.3208618164062,1130.3245849609375,352.2777099609375,3498.308349609375,1039.755126953125,2859.9677734375,9587.4453125,1331.533935546875,3734.37451171875,696.40625,1206.920654296875,9651.15625,217.8016815185547,1401.093017578125,293.975830078125,224.92034912109375,206.92750549316406,125.53179168701172,1593.932861328125,1218.6048583984375,329.8307800292969,1149.5784912109375,1331.2901611328125
2024-01-29,1430.795654296875,3497.754150390625,696.438720703125,1526.62841796875,991.6484375,2325.939208984375,386.0875244140625,589.9810791015625,1131.8829345703125,363.1344909667969,3609.8251953125,1058.7095947265625,2886.005126953125,9694.56640625,1363.209228515625,3829.908203125,706.8392333984375,1214.89501953125,9946.1318359375,219.19189453125,1423.0552978515625,303.12896728515625,232.6619873046875,223.2394561767578,126.7049789428711,1598.318603515625,1211.5072021484375,349.6510925292969,1147.261962890625,1299.40869140625
2024-01-30,1390.8524169921875,3497.340087890625,691.4833984375,1521.8824462890625,992.1363525390625,2339.499267578125,376.0019226074219,593.5799560546875,1128.47412109375,363.27398681640625,3537.103515625,1051.57666015625,2864.7197265625,9655.9970703125,1334.89111328125,3700.252197265625,670.0360717773438,1211.7344970703125,9645.5908203125,218.960205078125,1409.2724609375,294.6296081542969,232.79942321777344,220.3218994140625,126.42343139648438,1579.1678466796875,1214.7333984375,340.9690856933594,1146.721923828125,1280.2117919921875
2024-01-31,1409.6258544921875,3511.511474609375,700.220947265625,1530.591064453125,1003.1123657226562,2361.289306640625,379.0061950683594,606.6022338867188,1140.210205078125,363.6026306152344,3387.61865234375,1065.194091796875,2868.3564453125,9884.2578125,1380.336181640625,3662.4150390625,674.5277099609375,1218.5174560546875,9842.8369140625,221.57846069335938,1424.3656005859375,296.5443115234375,237.56349182128906,223.01841735839844,127.59662628173828,1609.574951171875,1229.297119140625,344.0184020996094,1201.732177734375,1313.1624755859375
2024-02-01,1409.650634765625,3546.6640625,702.040283203125,1527.043212890625,1000.1854248046875,2353.724609375,380.1649475097656,613.3739013671875,1121.218017578125,363.1046142578125,3308.033203125,1081.6544189453125,2840.718505859375,10321.908203125,1370.118408203125,3592.98095703125,662.7727661132812,1199.943115234375,9605.609375,218.4272918701172,1425.631103515625,300.74725341796875,243.51861572265625,218.9514923095703,126.51728057861328,1609.1851806640625,1209.8021240234375,344.4842834472656,1176.6026611328125,1348.785888671875
2024-02-02,1440.3306884765625,3649.866455078125,692.3692016601562,1560.4951171875,999.0633544921875,2333.742431640625,377.76153564453125,615.26806640625,1120.8284912109375,363.14447021484375,3286.664306640625,1064.495849609375,2847.458251953125,10338.888671875,1378.5845947265625,3578.073974609375,673.0927734375,1206.555908203125,9776.2333984375,223.89549255371094,1431.3699951171875,310.55426025390625,253.87139892578125,227.43902587890625,130.17764282226562,1618.5411376953125,1233.3988037109375,355.5802307128906,1185.7022705078125,1353.64599609375
2024-02-05,1421.8782958984375,3656.308349609375,691.746826171875,1554.82763671875,998.5755615234375,2302.24609375,376.0019226074219,608.9226684570312,1084.5487060546875,360.2360534667969,3253.2724609375,1058.958984375,2829.08154296875,10118.728515625,1424.4677734375,3518.2978515625,649.4942626953125,1197.463134765625,9599.84765625,223.5247802734375,1405.7022705078125,313.9166259765625,259.1851806640625,232.47850036621094,132.85252380371094,1660.2532958984375,1228.467529296875,372.90185546875,1196.4903564453125,1393.74072265625
2024-02-06,1410.7869873046875,3806.027587890625,691.3876342773438,1593.762939453125,1001.4049682617188,2308.76416015625,370.29388427734375,615.8362426757812,1104.5147705078125,355.98297119140625,3333.588134765625,1047.536376953125,2842.27001953125,10522.6611328125,1435.4639892578125,3525.330078125,648.5064697265625,1194.5213623046875,9728.0234375,231.541748046875,1467.5213623046875,315.18988037109375,251.26031494140625,240.74497985839844,135.76205444335938,1683.7408447265625,1245.335693359375,380.0168151855469,1210.655029296875,1385.527099609375
2024-02-07,1424.966064453125,3757.62451171875,684.6130981445312,1560.8638916015625,997.2584228515625,2307.907958984375,370.6372375488281,639.51318359375,1104.7581787109375,357.0985412597656,3304.820556640625,1066.540771484375,2890.951171875,10610.8125,1455.9971923828125,3542.515380859375,659.421142578125,1215.4053955078125,9900.1005859375,229.4795684814453,1459.9296875,311.8890075683594,245.4884033203125,240.39134216308594,135.5274200439453,1677.2598876953125,1214.87158203125,383.4049377441406,1213.2366943359375,1398.454833984375
2024-02-08,1432.845947265625,3804.279541015625,671.734375,1559.3431396484375,965.2083740234375,2299.9150390625,361.26104736328125,662.5271606445312,1112.40380859375,344.56842041015625,3247.18798828125,1033.4202880859375,2840.961181640625,10424.7099609375,1459.3056640625,3515.375732421875,646.2951049804688,1178.183837890625,9678.5546875,226.53692626953125,1476.6046142578125,312.07757568359375,253.04676818847656,241.49649047851562,134.823486328125,1643.052001953125,1206.8062744140625,388.9529724121094,1209.369140625,1380.42431640625
2024-02-09,1443.3443603515625,3803.91162109375,671.9976196289062,1538.3780517578125,986.0872802734375,2306.670654296875,362.0888671875,686.866943359375,1091.0740966796875,347.1083068847656,3236.528076171875,1048.8831787109375,2862.34375,10413.9873046875,1502.073974609375,3557.471923828125,654.0448608398438,1191.336669921875,9628.310546875,227.27838134765625,1473.71240234375,306.4188537597656,250.1150665283203,236.54541015625,132.61788940429688,1604.555908203125,1208.465576171875,386.4118957519531,1208.544677734375,1399.4267578125
2024-02-12,1435.04443359375,3791.948486328125,665.4863891601562,1548.2847900390625,971.8427734375,2270.036376953125,354.5508117675781,670.4352416992188,1089.5645751953125,340.5544128417969,3212.18994140625,1044.1944580078125,2864.4287109375,10391.5263671875,1501.7314453125,3551.18212890625,645.6561279296875,1195.6884765625,9645.83203125,232.37588500976562,1506.56494140625,298.1666259765625,247.6414031982422,228.01368713378906,128.95751953125,1618.2486572265625,1215.609130859375,366.591552734375,1243.4217529296875,1394.56689453125
2024-02-13,1447.6424560546875,3818.450927734375,667.616943359375,1552.3856201171875,994.9656372070312,2277.982177734375,354.4636535644531,675.6915283203125,1088.736572265625,346.0525207519531,3233.558837890625,1068.1868896484375,2881.690185546875,10473.8056640625,1509.3160400390625,3526.12255859375,649.0470581054688,1194.86181640625,9537.9404296875,237.0794677734375,1505.344970703125,303.25946044921875,247.59561157226562,229.4282989501953,129.37986755371094,1604.8968505859375,1224.50390625,383.15081787109375,1243.7847900390625,1416.9227294921875
2024-02-14,1463.7235107421875,3772.991943359375,662.6377563476562,1535.475341796875,997.7950439453125,2272.22509765625,358.64666748046875,704.0564575195312,1086.7886962890625,348.4031677246094,3221.3896484375,1094.224365234375,2886.3447265625,10700.3212890625,1487.9810791015625,3551.4794921875,653.2586059570312,1209.27880859375,9475.40234375,238.42333984375,1510.67724609375,309.3425598144531,250.71058654785156,237.69476318359375,132.52403259277344,1614.9351806640625,1191.735595703125,395.0091552734375,1228.66796875,1385.4300537109375
2024-02-15,1453.076904296875,3775.844970703125,677.0007934570312,1544.8289794921875,991.892333984375,2236.92333984375,351.98004150390625,721.387939453125,1091.512451171875,346.4708557128906,3212.919921875,1069.6334228515625,2925.2802734375,10760.7705078125,1477.7049560546875,3587.63232421875,650.5950927734375,1196.381591796875,9501.0556640625,240.27696228027344,1502.5882568359375,319.9526062011719,262.354248046875,245.16555786132812,132.52403259277344,1720.1903076171875,1198.6025390625,403.9029235839844,1227.5489501953125,1382.51416015625
2024-02-16,1443.17138671875,3798.9423828125,679.8015747070312,1568.14404296875,998.3316650390625,2260.14111328125,352.5900573730469,714.7583618164062,1090.8306884765625,345.6739807128906,3297.080810546875,1066.191650390625,2916.8916015625,11042.30078125,1477.7537841796875,3620.66552734375,650.5753784179688,1213.009033203125,9599.7041015625,251.63043212890625,1507.0167236328125,318.5379638671875,255.7406463623047,246.4214630126953,133.55645751953125,1788.8985595703125,1200.630615234375,406.5710754394531,1240.2117919921875,1400.35009765625
2024-02-19,1456.4365234375,3776.396728515625,678.4609375,1566.3931884765625,1018.3323974609375,2271.4638671875,356.6423034667969,719.0675659179688,1112.4525146484375,344.9070739746094,3251.4228515625,1060.405517578125,2907.388427734375,11142.19140625,1497.47412109375,3659.93896484375,659.7749633789062,1225.4920654296875,9586.150390625,248.36346435546875,1514.0662841796875,319.4810485839844,257.4173583984375,246.37657165527344,133.22796630859375,1801.568115234375,1207.4976806640625,390.4776306152344,1259.8443603515625,1429.1697998046875
2024-02-20,1453.4969482421875,3709.08251953125,696.2711791992188,1553.03076171875,1023.2106323242188,2287.5927734375,353.897216796875,719.87255859375,1114.15673828125,351.1024169921875,3267.87548828125,1085.994140625,2920.528076171875,11106.3876953125,1505.890625,3651.668212890625,664.7678833007812,1238.2430419921875,9660.451171875,246.50982666015625,1503.0401611328125,326.0357360839844,268.1760559082031,248.12583923339844,132.3832550048828,1806.53857421875,1217.22216796875,382.5523986816406,1251.7655029296875,1410.9935302734375
2024-02-21,1450.2115478515625,3673.0556640625,689.017822265625,1525.660888671875,1026.3326416015625,2290.447509765625,351.500732421875,730.6692504882812,1110.21240234375,347.8354187011719,3209.123046875,1081.604736328125,2910.9765625,11125.2119140625,1510.4906005859375,3621.6064453125,657.4161376953125,1240.2911376953125,9650.2373046875,241.62086486816406,1478.864013671875,316.9818115234375,260.9104309082031,244.85162353515625,135.05813598632812,1812.385986328125,1195.1461181640625,370.9429931640625,1246.494140625,1406.765380859375
2024-02-22,1464.0941162109375,3761.029052734375,679.634033203125,1549.4365234375,1036.8209228515625,2272.367919921875,361.1738586425781,725.3656616210938,1105.975830078125,343.58233642578125,3274.68994140625,1098.2646484375,2926.10400390625,11311.4580078125,1524.828369140625,3617.34765625,656.0548706054688,1249.8238525390625,9643.267578125,246.09271240234375,1524.1436767578125,320.2355041503906,263.23919677734375,246.4214630126953,136.93524169921875,1861.79736328125,1224.1812744140625,381.3957214355469,1249.39990234375,1412.597412109375
2024-02-23,1475.82763671875,3728.82177734375,680.1366577148438,1545.28955078125,1035.4552001953125,2278.077392578125,358.51593017578125,718.8781127929688,1096.4310302734375,343.4329528808594,3298.249267578125,1094.174560546875,2895.60595703125,11192.8896484375,1527.9599609375,3656.868408203125,658.3056030273438,1257.552490234375,9681.701171875,248.4561309814453,1505.48046875,318.5379638671875,262.6336975097656,244.17877197265625,136.51290893554688,1880.8992919921875,1218.7890625,380.3247375488281,1264.75244140625,1425.3304443359375
2024-02-26,1469.6026611328125,3681.843994140625,680.9506225585938,1529.89990234375,1028.52783203125,2287.7353515625,356.5987548828125,718.736083984375,1081.1397705078125,339.9069519042969,3378.272705078125,1082.6021728515625,2781.660888671875,11126.3271484375,1523.751708984375,3588.078125,652.939208984375,1259.941650390625,9613.111328125,246.95004272460938,1491.0653076171875,318.396484375,268.0828857421875,242.07069396972656,133.88494873046875,1880.7530517578125,1196.6669921875,378.953857421875,1264.4775390625,1428.683837890625
2024-02-27,1467.94775390625,3776.948486328125,679.9212646484375,1533.079345703125,1034.3818359375,2288.734375,358.29803466796875,710.1650390625,1098.1353759765625,339.9966125488281,3413.611572265625,1076.467041015625,2773.030517578125,11158.9775390625,1549.0015869140625,3619.130615234375,644.3883056640625,1267.158447265625,9633.490234375,246.27810668945312,1499.198974609375,316.9818115234375,272.46087646484375,241.62217712402344,135.33970642089844,1901.0244140625,1194.6392822265625,378.18280029296875,1266.215087890625,1445.790771484375
2024-02-28,1438.280517578125,3790.338134765625,674.7744750976562,1540.1290283203125,1020.72265625,2304.197021484375,355.8144226074219,703.2040405273438,1099.352783203125,335.3849792480469,3378.3212890625,1071.628662109375,2709.802978515625,10821.4619140625,1540.291259765625,3560.54248046875,638.73193359375,1253.6026611328125,9492.0048828125,239.90625,1492.963134765625,314.3410339355469,260.3981018066406,238.39279174804688,132.1016845703125,1853.318603515625,1185.2373046875,372.0139465332031,1261.984130859375,1435.633544921875
2024-02-29,1443.3939208984375,3768.390869140625,671.9019165039062,1542.5711669921875,1026.57666015625,2295.39501953125,354.0715026855469,708.5076904296875,1094.093505859375,336.55035400390625,3385.47705078125,1072.5263671875,2736.519287109375,10952.984375,1544.3038330078125,3589.9599609375,638.4027099609375,1265.939453125,9576.6640625,240.3232879638672,1503.7630615234375,316.5102233886719,263.4720153808594,237.36119079589844,132.19554138183594,1883.287109375,1174.17626953125,374.1559143066406,1261.2381591796875,1438.8896484375
2024-03-01,1474.3455810546875,3767.701171875,684.9961547851562,1524.8775634765625,1060.431640625,2292.92138671875,356.86016845703125,728.443603515625,1099.3040771484375,344.1700134277344,3537.2978515625,1096.6187744140625,2746.0712890625,11275.705078125,1526.002685546875,3730.11572265625,645.8822021484375,1268.499267578125,9812.0048828125,240.55499267578125,1485.9134521484375,323.96087646484375,267.98974609375,242.69866943359375,140.7364044189453,1922.8062744140625,1172.2867431640625,382.42388916015625,1215.946044921875,1429.704345703125
2024-03-04,1489.4384765625,3755.139404296875,685.9297485351562,1508.7506103515625,1065.748779296875,2304.62548828125,356.5115966796875,731.1901245117188,1103.9791259765625,344.0704040527344,3547.9580078125,1104.1005859375,2746.0712890625,11249.7001953125,1519.0050048828125,3696.933837890625,648.9291381835938,1262.4774169921875,9659.91796875,241.20379638671875,1480.355224609375,333.7221374511719,274.463623046875,250.4582061767578,143.69285583496094,1872.2254638671875,1179.89111328125,390.1777038574219,1243.73583984375,1430.2874755859375
2024-03-05,1482.32421875,3692.012451171875,689.8317260742188,1480.459228515625,1061.5537109375,2283.548583984375,353.9407958984375,742.4603881835938,1138.4571533203125,341.7795104980469,3516.951416015625,1098.1650390625,2735.064697265625,11323.87890625,1540.6337890625,3715.109619140625,621.5858764648438,1237.8773193359375,9524.3369140625,237.86724853515625,1463.544921875,337.871826171875,274.7896423339844,254.53977966308594,142.51966857910156,1889.962890625,1172.9317626953125,394.6758117675781,1237.49267578125,1432.182861328125
2024-03-06,1485.0909423828125,3740.048095703125,690.6695556640625,1490.642333984375,1070.3831787109375,2284.45263671875,355.4222717285156,742.4130249023438,1162.6112060546875,350.55462646484375,3545.767578125,1122.3070068359375,2741.756103515625,11223.404296875,1569.7984619140625,3774.53955078125,620.30810546875,1235.146728515625,9333.3359375,237.7977294921875,1486.003662109375,331.93023681640625,273.5787048339844,251.40008544921875,142.28501892089844,1920.5648193359375,1171.549072265625,395.48974609375,1239.720947265625,1443.6524658203125
2024-03-07,1461.3028564453125,3780.814208984375,692.3452758789062,1489.628662109375,1061.4560546875,2302.2939453125,360.3895568847656,746.3433837890625,1168.454833984375,348.223876953125,3579.597412109375,1108.7894287109375,2783.697509765625,11168.0986328125,1571.4620361328125,3750.915771484375,631.0999755859375,1248.7510986328125,9364.412109375,238.88674926757812,1480.083984375,332.1659851074219,272.6006164550781,249.47140502929688,147.58786010742188,1849.32275390625,1187.3572998046875,392.91943359375,1241.5859375,1441.611328125
2024-03-11,1449.1246337890625,3793.46630859375,683.5838012695312,1475.0220947265625,1052.43115234375,2274.033203125,356.77301025390625,732.7528686523438,1165.4356689453125,344.5584411621094,3544.210205078125,1102.4547119140625,2789.806884765625,11057.0009765625,1559.6199951171875,3714.51513671875,632.3482055664062,1273.39990234375,9388.37109375,238.4464874267578,1480.9879150390625,328.1576843261719,265.9870300292969,245.7935028076172,144.02133178710938,1846.2039794921875,1188.140625,388.8925476074219,1254.013427734375,1461.974609375
2024-03-12,1457.844482421875,3857.790283203125,698.78466796875,1486.4031982421875,1050.6263427734375,2262.89990234375,352.4593505859375,719.4937744140625,1172.886474609375,342.7058410644531,3525.761474609375,1094.3740234375,2789.128173828125,11167.953125,1550.5184326171875,3713.177978515625,632.5742797851562,1262.9892578125,9308.6015625,236.73190307617188,1478.2313232421875,325.1398010253906,265.6144104003906,242.56407165527344,143.1297149658203,1846.9837646484375,1191.1826171875,384.9513244628906,1237.2669677734375,1424.6986083984375
2024-03-13,1415.10986328125,3817.990966796875,699.191650390625,1484.9747314453125,1057.5533447265625,2200.527099609375,368.1454772949219,707.70263671875,1138.3109130859375,344.5385437011719,3444.862060546875,1077.8138427734375,2773.6123046875,11051.7607421875,1525.3665771484375,3591.247802734375,634.5499267578125,1259.478515625,9287.3515625,233.74290466308594,1474.52587890625,304.1553649902344,246.19287109375,229.0634002685547,134.823486328125,1806.587158203125,1177.26416015625,357.3201904296875,1237.5908203125,1430.0445556640625
2024-03-14,1414.4180908203125,3871.915771484375,696.8217163085938,1523.5875244140625,1057.2119140625,2221.460693359375,365.70538330078125,701.830810546875,1163.48779296875,347.0983581542969,3512.667724609375,1055.716796875,2804.740966796875,11065.7802734375,1536.718994140625,3605.560546875,628.7804565429688,1274.009521484375,9387.4521484375,240.02210998535156,1517.681396484375,303.54241943359375,248.10244750976562,236.15013122558594,133.69723510742188,1842.5006103515625,1192.150390625,366.44488525390625,1235.78466796875,1454.7332763671875
2024-03-15,1401.3260498046875,3882.636474609375,695.481201171875,1505.8016357421875,1054.0411376953125,2214.895263671875,365.2261047363281,693.1651000976562,1188.226318359375,346.2816162109375,3443.4990234375,1043.8951416015625,2780.788330078125,11135.6904296875,1515.1881103515625,3598.676513671875,640.2701416015625,1269.572021484375,9325.494140625,239.58184814453125,1488.8056640625,298.3080749511719,247.72984313964844,232.11338806152344,132.99331665039062,1753.7647705078125,1181.872802734375,355.77801513671875,1233.8802490234375,1446.3740234375
2024-03-18,1422.32275390625,3821.211669921875,692.3212890625,1476.9112548828125,1054.8704833984375,2188.489990234375,363.7882080078125,692.2653198242188,1193.3883056640625,346.201904296875,3466.912109375,1058.809326171875,2760.375244140625,11290.59765625,1537.746826171875,3545.684814453125,639.3167724609375,1258.2109375,9304.5830078125,236.43067932128906,1485.281005859375,299.1097412109375,246.7517547607422,234.6699981689453,140.50177001953125,1808.8775634765625,1173.0701904296875,361.4327087402344,1244.9039306640625,1446.7628173828125
2024-03-19,1408.267333984375,3659.98876953125,693.9011840820312,1438.943603515625,1057.5533447265625,2157.089111328125,356.9037170410156,685.4937133789062,1196.3587646484375,348.5426025390625,3408.987548828125,1048.28466796875,2729.92529296875,11252.513671875,1515.4327392578125,3549.349609375,648.3197021484375,1217.1051025390625,9151.529296875,229.3173828125,1445.288330078125,295.6202392578125,241.2559814453125,232.56190490722656,139.61012268066406,1797.0362548828125,1154.266357421875,359.03375244140625,1204.431640625,1395.490234375
2024-03-20,1426.5469970703125,3654.099365234375,685.1397705078125,1432.95361328125,1058.090087890625,2133.300537109375,362.26318359375,697.2848510742188,1199.718994140625,351.68011474609375,3416.77587890625,1032.27294921875,2739.428466796875,11586.390625,1516.313720703125,3556.38232421875,653.553466796875,1243.53369140625,9181.830078125,228.6917724609375,1434.397705078125,295.80877685546875,246.51889038085938,236.68838500976562,136.7006072998047,1797.5235595703125,1165.3736572265625,359.4193420410156,1198.227783203125,1377.7027587890625
2024-03-21,1433.6856689453125,3655.98583984375,692.1776733398438,1432.7232666015625,1055.455810546875,2133.681640625,367.0997009277344,704.90869140625,1189.0054931640625,353.0247497558594,3465.744140625,1033.1209716796875,2735.792236328125,11554.37109375,1531.8255615234375,3593.080322265625,660.06494140625,1245.19140625,9294.3212890625,231.9124755859375,1442.2606201171875,306.51318359375,254.9954833984375,235.88104248046875,140.87718200683594,1818.4283447265625,1182.3797607421875,370.171875,1203.1162109375,1408.1260986328125
2024-03-22,1437.6875,3598.88623046875,690.7891845703125,1390.4703369140625,1063.7489013671875,2147.193115234375,373.5048828125,707.1817626953125,1203.906982421875,353.87139892578125,3522.013671875,1030.8265380859375,2755.5263671875,11971.16015625,1574.5941162109375,3671.47802734375,664.5026245117188,1254.82177734375,9372.736328125,225.7259521484375,1407.9619140625,306.2774353027344,256.8584289550781,236.15013122558594,142.4727325439453,1831.04931640625,1163.8525390625,370.08624267578125,1217.840576171875,1439.7645263671875
2024-03-26,1424.3978271484375,3568.150634765625,682.4346923828125,1375.54150390625,1057.3094482421875,2131.4453125,372.6770324707031,700.8836669921875,1181.5059814453125,349.349365234375,3572.928955078125,1038.0592041015625,2729.489013671875,11886.5986328125,1564.024169921875,3663.058837890625,679.1668701171875,1261.0145263671875,9294.2744140625,222.3662567138672,1411.9384765625,310.3799743652344,251.54893493652344,238.1685333251953,143.03585815429688,1816.57666015625,1156.201904296875,373.5133056640625,1204.421875,1431.0164794921875
2024-03-27,1475.061767578125,3534.470947265625,689.7598876953125,1367.431884765625,1057.3583984375,2131.159912109375,372.9820556640625,694.490966796875,1192.9013671875,353.7120361328125,3608.26806640625,1050.3297119140625,2744.859130859375,12138.6796875,1569.9451904296875,3723.67724609375,690.2388305664062,1251.4329833984375,9316.2978515625,218.8675079345703,1397.432861328125,312.7377624511719,251.73524475097656,234.80455017089844,143.31741333007812,1833.339599609375,1155.695068359375,367.94427490234375,1186.6053466796875,1422.3658447265625
2024-03-28,1468.1451416015625,3567.046630859375,693.20703125,1380.517822265625,1066.67578125,2154.615234375,373.2870788574219,712.53271484375,1196.6021728515625,355.6842041015625,3664.245361328125,1044.693115234375,2760.61767578125,12226.005859375,1585.99560546875,3765.67431640625,712.107421875,1278.6905517578125,9437.9853515625,222.4821014404297,1395.037841796875,316.6988525390625,257.9296569824219,240.45599365234375,146.27389526367188,1872.517822265625,1150.4410400390625,371.9283447265625,1208.9471435546875,1455.0247802734375
2024-04-01,1467.0831298828125,3604.269775390625,704.0271606445312,1378.12158203125,1072.8712158203125,2175.12060546875,371.8491516113281,718.1677856445312,1185.645263671875,356.7200622558594,3736.383544921875,1050.5791015625,2784.13427734375,12196.169921875,1594.5101318359375,3702.876708984375,712.6676025390625,1260.770751953125,9636.6845703125,224.72964477539062,1406.922607421875,322.87628173828125,260.95697021484375,242.11553955078125,153.12533569335938,1867.255126953125,1147.1689453125,378.73968505859375,1227.0972900390625,1456.6771240234375
2024-04-02,1469.2320556640625,3573.94873046875,708.6472778320312,1366.5103759765625,1054.8704833984375,2175.882080078125,371.1084289550781,725.8392333984375,1176.7823486328125,350.0864562988281,3706.59375,1044.693115234375,2787.23681640625,12179.529296875,1587.659423828125,3720.260009765625,708.3872680664062,1279.15380859375,9717.7626953125,222.99185180664062,1381.2550048828125,325.1869201660156,260.3981018066406,244.44790649414062,154.53317260742188,1921.8316650390625,1140.025390625,379.7250061035156,1224.5843505859375,1447.6861572265625
2024-04-03,1454.0650634765625,3632.382080078125,709.6766357421875,1364.4830322265625,1050.9676513671875,2155.424072265625,370.5419616699219,730.2430419921875,1193.77783203125,344.8572998046875,3682.304443359375,1060.704833984375,2782.533935546875,12058.630859375,1585.310302734375,3677.22314453125,718.397705078125,1245.3377685546875,9682.6689453125,223.91867065429688,1388.0784912109375,331.27001953125,260.9104309082031,247.00454711914062,153.5946044921875,1938.740966796875,1156.9393310546875,381.69561767578125,1202.370361328125,1430.2874755859375
2024-04-04,1445.4935302734375,3683.91455078125,731.3648071289062,1370.058349609375,1052.57763671875,2155.185791015625,368.40692138671875,719.1149291992188,1175.418701171875,348.4429626464844,3697.296630859375,1060.405517578125,2830.002685546875,12193.8896484375,1584.8212890625,3746.8056640625,715.8569946289062,1243.2166748046875,9685.765625,225.86497497558594,1391.5133056640625,334.4766540527344,258.6282653808594,241.30821228027344,153.35997009277344,1951.8001708984375,1179.1536865234375,384.5657958984375,1205.9237060546875,1418.67236328125
2024-04-05,1442.7020263671875,3661.78369140625,741.8737182617188,1363.054443359375,1057.0169677734375,2157.089111328125,372.58990478515625,724.2764892578125,1159.9815673828125,355.61444091796875,3643.99609375,1056.564697265625,2796.207275390625,12052.56640625,1574.69189453125,3718.7744140625,705.2666625976562,1237.3897705078125,9510.05859375,224.77597045898438,1396.5740966796875,334.3822937011719,259.326904296875,240.36630249023438,153.31304931640625,1962.1309814453125,1164.5440673828125,382.93792724609375,1213.1485595703125,1408.8065185546875
2024-04-08,1468.268798828125,3655.6181640625,740.4613647460938,1360.8427734375,1060.675537109375,2158.9921875,373.9406433105469,727.6385498046875,1173.3245849609375,356.2618713378906,3707.031982421875,1073.4742431640625,2804.49853515625,12482.890625,1565.590087890625,3713.277099609375,705.5517578125,1218.080322265625,9548.927734375,222.38941955566406,1391.874755859375,342.82318115234375,262.44732666015625,242.56407165527344,155.0493621826172,2025.2840576171875,1166.156982421875,383.3234558105469,1212.2159423828125,1421.490966796875
2024-04-09,1446.209716796875,3631.6923828125,741.3949584960938,1377.56884765625,1080.0909423828125,2154.424560546875,371.54412841796875,723.755615234375,1173.0811767578125,354.70806884765625,3685.030517578125,1077.4146728515625,2770.702880859375,12505.111328125,1568.37939453125,3644.387939453125,707.0308837890625,1220.3963623046875,9457.34765625,220.4894561767578,1392.2811279296875,342.2573547363281,261.93505859375,241.26339721679688,155.80020141601562,2037.758544921875,1153.48291015625,376.8548278808594,1210.9102783203125,1409.681396484375
2024-04-10,1461.945068359375,3666.752197265625,735.553955078125,1388.58154296875,1082.3837890625,2151.33251953125,380.78155517578125,737.8196411132812,1197.3814697265625,363.7420959472656,3653.82861328125,1085.1961669921875,2809.104736328125,12305.9580078125,1569.847412109375,3675.935546875,710.6331176757812,1232.4892578125,9504.4921875,221.1845703125,1391.061279296875,341.880126953125,263.1925964355469,243.99937438964844,154.90858459472656,2023.4322509765625,1167.217041015625,390.9916687011719,1208.9471435546875,1383.0972900390625
2024-04-12,1449.6680908203125,3682.166015625,727.223388671875,1368.26123046875,1077.5054931640625,2124.118408203125,374.81207275390625,725.7444458007812,1193.6318359375,361.1723327636719,3581.836669921875,1070.88037109375,2768.1328125,11902.123046875,1507.1632080078125,3584.90869140625,710.5643920898438,1236.6826171875,9344.46875,218.14923095703125,1375.109375,341.1727294921875,256.3927001953125,238.3479461669922,153.45382690429688,2018.3155517578125,1144.9105224609375,390.34912109375,1194.4091796875,1357.6798095703125
2024-04-15,1447.3707275390625,3626.769287109375,715.61328125,1352.9637451171875,1052.08984375,2087.721923828125,371.1520080566406,717.4102172851562,1192.6578369140625,358.2041320800781,3505.4638671875,1055.41748046875,2758.33837890625,12053.779296875,1507.2120361328125,3566.386474609375,695.4970703125,1245.19140625,9202.8388671875,212.8663787841797,1360.2421875,340.6068420410156,255.27491760253906,251.04129028320312,150.96665954589844,2001.2603759765625,1123.387451171875,386.40789794921875,1180.07763671875,1342.7110595703125
2024-04-16,1448.2847900390625,3563.825927734375,722.5794677734375,1303.4765625,1041.0650634765625,2113.175537109375,371.1520080566406,711.9171752929688,1184.7686767578125,357.0985412597656,3449.632080078125,1049.382080078125,2744.37451171875,12131.2578125,1504.7655029296875,3611.255859375,683.506103515625,1241.510009765625,9161.7421875,207.76890563964844,1335.162109375,338.8149719238281,255.461181640625,254.00155639648438,150.21580505371094,1979.67333984375,1102.2333984375,388.2928466796875,1187.832275390625,1336.6845703125
2024-04-18,1446.876708984375,3553.887451171875,715.61328125,1307.9002685546875,1029.74755859375,2107.466552734375,365.00823974609375,705.3822631835938,1232.7847900390625,355.9331970214844,3456.93359375,1021.5487670898438,2722.7490234375,12036.4599609375,1484.066162109375,3491.60400390625,677.5057983398438,1200.77001953125,9083.279296875,205.915283203125,1325.717529296875,331.17572021484375,260.9104309082031,245.92803955078125,150.21580505371094,1973.4847412109375,1087.3470458984375,375.7838439941406,1169.53515625,1309.5660400390625
2024-04-19,1452.6075439453125,3520.943603515625,733.13623046875,1300.52783203125,1041.26025390625,2123.452392578125,370.1498718261719,710.7332763671875,1255.42919921875,357.1085205078125,3425.19677734375,1026.6365966796875,2723.573486328125,12333.3203125,1490.329833984375,3529.193115234375,699.7479248046875,1188.65283203125,9065.0791015625,209.8079071044922,1308.229248046875,330.6098327636719,262.354248046875,246.91481018066406,152.13986206054688,2029.9617919921875,1100.2515869140625,372.9564208984375,1166.7274169921875,1308.0594482421875
2024-04-22,1462.2166748046875,3556.280029296875,723.99169921875,1320.3409423828125,1060.1878662109375,2132.87255859375,370.629150390625,725.5550537109375,1263.756591796875,360.5547790527344,3517.048583984375,1051.427001953125,2755.865966796875,12405.6552734375,1507.260986328125,3562.57275390625,716.721923828125,1198.8927001953125,9259.955078125,214.09442138671875,1324.85888671875,323.39495849609375,264.2171936035156,248.3052215576172,151.9052276611328,2037.5147705078125,1113.5250244140625,379.5108642578125,1181.1082763671875,1316.904541015625
2024-04-23,1441.936279296875,3565.574462890625,721.7894287109375,1329.2337646484375,1063.7000732421875,2153.0927734375,374.0278015136719,732.08984375,1307.3897705078125,361.1723327636719,3514.56591796875,1053.2227783203125,2787.916015625,12610.14453125,1452.9932861328125,3598.478271484375,713.5472412109375,1219.640625,9229.2666015625,214.14077758789062,1343.6126708984375,327.4032287597656,265.80078125,248.3052215576172,151.24822998046875,2010.1781005859375,1106.335205078125,377.7972106933594,1168.5435791015625,1308.9827880859375
2024-04-24,1432.895263671875,3525.406494140625,723.7523193359375,1318.4979248046875,1070.041748046875,2150.7138671875,373.766357421875,732.1845092773438,1301.5947265625,367.0987548828125,3538.612060546875,1060.704833984375,2780.982177734375,12559.4951171875,1454.0699462890625,3575.449462890625,720.3535766601562,1219.104248046875,9350.5673828125,213.12127685546875,1336.9244384765625,331.64727783203125,270.5047912597656,250.59278869628906,155.37786865234375,2006.13330078125,1092.923583984375,380.28192138671875,1168.288330078125,1359.0404052734375
2024-04-25,1442.5784912109375,3544.869384765625,723.2975463867188,1325.5938720703125,1086.6278076171875,2122.738525390625,381.304443359375,769.6888427734375,1303.8348388671875,327.1875915527344,3555.600341796875,1124.30224609375,2774.873046875,12538.5859375,1487.7364501953125,3537.166748046875,716.9873046875,1249.5799560546875,9374.6728515625,213.63101196289062,1359.4287109375,338.767822265625,273.2060852050781,252.92507934570312,157.395751953125,2043.5574951171875,1097.1636962890625,387.65020751953125,1220.893310546875,1366.8162841796875
2024-04-26,1435.2420654296875,3516.48046875,722.8427124023438,1318.0372314453125,1080.9202880859375,2114.93603515625,383.4394836425781,758.89208984375,1291.465576171875,320.4245300292969,3509.747314453125,1127.5943603515625,2758.096435546875,12325.947265625,1474.4263916015625,3550.736572265625,661.5834350585938,1210.619873046875,9391.275390625,215.29928588867188,1332.0439453125,335.7498474121094,272.22802734375,253.77728271484375,155.6125030517578,1992.9276123046875,1178.6927490234375,390.5204772949219,1227.44091796875,1369.683837890625
2024-04-29,1447.5684814453125,3561.433349609375,732.2744750976562,1322.1842041015625,1131.8978271484375,2118.218994140625,381.87091064453125,782.7584228515625,1297.74755859375,326.77923583984375,3538.076904296875,1156.47509765625,2781.41845703125,12312.84765625,1489.1553955078125,3570.595947265625,670.9599609375,1223.809814453125,9646.4130859375,214.53466796875,1253.9117431640625,342.3516540527344,273.5787048339844,254.04640197753906,157.11419677734375,2009.6419677734375,1187.4957275390625,388.33563232421875,1236.2755126953125,1368.5660400390625
2024-04-30,1449.5198974609375,3515.836181640625,727.77392578125,1309.0982666015625,1122.38525390625,2122.358154296875,379.6486511230469,782.5216674804688,1287.862060546875,323.5023193359375,3499.135986328125,1163.1092529296875,2788.885498046875,12436.705078125,1470.0711669921875,3555.144287109375,680.4887084960938,1222.639404296875,9653.578125,214.27976989746094,1235.113037109375,342.540283203125,281.1703796386719,253.73243713378906,154.86166381835938,2101.545166015625,1164.635986328125,389.2352600097656,1218.056640625,1360.7901611328125
2024-05-02,1449.0753173828125,3555.083984375,733.5910034179688,1303.4765625,1111.701904296875,2118.4091796875,382.5679931640625,786.1205444335938,1270.0872802734375,313.8805847167969,3504.1982421875,1147.0975341796875,2885.375,12424.916015625,1486.61083984375,3534.54150390625,676.4738159179688,1225.02880859375,9664.806640625,211.96275329589844,1229.7806396484375,348.05755615234375,292.1153564453125,253.68763732910156,157.06727600097656,2129.613037109375,1167.77001953125,388.8925476074219,1234.3907470703125,1380.278564453125
2024-05-03,1416.9130859375,3536.771484375,727.5345458984375,1305.1817626953125,1114.23876953125,2109.607177734375,380.3457946777344,787.4464721679688,1244.13134765625,308.113525390625,3407.137939453125,1138.7674560546875,2841.106689453125,12121.021484375,1478.9283447265625,3500.31982421875,681.2701416015625,1197.6251220703125,9502.9921875,211.9395751953125,1218.3480224609375,344.1907653808594,289.5537414550781,256.64788818359375,156.2694854736328,2137.263671875,1152.607177734375,406.6278991699219,1246.57275390625,1384.846923828125
2024-05-06,1402.610595703125,3608.226806640625,728.994873046875,1314.0283203125,1118.3851318359375,2146.8603515625,378.8643493652344,765.048095703125,1249.97509765625,323.5719909667969,3371.6044921875,1140.912353515625,2843.433837890625,12069.740234375,1496.54443359375,3248.9814453125,674.2279663085938,1198.2587890625,9464.8505859375,212.5419921875,1228.063720703125,336.5042724609375,285.8277893066406,253.10452270507812,157.30191040039062,2168.401611328125,1163.48388671875,394.63299560546875,1235.558837890625,1383.5347900390625
2024-05-07,1384.7755126953125,3661.5068359375,721.09521484375,1327.8974609375,1104.3358154296875,2264.089599609375,383.7445068359375,759.4603881835938,1252.653564453125,327.4764404296875,3336.99560546875,1125.00048828125,2824.863037109375,11996.7255859375,1483.0386962890625,3239.81884765625,675.4761962890625,1223.2490234375,9373.3662109375,214.97488403320312,1219.041748046875,329.28948974609375,275.0224914550781,245.4346466064453,154.15773010253906,2135.802001953125,1191.32080078125,390.6917724609375,1228.5206298828125,1348.3485107421875
2024-05-08,1401.647216796875,3659.666748046875,709.8441772460938,1315.318603515625,1095.652587890625,2227.59814453125,384.3109436035156,767.8893432617188,1255.0396728515625,328.3629455566406,3394.531005859375,1125.9482421875,2757.27197265625,12170.8935546875,1489.3021240234375,3228.874267578125,668.2914428710938,1238.0479736328125,9215.568359375,214.65049743652344,1203.196533203125,335.23114013671875,281.3100891113281,248.35011291503906,155.84713745117188,2126.93310546875,1186.29736328125,397.93157958984375,1189.0103759765625,1345.9671630859375
2024-05-09,1377.5130615234375,3644.253173828125,693.0155029296875,1326.607666015625,1088.5302734375,2212.9443359375,370.454833984375,776.4129638671875,1242.2320556640625,327.31707763671875,3188.727783203125,1112.9793701171875,2628.102294921875,12133.1494140625,1462.7801513671875,3214.858642578125,649.1945190429688,1225.589599609375,9144.607421875,211.26763916015625,1209.05810546875,326.36578369140625,275.8608703613281,237.94427490234375,151.95213317871094,2156.31689453125,1169.7978515625,379.9820556640625,1153.8681640625,1320.7440185546875
2024-05-10,1390.65478515625,3583.24267578125,697.8200073242188,1313.10693359375,1089.847412109375,2248.05615234375,377.6443176269531,774.0926513671875,1267.2628173828125,324.2991027832031,3184.833740234375,1117.418701171875,2687.402099609375,12298.923828125,1474.4263916015625,3258.589111328125,656.9591064453125,1235.219970703125,9188.7529296875,209.39083862304688,1205.531982421875,335.27825927734375,282.9401550292969,242.42955017089844,152.28062438964844,2137.312255859375,1165.4656982421875,385.0370178222656,1162.437744140625,1302.0330810546875
2024-05-13,1385.9859619140625,3632.84228515625,706.2400512695312,1311.7706298828125,1100.53076171875,2246.248291015625,376.3371276855469,765.9952392578125,1252.458740234375,326.9385986328125,3206.640869140625,1129.290283203125,2792.134033203125,12297.322265625,1492.53173828125,3222.73291015625,660.3598022460938,1226.9547119140625,9246.64453125,209.43719482421875,1202.5093994140625,330.93994140625,285.5483093261719,239.4243927001953,153.78233337402344,2128.736328125,1163.299560546875,380.4104309082031,1159.993408203125,1375.02978515625
2024-05-14,1403.1539306640625,3589.9599609375,709.0062866210938,1312.92236328125,1093.26220703125,2235.734130859375,374.4635314941406,774.897705078125,1250.8516845703125,327.9545593261719,3289.974365234375,1120.1622314453125,2779.430419921875,12433.50390625,1512.3011474609375,3257.648193359375,656.1285400390625,1212.8629150390625,9352.310546875,211.47616577148438,1209.9742431640625,335.5611877441406,288.0633239746094,244.80673217773438,154.81471252441406,2212.209228515625,1175.697021484375,384.4373779296875,1152.189697265625,1319.3345947265625
2024-05-15,1399.3992919921875,3570.81982421875,698.1112060546875,1308.545166015625,1096.9696044921875,2210.70849609375,372.8077697753906,776.8865356445312,1275.784912109375,328.8509826660156,3320.98095703125,1125.3497314453125,2728.5673828125,12387.9970703125,1494.8316650390625,3237.49169921875,656.5512084960938,1201.9647216796875,9307.24609375,212.37982177734375,1220.82763671875,340.7955322265625,293.27972412109375,245.30014038085938,155.4248046875,2243.785888671875,1174.7755126953125,400.84466552734375,1153.4068603515625,1367.3023681640625
2024-05-16,1408.3660888671875,3615.821044921875,708.6665649414062,1339.3248291015625,1103.506591796875,2229.596435546875,375.98858642578125,768.978515625,1310.068115234375,333.0841369628906,3368.975830078125,1136.5728759765625,2728.906982421875,12126.3583984375,1503.5419921875,3302.220458984375,663.151123046875,1203.5982666015625,9399.212890625,215.2297821044922,1234.7955322265625,340.88983154296875,291.0907287597656,249.06777954101562,155.70635986328125,2311.470703125,1205.6080322265625,401.2301940917969,1148.5772705078125,1381.299072265625
2024-05-17,1418.5927734375,3553.857177734375,710.5350341796875,1330.98486328125,1102.9698486328125,2207.9013671875,380.21514892578125,774.5662231445312,1309.43505859375,337.9647216796875,3359.38671875,1138.6177978515625,2724.882568359375,12265.93359375,1498.7464599609375,3329.211669921875,661.2100219726562,1192.456298828125,9574.6787109375,213.63101196289062,1221.1024169921875,344.66229248046875,291.6961669921875,248.8883819580078,157.06727600097656,2450.690185546875,1203.257568359375,402.90087890625,1138.59423828125,1359.8668212890625
2024-05-21,1419.0126953125,3540.97314453125,707.962890625,1321.6312255859375,1093.65234375,2198.71875,378.90789794921875,786.6888427734375,1309.2891845703125,338.3033447265625,3349.845947265625,1134.9267578125,2765.5146484375,12102.7314453125,1508.0927734375,3344.910888671875,662.7284545898438,1199.9166259765625,9476.951171875,213.5846710205078,1229.07080078125,350.8396911621094,303.33978271484375,251.2655487060547,163.63717651367188,2458.535400390625,1220.31005859375,420.3792419433594,1134.7166748046875,1401.905517578125
2024-05-22,1443.24560546875,3551.910400390625,708.156982421875,1340.6610107421875,1084.042236328125,2252.1953125,383.35235595703125,788.422119140625,1312.7952880859375,338.5623474121094,3369.21923828125,1123.3046875,2798.437744140625,12159.0556640625,1506.47802734375,3351.696044921875,662.8955688476562,1203.9881591796875,9579.0341796875,213.77001953125,1230.124267578125,352.5845031738281,303.4329528808594,249.38172912597656,162.65167236328125,2456.97607421875,1226.3013916015625,429.8466491699219,1152.9652099609375,1440.78515625
2024-05-23,1468.343017578125,3608.869384765625,724.3662109375,1356.8802490234375,1106.8724365234375,2267.03955078125,384.6159362792969,801.277587890625,1338.26416015625,340.4548034667969,3490.47119140625,1162.460693359375,2815.892822265625,12550.6181640625,1463.2205810546875,3419.247802734375,670.9647827148438,1206.42626953125,9845.9365234375,215.85536193847656,1239.741455078125,351.12261962890625,297.9837341308594,254.27069091796875,164.71649169921875,2542.8857421875,1232.8458251953125,426.0767517089844,1157.8634033203125,1447.4432373046875
2024-05-24,1462.6119384765625,3568.131591796875,736.3047485351562,1350.15283203125,1104.384521484375,2254.241455078125,380.12799072265625,797.9072265625,1352.337890625,339.3392639160156,3529.899169921875,1171.189697265625,2787.7705078125,12614.220703125,1454.99951171875,3379.974609375,671.9722900390625,1203.3055419921875,9904.552734375,214.8590545654297,1232.0933837890625,353.6219482421875,296.9590759277344,254.09129333496094,164.10643005371094,2514.184326171875,1218.3282470703125,429.2469177246094,1151.5909423828125,1444.81884765625
2024-05-27,1448.77880859375,3565.8603515625,741.4004516601562,1355.9124755859375,1102.2869873046875,2268.942138671875,376.0321350097656,802.818359375,1348.2958984375,340.84326171875,3555.307861328125,1184.1585693359375,2785.394775390625,12522.671875,1434.7900390625,3371.06005859375,677.7318115234375,1199.477783203125,9899.130859375,209.66888427734375,1239.5125732421875,348.6234130859375,296.1673583984375,249.06777954101562,164.71649169921875,2484.313232421875,1225.6561279296875,423.6349792480469,1152.9554443359375,1437.2373046875
2024-05-28,1438.8485107421875,3559.233154296875,742.7592163085938,1351.949951171875,1099.5062255859375,2279.83740234375,373.853515625,800.3628540039062,1335.34228515625,339.3790588378906,3561.343994140625,1180.567138671875,2823.11767578125,12437.771484375,1433.6644287109375,3377.0029296875,675.5253295898438,1195.4794921875,9854.01953125,211.337158203125,1244.183349609375,344.6151428222656,291.3700866699219,246.0626220703125,164.15335083007812,2487.919189453125,1212.198486328125,417.80889892578125,1171.135009765625,1438.014892578125
2024-05-29,1423.607421875,3525.6328125,731.9855346679688,1337.113037109375,1075.1639404296875,2258.38037109375,375.5528564453125,792.1776733398438,1341.2347412109375,336.2315979003906,3538.5634765625,1156.9737548828125,2812.40185546875,12408.7119140625,1447.41455078125,3348.27880859375,669.0040283203125,1207.4259033203125,9703.4833984375,208.90426635742188,1239.3292236328125,343.86065673828125,295.9344482421875,243.8648223876953,163.5432891845703,2469.255615234375,1185.790283203125,416.78076171875,1178.0947265625,1451.7200927734375
2024-05-30,1407.8720703125,3463.020263671875,735.1642456054688,1315.456787109375,1086.5789794921875,2237.4462890625,369.3655090332031,795.2590942382812,1341.283447265625,336.6797790527344,3538.466064453125,1165.1541748046875,2796.449462890625,12223.7265625,1427.9881591796875,3240.76025390625,650.30517578125,1172.6104736328125,9553.8642578125,202.48605346679688,1219.865966796875,339.2393493652344,285.6881103515625,239.2449951171875,154.0638885498047,2430.12646484375,1143.75830078125,413.09661865234375,1153.1614990234375,1425.524658203125
2024-05-31,1413.3560791015625,3402.632080078125,743.268798828125,1322.459716796875,1093.7501220703125,2216.1796875,371.6312561035156,799.5924072265625,1336.998046875,334.74749755859375,3572.150390625,1159.3680419921875,2794.025146484375,12030.9296875,1428.6732177734375,3211.0947265625,658.2909545898438,1148.278564453125,9599.0263671875,203.06532287597656,1212.7674560546875,338.57916259765625,288.7619934082031,237.13690185546875,156.9264678955078,2442.55224609375,1132.3284912109375,420.8504638671875,1137.08251953125,1406.6680908203125
2024-06-03,1492.32861328125,3432.2001953125,762.9964599609375,1321.5198974609375,1131.75146484375,2241.728271484375,375.0299987792969,872.1032104492188,1354.8701171875,342.2476501464844,3793.96728515625,1220.97021484375,2779.72119140625,12105.4970703125,1422.067138671875,3230.21142578125,679.7024536132812,1148.351806640625,10135.876953125,205.7994384765625,1203.9290771484375,369.513427734375,314.5177001953125,254.85379028320312,163.5432891845703,2567.055419921875,1147.9063720703125,438.9713439941406,1135.404052734375,1411.673828125
2024-06-04,1380.625732421875,3443.46240234375,719.7800903320312,1310.005126953125,1045.3577880859375,2375.324462890625,368.4967956542969,746.4852905273438,1265.8504638671875,326.2911376953125,3313.095458984375,1128.5419921875,2771.187744140625,11814.3125,1399.3616943359375,3208.1728515625,639.79833984375,1183.8011474609375,9601.736328125,203.04214477539062,1193.9454345703125,312.40771484375,275.6745910644531,211.97445678710938,149.18338012695312,2507.50830078125,1142.32958984375,378.61114501953125,1125.096923828125,1421.5882568359375
2024-06-05,1403.821044921875,3472.613525390625,753.0962524414062,1344.267333984375,1081.6519775390625,2476.615478515625,381.8983459472656,760.4962768554688,1309.337646484375,342.2575988769531,3318.7421875,1181.66455078125,2872.13818359375,12131.1611328125,1455.5869140625,3286.125,671.9476928710938,1223.834228515625,9717.712890625,209.22866821289062,1230.7196044921875,321.6030578613281,278.3292541503906,222.02151489257812,158.80357360839844,2671.287353515625,1167.77001953125,394.5901184082031,1143.4237060546875,1455.0247802734375
2024-06-06,1414.541748046875,3550.42724609375,756.9301147460938,1383.887451171875,1083.359375,2426.041748046875,386.4246520996094,786.6887817382812,1334.9041748046875,345.564453125,3390.3447265625,1168.14697265625,2816.911376953125,12296.984375,1441.2979736328125,3290.0869140625,680.7099609375,1205.08544921875,9734.0244140625,213.63101196289062,1279.99609375,329.8553161621094,279.86627197265625,226.327392578125,161.47848510742188,2631.23193359375,1214.36474609375,405.2142028808594,1156.5382080078125,1435.633544921875
2024-06-07,1452.4346923828125,3609.33251953125,763.5545043945312,1441.5552978515625,1094.3841552734375,2452.875,389.75286865234375,799.207275390625,1388.130615234375,349.349365234375,3438.97216796875,1183.959228515625,2839.1181640625,12430.3017578125,1474.719970703125,3411.32373046875,706.814697265625,1220.2257080078125,10129.1962890625,224.5442657470703,1311.13720703125,340.0881652832031,288.15655517578125,233.593505859375,167.90756225585938,2784.826416015625,1269.80810546875,410.5262451171875,1189.9820556640625,1455.31640625
2024-06-10,1453.867431640625,3576.658935546875,757.7067260742188,1409.73681640625,1096.4329833984375,2441.0283203125,387.7559509277344,800.9887084960938,1388.909912109375,347.74578857421875,3449.92431640625,1197.12744140625,2848.670654296875,12339.724609375,1480.8365478515625,3389.681396484375,696.7355346679688,1242.5340576171875,10480.7080078125,220.2345733642578,1299.4591064453125,344.1435546875,294.1646423339844,232.4722137451172,169.212158203125,2736.194580078125,1235.472900390625,409.2839660644531,1198.787353515625,1491.2801513671875
2024-06-11,1439.3179931640625,3570.5419921875,759.4052734375,1405.97705078125,1090.969482421875,2432.46435546875,384.29461669921875,804.5997924804688,1390.07861328125,342.6361083984375,3503.419189453125,1191.7403564453125,2841.865478515625,12481.4853515625,1467.771240234375,3378.290771484375,701.5760498046875,1239.4864501953125,10584.5830078125,220.6053009033203,1308.6644287109375,346.5013732910156,294.8632507324219,245.38980102539062,170.18826293945312,2763.483154296875,1243.8607177734375,408.12725830078125,1185.6531982421875,1487.3922119140625
2024-06-12,1445.888671875,3551.5859375,763.9428100585938,1396.060302734375,1092.28662109375,2406.154541015625,383.67333984375,808.018310546875,1400.938232421875,341.78948974609375,3534.182861328125,1185.0565185546875,2845.1455078125,12467.609375,1474.719970703125,3350.16064453125,709.4046020507812,1237.2191162109375,10692.2822265625,220.9991912841797,1317.77783203125,350.17950439453125,302.4083251953125,247.1390838623047,171.032958984375,2716.703125,1263.35595703125,418.7084655761719,1189.7366943359375,1497.7923583984375
2024-06-13,1447.7906494140625,3594.687255859375,767.1458740234375,1404.28515625,1080.383544921875,2366.855712890625,381.8983459472656,812.6405639648438,1388.6177978515625,343.90106201171875,3605.590576171875,1171.838134765625,2849.257568359375,12465.18359375,1478.5858154296875,3439.206298828125,716.9922485351562,1244.2650146484375,10817.1650390625,223.640625,1322.7236328125,348.9063720703125,299.42755126953125,248.0809783935547,171.34268188476562,2788.96826171875,1280.27001953125,418.02301025390625,1196.76513671875,1501.291748046875
2024-06-14,1459.944091796875,3551.957275390625,774.9835205078125,1399.5382080078125,1078.7249755859375,2382.56494140625,382.6527099609375,808.1145629882812,1390.2247314453125,342.07830810546875,3590.160400390625,1178.222900390625,2860.615966796875,12463.58203125,1483.6748046875,3496.506591796875,721.5724487304688,1239.7545166015625,10883.9619140625,221.27725219726562,1310.72509765625,347.49169921875,299.4740905761719,247.04934692382812,171.8964385986328,2854.16796875,1264.139404296875,417.2091064453125,1194.6842041015625,1520.9259033203125
2024-06-18,1463.3778076171875,3536.24609375,780.2733154296875,1408.2799072265625,1095.506103515625,2388.810302734375,380.5226745605469,813.6034545898438,1391.1500244140625,342.5166320800781,3591.523193359375,1189.046875,2857.58056640625,12187.77734375,1488.5191650390625,3554.896728515625,720.8991088867188,1243.58251953125,10764.162109375,227.92715454101562,1316.3580322265625,348.6234130859375,309.0684509277344,247.40818786621094,169.9911651611328,2886.62158203125,1264.047119140625,419.0083923339844,1176.2296142578125,1530.694580078125
2024-06-19,1441.2694091796875,3523.825439453125,804.5628662109375,1420.6407470703125,1116.580078125,2360.70654296875,375.996337890625,821.0182495117188,1356.087646484375,347.9549255371094,3494.901123046875,1223.7137451171875,2831.33984375,11878.3994140625,1471.9306640625,3429.4501953125,710.9967651367188,1231.7335205078125,10644.6044921875,229.7344512939453,1324.280517578125,341.880126953125,304.87677001953125,243.595703125,168.95877075195312,2859.284912109375,1273.080322265625,409.4981384277344,1169.348388671875,1516.1146240234375
2024-06-20,1456.139892578125,3510.431640625,810.143798828125,1424.44775390625,1128.62939453125,2384.9189453125,375.68572998046875,812.4960327148438,1345.1793212890625,351.8494567871094,3526.7890625,1236.532958984375,2854.64306640625,11788.5517578125,1439.6343994140625,3403.30078125,708.3577880859375,1238.4136962890625,10555.201171875,227.2552032470703,1322.082275390625,337.3059997558594,302.3151550292969,243.8648223876953,171.07989501953125,2798.226806640625,1284.095458984375,413.9533996582031,1172.21484375,1501.583251953125
2024-06-21,1436.8724365234375,3532.2138671875,808.3967895507812,1440.709228515625,1130.434326171875,2345.621826171875,372.4018859863281,805.322021484375,1379.17041015625,353.72198486328125,3468.45849609375,1234.4879150390625,2830.5078125,11839.005859375,1435.96435546875,3367.44482421875,704.7177124023438,1218.2509765625,10322.087890625,227.32472229003906,1326.112548828125,339.3336486816406,303.6192626953125,241.89129638671875,172.2863006591797,2767.77099609375,1290.2711181640625,411.4258728027344,1180.1954345703125,1498.375732421875
2024-06-24,1424.2989501953125,3537.82177734375,811.6240234375,1435.4925537109375,1141.60546875,2346.486572265625,375.68572998046875,801.8554077148438,1382.82275390625,353.10443115234375,3465.122314453125,1225.1602783203125,2835.59912109375,11821.4443359375,1462.6331787109375,3379.925048828125,699.5416870117188,1233.6839599609375,10441.7412109375,227.32472229003906,1319.700927734375,342.1158752441406,310.1396789550781,242.11553955078125,170.39051818847656,2841.693359375,1292.0223388671875,405.8568115234375,1188.7354736328125,1462.2662353515625
2024-06-25,1436.8228759765625,3557.88916015625,830.5266723632812,1449.404052734375,1168.7772216796875,2336.87841796875,375.68572998046875,811.0516357421875,1378.098876953125,354.9670715332031,3520.264404296875,1268.4063720703125,2798.78369140625,11756.62890625,1473.1051025390625,3370.119140625,698.8107299804688,1226.564697265625,10500.021484375,230.2441864013672,1326.2041015625,340.323974609375,304.96990966796875,239.51409912109375,168.20750427246094,2835.455810546875,1316.0341796875,402.04412841796875,1193.3394775390625,1457.69775390625
2024-06-26,1495.9844970703125,3574.01708984375,825.7463989257812,1448.229248046875,1188.339111328125,2349.75341796875,376.2625732421875,814.0367431640625,1421.48876953125,358.2041320800781,3535.12939453125,1282.322998046875,2803.58154296875,11835.8525390625,1488.715087890625,3340.701416015625,707.08349609375,1235.7318115234375,10787.443359375,229.4795684814453,1322.3114013671875,344.2850646972656,304.3179016113281,240.18690490722656,165.22019958496094,2779.027587890625,1302.4844970703125,401.61572265625,1191.7000732421875,1437.6746826171875
2024-06-27,1512.3126220703125,3646.593994140625,823.1500244140625,1478.9195556640625,1190.1927490234375,2365.654541015625,377.7270202636719,812.7367553710938,1437.3642578125,364.658447265625,3497.304931640625,1285.864501953125,2820.716552734375,11816.931640625,1483.91943359375,3359.43359375,707.9280395507812,1235.4879150390625,11342.7373046875,236.70872497558594,1332.5697021484375,355.69677734375,308.8356018066406,239.96261596679688,166.7521514892578,2815.525634765625,1320.18212890625,400.1591796875,1224.260498046875,1439.42431640625
2024-06-28,1546.7474365234375,3618.787353515625,817.1565551757812,1472.7156982421875,1170.38720703125,2376.127685546875,377.1057434082031,817.5034790039062,1406.441162109375,359.0706787109375,3481.655029296875,1262.22119140625,2856.160888671875,11676.3359375,1488.42138671875,3382.8857421875,702.87060546875,1244.2161865234375,11295.4951171875,238.58551025390625,1336.87451171875,356.8285217285156,308.2767028808594,245.97291564941406,166.60853576660156,2793.792236328125,1318.4306640625,405.3855895996094,1256.938720703125,1439.3271484375
2024-07-01,1541.5599365234375,3687.424560546875,827.5419921875,1495.3223876953125,1182.3387451171875,2406.921630859375,380.7889404296875,810.7627563476562,1416.1319580078125,360.1862487792969,3460.16748046875,1258.87939453125,2866.6865234375,11748.9150390625,1487.6873779296875,3409.96484375,718.7938232421875,1252.2376708984375,11524.6884765625,244.37814331054688,1345.346923828125,348.7177429199219,307.01922607421875,244.85162353515625,166.66598510742188,2802.7587890625,1356.913818359375,406.7992248535156,1247.387451171875,1437.6746826171875
2024-07-02,1546.525146484375,3723.759521484375,839.8687744140625,1523.7567138671875,1161.606201171875,2387.753173828125,377.63824462890625,795.5480346679688,1381.994873046875,352.5168151855469,3558.23583984375,1250.399658203125,2864.5322265625,11684.826171875,1491.55322265625,3378.364013671875,707.8145141601562,1240.7054443359375,11475.6064453125,249.4060821533203,1356.2921142578125,349.3306884765625,308.1369934082031,246.55596923828125,167.11598205566406,2792.33056640625,1356.9599609375,410.4833984375,1250.6365966796875,1446.9571533203125
2024-07-03,1533.927001953125,3675.421142578125,858.3346557617188,1529.7255859375,1172.33837890625,2411.9658203125,380.1232604980469,808.8368530273438,1382.871337890625,360.7042236328125,3546.314697265625,1276.93603515625,2864.483154296875,11763.4697265625,1501.2420654296875,3339.210693359375,717.020751953125,1244.1431884765625,11493.17578125,249.7768096923828,1356.4749755859375,351.4527893066406,312.1889343261719,246.4214630126953,168.86814880371094,2804.805419921875,1364.011474609375,415.49560546875,1261.5621337890625,1442.1944580078125
2024-07-04,1535.5079345703125,3727.050048828125,838.1945190429688,1551.5802001953125,1202.9737548828125,2398.1298828125,380.7889404296875,808.2108764648438,1385.988037109375,365.3158264160156,3506.03759765625,1277.8338623046875,2873.63818359375,11730.4306640625,1524.6815185546875,3315.112548828125,702.0309448242188,1241.046875,11384.703125,245.93055725097656,1394.3485107421875,351.7357177734375,312.0492248535156,248.5294952392578,168.7915496826172,2829.023681640625,1344.9774169921875,419.43670654296875,1272.0557861328125,1439.2784423828125
2024-07-05,1569.695556640625,3718.568603515625,799.8311157226562,1548.572265625,1203.364013671875,2447.179443359375,384.87152099609375,827.9033813476562,1392.4647216796875,369.0708923339844,3558.873779296875,1283.9691162109375,2874.616943359375,11744.451171875,1534.9573974609375,3248.880126953125,705.088134765625,1255.1875,11317.0341796875,247.9695281982422,1391.646240234375,358.1960144042969,316.1477966308594,258.5317077636719,167.2787628173828,2827.94384765625,1347.005126953125,421.10748291015625,1280.0362548828125,1467.612060546875
2024-07-08,1581.824462890625,3701.328125,793.6434936523438,1561.9200439453125,1204.973876953125,2485.755615234375,393.7022705078125,824.5330810546875,1397.77294921875,369.1705017089844,3563.63232421875,1284.76708984375,2837.655029296875,11666.3916015625,1523.21337890625,3136.4384765625,701.1616821289062,1269.4503173828125,11213.2080078125,250.7963409423828,1404.469482421875,355.9797058105469,316.1477966308594,268.3544616699219,164.9521026611328,2799.228759765625,1352.7659912109375,422.6496887207031,1282.8143310546875,1445.4022216796875
2024-07-09,1571.3260498046875,3694.191162109375,794.2015380859375,1557.6900634765625,1217.8524169921875,2488.63818359375,401.68994140625,829.39599609375,1398.16259765625,368.1047668457031,3597.0908203125,1286.3133544921875,2844.362060546875,12446.6025390625,1551.5950927734375,3195.019287109375,698.1785278320312,1283.932373046875,11307.0146484375,250.70364379882812,1402.3626708984375,355.6024169921875,317.77789306640625,266.8294372558594,164.49252319335938,2872.02294921875,1351.060791015625,423.0780334472656,1292.375244140625,1469.701904296875
2024-07-10,1565.3480224609375,3623.42138671875,789.1543579101562,1549.32421875,1212.92529296875,2508.142578125,400.6693115234375,817.5515747070312,1407.4151611328125,364.5190124511719,3581.3427734375,1288.55810546875,2933.9033203125,12393.333984375,1564.464599609375,3204.8076171875,696.8845825195312,1275.8134765625,11262.9189453125,248.17808532714844,1382.9908447265625,359.70501708984375,322.3421936035156,267.4574279785156,160.83502197265625,2682.06005859375,1348.8486328125,420.46490478515625,1294.2796630859375,1470.819580078125
2024-07-11,1561.815673828125,3636.907958984375,787.1162109375,1553.507080078125,1208.291015625,2506.60546875,407.0594177246094,824.9664306640625,1400.5,367.4374084472656,3552.937744140625,1293.6458740234375,2958.96923828125,12337.4443359375,1548.0228271484375,3228.260009765625,686.5473022460938,1264.4765625,11186.1494140625,247.506103515625,1384.7772216796875,355.64959716796875,319.3148498535156,273.37799072265625,161.7350311279297,2648.730712890625,1346.3135986328125,428.43292236328125,1294.7115478515625,1463.8212890625
2024-07-12,1577.6990966796875,3878.135986328125,787.5043334960938,1609.012939453125,1202.876220703125,2519.480224609375,407.4144287109375,827.8552856445312,1395.92236328125,365.11663818359375,3580.656005859375,1315.160888671875,2936.546875,12189.28125,1548.5628662109375,3209.62744140625,691.8814086914062,1272.180908203125,11231.98828125,259.57794189453125,1429.015869140625,355.69677734375,319.59429931640625,275.4860534667969,161.5148162841797,2654.52294921875,1387.2857666015625,425.1343078613281,1319.1932373046875,1469.701904296875
2024-07-15,1578.193115234375,3864.464111328125,787.2131958007812,1604.59521484375,1199.998046875,2517.6064453125,411.2751159667969,848.7033081054688,1400.1590576171875,367.2481384277344,3582.863525390625,1305.3267822265625,2894.787109375,12268.3115234375,1557.3006591796875,3204.0126953125,697.7537841796875,1270.279296875,11455.955078125,259.369384765625,1437.62548828125,363.7132873535156,320.29290771484375,289.30072021484375,159.66690063476562,2681.127685546875,1381.7552490234375,426.46234130859375,1333.9764404296875,1474.7076416015625
2024-07-16,1557.4681396484375,3873.03857421875,786.0726928710938,1622.454833984375,1209.7056884765625,2583.08544921875,413.1832580566406,848.0773315429688,1428.306396484375,359.6284484863281,3568.096923828125,1301.8824462890625,2912.362548828125,12264.0419921875,1550.5264892578125,3213.801025390625,697.29443359375,1276.8660888671875,11286.587890625,259.369384765625,1437.579833984375,358.8090515136719,318.9888610839844,289.435302734375,159.96372985839844,2706.357666015625,1397.563232421875,439.05706787109375,1312.509521484375,1468.09814453125
2024-07-18,1567.76904296875,4000.117431640625,783.6705322265625,1652.5341796875,1219.8526611328125,2631.077880859375,417.3545837402344,860.4513549804688,1445.009765625,363.9014892578125,3587.376708984375,1307.2738037109375,2870.35791015625,12268.408203125,1565.2039794921875,3241.675537109375,702.3223266601562,1286.538330078125,11275.50390625,265.6253967285156,1460.4776611328125,356.2626037597656,317.8710632324219,297.55364990234375,159.28392028808594,2767.91162109375,1418.9017333984375,432.8882141113281,1316.7457275390625,1464.4532470703125
2024-07-19,1536.61962890625,3997.190185546875,780.0307006835938,1685.339599609375,1218.24267578125,2620.124755859375,421.1709289550781,856.406982421875,1423.6800537109375,363.2732849121094,3550.386474609375,1290.2513427734375,2884.555419921875,12152.2158203125,1540.070556640625,3238.594970703125,684.7692260742188,1272.23828125,10898.9677734375,258.21087646484375,1460.4776611328125,343.9078063964844,309.4410400390625,286.744140625,151.05929565429688,2699.0439453125,1400.172119140625,418.1087646484375,1310.5247802734375,1443.8955078125
2024-07-22,1482.7935791015625,3983.208251953125,797.1376953125,1702.1651611328125,1210.9254150390625,2628.099609375,414.07080078125,844.3218383789062,1427.2352294921875,350.5000915527344,3582.71630859375,1280.41748046875,2873.05078125,12265.69140625,1558.4298095703125,3234.0732421875,680.0228881835938,1267.0716552734375,11148.15234375,234.39169311523438,1444.4951171875,352.2544250488281,315.402587890625,287.7757263183594,153.50083923339844,2753.480224609375,1404.0684814453125,420.8504638671875,1337.1658935546875,1448.269287109375
2024-07-23,1470.1708984375,3997.143798828125,785.4176025390625,1726.6517333984375,1196.8759765625,2657.9326171875,436.8355712890625,831.899658203125,1427.527099609375,352.7635498046875,3471.450927734375,1261.1986083984375,2836.627197265625,12253.853515625,1572.420166015625,3445.143310546875,664.4996948242188,1264.255615234375,11177.2919921875,231.95880126953125,1475.1827392578125,360.6952819824219,311.3505859375,281.810302734375,153.21359252929688,2769.77685546875,1402.0498046875,417.251953125,1355.74951171875,1455.9481201171875
2024-07-24,1477.8779296875,4000.76708984375,778.4534912109375,1723.878662109375,1193.21728515625,2610.564697265625,438.47747802734375,820.4404296875,1417.30078125,348.2366027832031,3453.200927734375,1237.237548828125,2851.99951171875,12116.267578125,1589.9449462890625,3456.62109375,652.651123046875,1244.593017578125,11087.8408203125,231.75027465820312,1461.66162109375,370.2679443359375,314.0519104003906,286.6544189453125,153.4912567138672,2754.216796875,1439.5091552734375,423.0780334472656,1346.8922119140625,1461.391357421875
2024-07-25,1474.6171875,4015.864501953125,784.5440063476562,1715.324951171875,1168.728515625,2601.100830078125,434.8387145996094,817.0701293945312,1411.408203125,354.0099792480469,3551.0244140625,1173.990478515625,2840.83740234375,12137.5654296875,1635.450439453125,3384.4755859375,656.6615600585938,1214.8421630859375,11076.3203125,234.87828063964844,1465.2613525390625,369.8435363769531,316.19439697265625,301.2315979003906,150.69546508789062,2760.0087890625,1436.4111328125,423.2494201660156,1353.4190673828125,1458.0380859375
2024-07-26,1491.044189453125,4076.5791015625,785.2962646484375,1766.1309814453125,1177.802001953125,2604.800048828125,445.7107849121094,830.5033569335938,1474.9588623046875,361.72772216796875,3610.630615234375,1175.4381103515625,2888.569580078125,12287.474609375,1683.017822265625,3472.2724609375,670.6881713867188,1213.005615234375,11300.4794921875,243.1964111328125,1509.3314208984375,373.7574462890625,320.6189880371094,297.4639587402344,155.63597106933594,2835.01220703125,1446.8790283203125,436.82940673828125,1358.4451904296875,1530.888916015625
2024-07-29,1501.987060546875,4070.3076171875,778.9387817382812,1758.799072265625,1183.1680908203125,2605.328369140625,440.2525329589844,839.3143920898438,1442.7696533203125,357.7491760253906,3703.8916015625,1168.1500244140625,2893.024658203125,12372.7138671875,1691.853759765625,3390.338623046875,672.9305419921875,1209.7733154296875,11494.822265625,243.01107788085938,1506.562744140625,371.49395751953125,318.89569091796875,298.6300964355469,155.94235229492188,2879.385986328125,1432.04541015625,438.8000183105469,1350.8221435546875,1510.42822265625
2024-07-30,1495.1199951171875,4055.67431640625,784.0345458984375,1764.4859619140625,1179.9971923828125,2585.919677734375,434.7943115234375,840.469970703125,1432.0560302734375,356.19366455078125,3713.408935546875,1168.10009765625,2942.32373046875,12491.1875,1670.5982666015625,3446.534423828125,674.0318603515625,1203.578369140625,11497.4033203125,241.6671905517578,1504.6246337890625,383.8016662597656,325.8353271484375,297.73309326171875,157.09132385253906,2868.685302734375,1443.96875,444.96875,1343.7322998046875,1486.080078125
2024-07-31,1487.487060546875,4074.256103515625,784.1315307617188,1756.1201171875,1185.3145751953125,2599.611572265625,439.6312561035156,840.0848388671875,1452.7042236328125,360.5411376953125,3743.187744140625,1164.2064208984375,3020.06640625,12726.142578125,1688.0247802734375,3437.292724609375,672.3872680664062,1202.9417724609375,11576.0400390625,241.8988800048828,1516.0228271484375,392.3368835449219,324.3449401855469,299.79632568359375,158.2977294921875,2854.646728515625,1459.3184814453125,447.41058349609375,1333.1370849609375,1501.0487060546875
2024-08-01,1497.244384765625,4085.1728515625,795.3178100585938,1741.409423828125,1180.63134765625,2609.12353515625,438.1668395996094,830.696044921875,1466.2906494140625,357.4999084472656,3708.15966796875,1170.396484375,3034.655517578125,12962.166015625,1683.9503173828125,3446.634033203125,668.9002685546875,1216.482666015625,11670.79296875,241.69036865234375,1514.130859375,399.3630676269531,336.3611755371094,306.5690612792969,156.12428283691406,2776.697998046875,1449.9771728515625,463.0040283203125,1360.28173828125,1502.8953857421875
2024-08-02,1481.4595947265625,3979.213134765625,805.1937866210938,1711.8939208984375,1167.411376953125,2587.02490234375,434.08428955078125,816.4441528320312,1454.8955078125,359.6536865234375,3596.6982421875,1158.9649658203125,3041.851806640625,12464.9462890625,1700.1007080078125,3440.671875,664.292236328125,1221.918701171875,11456.55078125,232.70025634765625,1485.2889404296875,395.826416015625,333.70635986328125,296.118408203125,151.4901580810547,2699.387451171875,1415.47509765625,449.3812561035156,1375.3302001953125,1498.58251953125
2024-08-05,1430.079345703125,3860.293212890625,784.1315307617188,1646.7532958984375,1144.0445556640625,2609.45947265625,431.3329772949219,781.5851440429688,1427.527099609375,353.7108459472656,3461.590087890625,1131.6593017578125,3028.82958984375,11950.1923828125,1689.006591796875,3354.8125,651.6188354492188,1229.65625,11118.390625,224.75279235839844,1442.0030517578125,389.74334716796875,319.3148498535156,278.3117980957031,143.4474639892578,2629.97998046875,1367.26611328125,434.2162170410156,1345.29248046875,1485.104248046875
2024-08-06,1438.700439453125,3875.29833984375,777.0703125,1646.0013427734375,1138.4346923828125,2642.271484375,431.5992736816406,768.15185546875,1405.9542236328125,353.09259033203125,3508.8828125,1124.2713623046875,3037.005126953125,11881.875,1676.4398193359375,3314.21826171875,645.8550415039062,1228.4810791015625,11028.84765625,226.83815002441406,1460.7850341796875,391.3937683105469,317.4053039550781,274.5889892578125,143.9261932373047,2584.82080078125,1392.6614990234375,428.0473937988281,1344.3741455078125,1501.62109375
2024-08-07,1447.3707275390625,3902.473388671875,787.8926391601562,1684.1175537109375,1143.898193359375,2636.50634765625,437.2349548339844,778.6962280273438,1412.0263671875,354.2891540527344,3569.764892578125,1134.9541015625,3036.711669921875,12117.337890625,1702.8497314453125,3305.423828125,655.614501953125,1235.4842529296875,11241.0439453125,230.4990692138672,1471.7218017578125,395.7187805175781,327.9311218261719,295.2213439941406,147.31561279296875,2631.84521484375,1383.508056640625,455.37872314453125,1367.865234375,1522.84326171875
2024-08-08,1431.8577880859375,3876.551513671875,797.21044921875,1638.528564453125,1136.2393798828125,2626.081787109375,439.0987854003906,778.1184692382812,1421.8692626953125,353.5313415527344,3486.6591796875,1136.3018798828125,2942.66650390625,11967.8232421875,1705.40234375,3275.85986328125,650.1864624023438,1218.9803466796875,10963.3095703125,225.8186492919922,1437.8037109375,387.5440673828125,319.17510986328125,289.4801940917969,143.88787841796875,2633.90673828125,1376.748291015625,448.48162841796875,1370.225341796875,1538.9190673828125
2024-08-09,1456.7330322265625,3928.7646484375,800.8502807617188,1664.4720458984375,1143.0689697265625,2639.533203125,440.1194152832031,793.7665405273438,1433.91552734375,352.9131164550781,3524.4345703125,1140.894287109375,2977.131591796875,11973.0634765625,1703.6842041015625,3310.839599609375,653.7426147460938,1226.6199951171875,11004.5498046875,227.6722869873047,1467.429931640625,390.3481140136719,322.295654296875,298.3161315917969,145.35279846191406,2698.896484375,1414.5361328125,453.9221496582031,1385.076171875,1543.6241455078125
2024-08-12,1443.220703125,3898.01318359375,805.6547241210938,1689.5224609375,1154.09033203125,2640.974365234375,438.96563720703125,782.4998779296875,1428.5289306640625,353.491455078125,3504.712890625,1162.409423828125,2989.46875,12021.10546875,1702.2607421875,3300.0576171875,652.7498779296875,1211.1446533203125,11006.984375,226.62960815429688,1463.0924072265625,381.03265380859375,317.77789306640625,306.1653747558594,145.5921630859375,2667.972412109375,1419.9814453125,448.9100036621094,1360.0052490234375,1554.89697265625
2024-08-13,1446.18505859375,3899.221435546875,778.0409545898438,1689.5694580078125,1149.7113037109375,2633.96044921875,434.8830261230469,768.0073852539062,1429.606201171875,349.40325927734375,3484.9423828125,1157.7169189453125,2960.437744140625,11926.0986328125,1708.396728515625,3362.364990234375,638.614501953125,1216.825439453125,10976.1650390625,227.30154418945312,1469.9219970703125,376.612548828125,313.8656311035156,301.3212890625,142.5474395751953,2668.365478515625,1411.438232421875,447.0250549316406,1372.2198486328125,1552.1522216796875
2024-08-14,1444.4312744140625,3990.54736328125,780.2733154296875,1713.821044921875,1143.1181640625,2615.368896484375,436.8355712890625,773.2554931640625,1441.3587646484375,348.57562255859375,3478.46630859375,1151.2275390625,2962.689697265625,11954.89453125,1709.9185791015625,3380.848388671875,637.967529296875,1211.87939453125,10714.59375,229.45639038085938,1500.8404541015625,376.755126953125,310.65203857421875,294.36907958984375,139.95269775390625,2695.068115234375,1431.1536865234375,432.4169921875,1343.1201171875,1532.890625
2024-08-16,1460.58642578125,4102.77734375,792.0662231445312,1747.3782958984375,1168.3096923828125,2640.5419921875,446.1101379394531,782.0183715820312,1452.964599609375,354.438720703125,3501.1806640625,1164.9552001953125,2984.52392578125,11962.38671875,1710.9984130859375,3423.181640625,651.0458984375,1236.781982421875,11000.0234375,239.23428344726562,1539.6962890625,378.37109375,318.0249938964844,295.6698303222656,143.16021728515625,2788.52783203125,1488.328369140625,443.3204345703125,1341.6488037109375,1544.9473876953125
2024-08-19,1475.65625,4171.48193359375,791.79931640625,1752.8773193359375,1157.140869140625,2635.0654296875,445.0451354980469,783.5591430664062,1439.3511962890625,355.24639892578125,3488.131103515625,1151.3773193359375,3012.086669921875,11900.19140625,1715.9564208984375,3443.156005859375,653.559814453125,1225.8609619140625,11019.1572265625,240.8562469482422,1549.156494140625,383.1714172363281,319.6217041015625,300.7830505371094,147.41136169433594,2714.604248046875,1497.1065673828125,451.71435546875,1364.9029541015625,1544.359375
2024-08-20,1483.1416015625,4202.41943359375,794.783935546875,1759.8331298828125,1160.6341552734375,2643.232421875,442.6932067871094,789.9146728515625,1419.2738037109375,360.0924377441406,3505.44873046875,1166.1033935546875,3038.4248046875,11964.00390625,1734.16845703125,3453.142822265625,664.015625,1233.3782958984375,11052.609375,243.12692260742188,1556.770751953125,386.16571044921875,319.8095703125,296.118408203125,147.3826141357422,2720.641845703125,1528.979736328125,453.96429443359375,1375.567138671875,1531.95947265625
2024-08-21,1485.8433837890625,4228.619140625,789.0088500976562,1760.302978515625,1156.1075439453125,2681.80859375,448.55084228515625,785.3406372070312,1433.2789306640625,361.5482482910156,3528.359375,1172.492919921875,3085.765869140625,11969.8798828125,1732.4996337890625,3538.107666015625,665.3145751953125,1249.66162109375,10907.7041015625,243.9147186279297,1548.0028076171875,388.7322082519531,316.1934814453125,293.9654235839844,145.45811462402344,2718.7763671875,1506.494873046875,460.54095458984375,1394.7432861328125,1563.0819091796875
2024-08-22,1485.2979736328125,4182.630859375,791.6780395507812,1767.3997802734375,1172.098388671875,2683.34619140625,447.79644775390625,789.9146728515625,1455.706787109375,363.2532958984375,3538.6123046875,1168.050048828125,3120.08447265625,12024.1416015625,1718.7545166015625,3581.832275390625,666.1295166015625,1249.29443359375,11013.3642578125,240.50865173339844,1546.9876708984375,383.4090881347656,313.70452880859375,290.9603271484375,147.5836944580078,2682.99267578125,1512.691162109375,457.64202880859375,1376.2979736328125,1554.4559326171875
2024-08-23,1487.1322021484375,4147.23388671875,788.6448364257812,1750.3392333984375,1184.300537109375,2705.25244140625,448.9058532714844,785.1480102539062,1475.686279296875,362.55535888671875,3530.81201171875,1164.056640625,3088.801025390625,12049.55859375,1743.3973388671875,3547.6474609375,665.364013671875,1238.618408203125,11044.9150390625,237.4501953125,1533.420166015625,382.0782775878906,315.8177795410156,288.29339599609375,147.64114379882812,2708.566650390625,1500.6270751953125,466.29559326171875,1373.4244384765625,1543.42822265625
2024-08-26,1499.6490478515625,4183.048828125,795.8759155273438,1763.5460205078125,1193.9442138671875,2710.5849609375,448.8170471191406,784.859130859375,1482.34619140625,361.45849609375,3573.34619140625,1168.399658203125,3105.15283203125,11992.2607421875,1740.157470703125,3607.470703125,669.5621337890625,1233.8924560546875,11040.3388671875,240.97206115722656,1586.950927734375,394.34051513671875,317.6962585449219,296.38446044921875,149.0773468017578,2742.04345703125,1539.8232421875,465.64654541015625,1371.212646484375,1562.4447021484375
2024-08-27,1487.6031494140625,4178.12548828125,794.8082275390625,1786.0584716796875,1206.7860107421875,2658.4609375,444.2907409667969,785.677734375,1491.3564453125,359.6337585449219,3633.00146484375,1179.331787109375,3100.110107421875,12240.1611328125,1756.7987060546875,3529.01513671875,677.9830322265625,1234.822998046875,11004.5498046875,239.6513671875,1579.7056884765625,389.3976135253906,314.97247314453125,297.2884521484375,148.119873046875,2729.96826171875,1525.224365234375,459.84869384765625,1375.09326171875,1566.4637451171875
2024-08-28,1485.4715576171875,4186.3935546875,794.4927978515625,1822.7177734375,1204.325927734375,2656.01123046875,441.3619079589844,779.41845703125,1524.263671875,357.2306823730469,3619.608642578125,1169.0484619140625,3060.259521484375,12103.625,1778.839599609375,3505.413818359375,681.5786743164062,1220.6453857421875,10940.716796875,247.73782348632812,1586.950927734375,388.8272705078125,314.1271667480469,296.3392028808594,147.16241455078125,2746.853759765625,1527.8062744140625,455.4786682128906,1382.27197265625,1586.21533203125
2024-08-29,1507.90283203125,4191.73583984375,795.1964721679688,1817.3128662109375,1202.4071044921875,2676.092041015625,448.2845764160156,784.3295288085938,1533.616943359375,354.42877197265625,3614.114013671875,1173.4913330078125,3050.81103515625,12197.9462890625,1766.4200439453125,3511.077880859375,697.7340087890625,1226.5465087890625,10928.251953125,249.6378173828125,1616.854248046875,389.63519287109375,313.04705810546875,297.96649169921875,146.4634552001953,2707.192138671875,1546.582763671875,456.51708984375,1368.8131103515625,1586.5584716796875
2024-08-30,1496.6995849609375,4230.70947265625,794.395751953125,1827.041748046875,1209.5904541015625,2669.126220703125,445.44451904296875,785.3887939453125,1556.28955078125,355.13671875,3634.9150390625,1173.341552734375,3061.532470703125,12148.1904296875,1788.4610595703125,3542.82763671875,711.2273559570312,1224.685791015625,11006.060546875,249.498779296875,1618.146484375,395.6237487792969,316.8979187011719,299.0061340332031,146.26239013671875,2754.118408203125,1536.3966064453125,454.2672119140625,1388.6014404296875,1622.1900634765625
2024-09-02,1503.267822265625,4200.3291015625,789.5668334960938,1846.59326171875,1210.3284912109375,2679.7431640625,452.677734375,791.6961669921875,1538.954345703125,355.0270080566406,3613.770751953125,1186.86962890625,3085.17822265625,12172.0888671875,1782.86474609375,3565.087646484375,734.924560546875,1229.16650390625,11125.8408203125,246.7415008544922,1667.4312744140625,389.73028564453125,315.1603088378906,294.892822265625,146.37730407714844,2726.237548828125,1545.9256591796875,450.7191467285156,1357.1614990234375,1614.1031494140625
2024-09-03,1496.203857421875,4192.24658203125,794.6140747070312,1824.73876953125,1227.79541015625,2684.787353515625,452.10089111328125,794.248046875,1528.4261474609375,355.7349853515625,3620.687744140625,1189.6650390625,3088.9970703125,12142.4111328125,1778.495849609375,3598.47705078125,726.40478515625,1239.3773193359375,11160.80078125,248.40977478027344,1652.479736328125,386.30828857421875,314.3150329589844,291.2767333984375,145.6783447265625,2733.9443359375,1543.5316162109375,449.6374816894531,1353.5474853515625,1620.5235595703125
2024-09-04,1501.5823974609375,4161.49462890625,796.7737426757812,1807.0670166015625,1216.62646484375,2729.89697265625,449.39398193359375,786.2554321289062,1529.6993408203125,355.7349853515625,3582.07861328125,1175.78759765625,3164.193603515625,12082.810546875,1799.4569091796875,3585.111328125,721.0410766601562,1241.3363037109375,11277.3193359375,240.5782012939453,1647.680419921875,385.072509765625,312.67138671875,284.2253112792969,144.7495880126953,2699.338623046875,1544.6583251953125,435.8351135253906,1340.3848876953125,1619.249267578125
2024-09-05,1480.192138671875,4158.4287109375,798.5450439453125,1817.125,1216.23291015625,2727.20703125,453.6983947753906,788.422119140625,1515.3023681640625,354.5683288574219,3555.93017578125,1178.633056640625,3170.65625,12045.9345703125,1793.22265625,3699.540771484375,715.647705078125,1226.7178955078125,11240.5087890625,243.21958923339844,1652.5721435546875,383.3139953613281,311.12164306640625,281.51324462890625,145.26663208007812,2673.322998046875,1539.2130126953125,430.0805358886719,1322.32470703125,1595.5765380859375
2024-09-06,1452.2830810546875,4140.5908203125,794.419921875,1787.703369140625,1188.8763427734375,2727.687255859375,445.2669982910156,753.514892578125,1507.516357421875,351.8162536621094,3507.460205078125,1156.8682861328125,3205.365966796875,11935.7958984375,1791.3082275390625,3672.36181640625,722.7845458984375,1225.8853759765625,11133.58203125,241.25010681152344,1620.776611328125,375.28173828125,309.759765625,279.16278076171875,144.78790283203125,2648.780029296875,1523.95703125,422.7682800292969,1316.676513671875,1579.2066650390625
2024-09-09,1449.9283447265625,4133.9013671875,799.0546264648438,1780.9356689453125,1215.2979736328125,2807.290283203125,454.1865539550781,755.2000122070312,1510.84619140625,357.0013427734375,3510.943359375,1168.94873046875,3212.268798828125,11896.224609375,1788.6573486328125,3661.48046875,725.777587890625,1232.5213623046875,11193.47265625,238.58551025390625,1612.1470947265625,370.57647705078125,308.585693359375,270.21295166015625,143.11233520507812,2659.33349609375,1482.6014404296875,419.2203674316406,1314.4549560546875,1588.1268310546875
2024-09-10,1449.0113525390625,4188.06640625,800.923095703125,1797.5263671875,1217.5614013671875,2784.99951171875,455.8284606933594,753.6593017578125,1545.3204345703125,357.29052734375,3528.457275390625,1185.2720947265625,3226.2705078125,12011.4580078125,1802.8931884765625,3704.06201171875,715.346435546875,1241.70361328125,11238.9501953125,243.63668823242188,1642.00439453125,376.7075500488281,313.84539794921875,267.2296142578125,143.064453125,2640.827880859375,1509.0765380859375,424.97491455078125,1313.3685302734375,1599.7425537109375
2024-09-11,1439.0721435546875,4161.58740234375,797.7928466796875,1795.50537109375,1216.62646484375,2790.33203125,456.49407958984375,740.1297607421875,1545.271484375,356.8218688964844,3470.37158203125,1184.1739501953125,3297.158935546875,11991.0849609375,1812.0728759765625,3687.8642578125,725.5899047851562,1237.467529296875,11186.75390625,238.3538055419922,1641.68115234375,370.3863525390625,312.953125,257.9181823730469,141.8676300048828,2605.7314453125,1504.5701904296875,418.78765869140625,1305.8839111328125,1596.1646728515625
2024-09-12,1467.1298828125,4197.21728515625,808.8092651367188,1833.386474609375,1232.174560546875,2840.534423828125,461.0648193359375,758.5703735351562,1612.7999267578125,364.4399108886719,3553.82080078125,1201.3958740234375,3312.629638671875,12146.083984375,1831.4139404296875,3740.68115234375,733.7638549804688,1237.957275390625,11403.720703125,245.62933349609375,1668.30810546875,384.83489990234375,317.64935302734375,265.828369140625,145.28578186035156,2690.797607421875,1542.733642578125,428.91229248046875,1319.974609375,1624.4935302734375
2024-09-13,1460.016357421875,4201.76953125,808.4938354492188,1827.417724609375,1230.403076171875,2818.003173828125,456.0503234863281,761.5555419921875,1600.7535400390625,363.02398681640625,3544.989990234375,1215.4730224609375,3287.955322265625,12063.0263671875,1819.9761962890625,3743.4140625,750.5761108398438,1239.69580078125,11411.220703125,255.15234375,1673.107421875,381.5554504394531,316.75701904296875,263.4779968261719,146.96133422851562,2689.030517578125,1554.750732421875,424.2393798828125,1315.40283203125,1626.89501953125
2024-09-16,1458.752197265625,4193.0830078125,810.9202880859375,1833.198486328125,1242.7037353515625,2754.734130859375,453.60968017578125,756.451904296875,1601.73291015625,365.2077331542969,3593.31298828125,1229.051025390625,3266.169921875,12036.5322265625,1829.008544921875,3717.22900390625,725.6096801757812,1248.6087646484375,11337.8916015625,255.75477600097656,1672.2305908203125,390.7759094238281,317.6962585449219,264.42718505859375,147.65072631835938,2706.995849609375,1548.1319580078125,426.8354797363281,1312.7169189453125,1626.60107421875
2024-09-17,1459.6942138671875,4186.02197265625,809.876953125,1835.360595703125,1247.8699951171875,2760.88330078125,450.636474609375,753.9000854492188,1627.49072265625,368.26885986328125,3625.642822265625,1230.09912109375,3243.64990234375,11994.1708984375,1832.10107421875,3743.8115234375,727.560546875,1247.2620849609375,11340.8134765625,255.75477600097656,1673.9842529296875,395.7187805175781,316.42828369140625,266.3708190917969,146.31983947753906,2736.692626953125,1550.5260009765625,422.72503662109375,1309.665771484375,1638.7559814453125
2024-09-18,1450.919921875,4037.836669921875,822.4949340820312,1778.585693359375,1267.796875,2763.14111328125,450.2814636230469,763.3851928710938,1620.781982421875,366.88287353515625,3660.229248046875,1238.4356689453125,3206.296142578125,11953.3759765625,1802.549560546875,3702.02490234375,753.7963256835938,1271.895263671875,11326.44921875,249.38294982910156,1621.1458740234375,393.67510986328125,313.9862976074219,262.52874755859375,144.19427490234375,2756.867431640625,1507.1988525390625,421.5135192871094,1297.0562744140625,1618.9552001953125
2024-09-19,1457.0916748046875,3991.383544921875,829.1435546875,1780.5125732421875,1271.388671875,2797.63427734375,451.0802307128906,760.6889038085938,1630.5267333984375,373.3143310546875,3614.359375,1240.6820068359375,3225.095703125,12097.748046875,1812.4163818359375,3757.276611328125,749.7710571289062,1290.0396728515625,11323.13671875,247.1585693359375,1602.68701171875,402.99066162109375,314.5498046875,257.87298583984375,143.17935180664062,2746.363037109375,1497.7635498046875,413.5955810546875,1284.170166015625,1605.3299560546875
2024-09-20,1473.2025146484375,3980.931396484375,845.0130004882812,1791.3695068359375,1317.09765625,2860.903564453125,456.5384521484375,752.7445068359375,1676.4599609375,379.8056335449219,3722.48486328125,1242.978271484375,3237.921875,12355.3447265625,1831.7574462890625,3773.425048828125,748.9907836914062,1322.04345703125,11489.466796875,249.8231658935547,1624.42236328125,402.99066162109375,320.1382751464844,258.77703857421875,145.5538787841797,2896.909912109375,1522.83056640625,424.84515380859375,1293.76806640625,1606.26123046875
2024-09-23,1480.5887451171875,3965.695068359375,854.0396728515625,1782.6275634765625,1300.8116455078125,2909.856689453125,458.8016357421875,772.1480712890625,1714.362060546875,385.8282775878906,3716.401611328125,1244.775390625,3209.037841796875,12422.53515625,1828.7630615234375,3796.181640625,750.2402954101562,1334.580322265625,11648.9306640625,247.87686157226562,1617.7310791015625,407.1731262207031,320.4200439453125,267.09405517578125,147.44007873535156,2994.05078125,1508.841796875,433.19586181640625,1314.1685791015625,1625.375732421875
2024-09-24,1476.6229248046875,3968.296630859375,858.04345703125,1784.6484375,1297.5643310546875,2834.91357421875,457.2928466796875,768.6814575195312,1720.4342041015625,381.83978271484375,3720.228271484375,1237.537109375,3180.594482421875,12476.8955078125,1834.064697265625,3761.201904296875,746.2002563476562,1320.500732421875,11453.775390625,250.03170776367188,1638.7740478515625,406.93548583984375,328.77923583984375,270.7101745605469,153.70188903808594,3018.103271484375,1536.959716796875,436.3975830078125,1313.3587646484375,1605.1829833984375
2024-09-25,1481.15869140625,3971.501220703125,863.4060668945312,1781.546630859375,1302.7305908203125,2833.37646484375,459.3341369628906,763.72216796875,1724.1070556640625,378.4993896484375,3722.43603515625,1266.0406494140625,3177.0205078125,12522.6357421875,1836.47021484375,3713.850341796875,753.0851440429688,1320.9659423828125,11506.9951171875,248.4792938232422,1645.0501708984375,414.5399475097656,341.64678955078125,270.0321350097656,154.78384399414062,3034.547119140625,1504.7109375,437.2629699707031,1321.4755859375,1610.72119140625
2024-09-26,1485.12451171875,3987.992431640625,865.51708984375,1786.199462890625,1307.84765625,2869.070556640625,463.94921875,772.1480712890625,1734.5863037109375,379.3669128417969,3691.332275390625,1275.0262451171875,3208.646484375,13108.8408203125,1863.812744140625,3734.0234375,767.3588256835938,1349.4437255859375,11749.185546875,251.12074279785156,1646.3883056640625,413.1141357421875,343.24346923828125,266.8680419921875,158.56582641601562,3122.950927734375,1508.6541748046875,438.3446044921875,1331.9324951171875,1589.744384765625
2024-09-27,1513.10791015625,4003.043701171875,850.56982421875,1792.3094482421875,1285.7557373046875,2849.99853515625,463.90484619140625,772.9185180664062,1698.8388671875,373.4140319824219,3635.89599609375,1271.08251953125,3241.642822265625,13218.3427734375,1913.1961669921875,3792.802978515625,766.1338500976562,1344.6444091796875,11639.4345703125,251.07435607910156,1669.04638671875,415.3003845214844,332.7240295410156,268.67608642578125,159.46583557128906,3125.4541015625,1510.8133544921875,446.6087646484375,1333.0185546875,1639.442138671875
2024-09-30,1463.9324951171875,3965.695068359375,840.572509765625,1763.0289306640625,1252.69189453125,2842.360107421875,459.86663818359375,758.71484375,1674.3052978515625,369.7247009277344,3606.36279296875,1230.1990966796875,3259.60986328125,12966.03515625,1891.596923828125,3800.00732421875,760.8985595703125,1317.3419189453125,11493.0693359375,250.91220092773438,1657.6944580078125,421.2889404296875,331.40911865234375,269.0377197265625,161.38076782226562,3038.326416015625,1480.723876953125,441.4599304199219,1333.354248046875,1621.40576171875
2024-10-01,1452.2830810546875,3983.71875,837.7333984375,1790.053466796875,1254.069580078125,2809.163818359375,458.135986328125,767.4296264648438,1663.678955078125,374.800048828125,3584.727783203125,1224.6580810546875,3208.93994140625,12895.5146484375,1884.969970703125,3752.307861328125,760.8985595703125,1325.71630859375,11527.2998046875,253.36825561523438,1676.5223388671875,418.3421936035156,329.483642578125,263.9299621582031,159.9254150390625,3107.635986328125,1525.9755859375,440.0321044921875,1332.860595703125,1631.943359375
2024-10-03,1394.928466796875,3932.481201171875,816.282958984375,1779.7607421875,1236.307373046875,2779.95556640625,455.0740966796875,764.6851806640625,1638.949462890625,363.5126037597656,3431.811279296875,1173.790771484375,3083.562744140625,12387.51953125,1876.0357666015625,3651.940185546875,734.3120727539062,1309.947265625,11417.8896484375,245.67568969726562,1641.496826171875,413.8269958496094,323.2377624511719,264.02032470703125,159.87754821777344,3072.6376953125,1505.9315185546875,434.7101745605469,1330.2044677734375,1623.8074951171875
2024-10-04,1374.653564453125,3950.5986328125,804.4658203125,1803.025146484375,1219.97216796875,2737.103271484375,446.9089050292969,767.1407470703125,1607.0706787109375,360.760498046875,3428.180908203125,1176.4864501953125,3008.36572265625,12346.7744140625,1875.25048828125,3647.120849609375,712.3336791992188,1272.385009765625,11150.52734375,247.2512664794922,1639.6968994140625,409.1693115234375,318.2597961425781,266.91326904296875,159.65733337402344,2962.292236328125,1517.572998046875,430.253662109375,1309.981689453125,1591.2147216796875
2024-10-07,1358.9888916015625,3969.736572265625,785.1264038085938,1818.205810546875,1214.215576171875,2722.35498046875,452.8109130859375,742.1038208007812,1627.7845458984375,357.0212707519531,3403.06298828125,1143.8394775390625,2998.329833984375,12270.1318359375,1870.5379638671875,3566.777099609375,718.0677490234375,1260.484619140625,10936.3828125,246.27810668945312,1640.02001953125,394.9108581542969,308.96136474609375,261.6698913574219,157.36898803710938,3004.2607421875,1519.544677734375,415.7589111328125,1305.3704833984375,1592.5379638671875
2024-10-08,1385.3858642578125,3951.527099609375,801.2627563476562,1831.6005859375,1216.8724365234375,2708.3271484375,450.8139953613281,752.5037841796875,1623.2794189453125,359.64373779296875,3465.9072265625,1151.42724609375,3023.591552734375,12274.4912109375,1882.2210693359375,3471.4775390625,709.9234008789062,1264.353515625,11091.6591796875,244.19277954101562,1651.556884765625,400.1389465332031,307.270751953125,265.2859802246094,152.73486328125,3107.979736328125,1529.4490966796875,425.62396240234375,1314.484375,1608.2706298828125
2024-10-09,1362.8306884765625,3951.248779296875,792.5758666992188,1835.5484619140625,1224.302001953125,2660.4306640625,436.3918151855469,767.8629760742188,1643.503662109375,359.1252136230469,3421.4599609375,1168.2498779296875,3014.58349609375,12498.5419921875,1895.671630859375,3471.576904296875,721.1348266601562,1232.1539306640625,11053.046875,246.1390838623047,1670.246337890625,397.7625732421875,309.7127685546875,260.8110656738281,152.29443359375,3095.364501953125,1557.3323974609375,421.3837585449219,1316.2222900390625,1647.2840576171875
2024-10-10,1359.31103515625,3927.510498046875,806.7709350585938,1803.82421875,1223.6624755859375,2646.7392578125,436.7024841308594,767.5740356445312,1643.503662109375,374.1419677734375,3395.213623046875,1182.326904296875,2995.24560546875,12678.1728515625,1853.3568115234375,3425.666259765625,723.0364379882812,1230.415283203125,11130.85546875,243.28909301757812,1669.27734375,401.8024597167969,314.03326416015625,261.0370788574219,152.92636108398438,3135.909423828125,1520.6240234375,422.3788757324219,1300.0777587890625,1586.901611328125
2024-10-11,1360.35205078125,3854.858642578125,801.2385864257812,1818.9578857421875,1203.489501953125,2674.122314453125,433.2855529785156,770.1258544921875,1652.612060546875,375.3983459472656,3416.995849609375,1170.546142578125,2973.802490234375,12514.1640625,1867.2979736328125,3452.64599609375,721.2880249023438,1230.0970458984375,11122.3349609375,244.818359375,1697.888427734375,401.6123352050781,309.9945068359375,264.47235107421875,153.8263702392578,3077.055419921875,1546.30126953125,426.5758361816406,1303.25732421875,1564.2091064453125
2024-10-14,1360.7734375,3843.198486328125,819.2433471679688,1841.3294677734375,1212.099853515625,2679.791259765625,441.0513000488281,775.325927734375,1660.6429443359375,381.0620422363281,3488.131103515625,1162.459228515625,2975.712158203125,12280.26953125,1874.9559326171875,3475.899658203125,712.0817260742188,1225.322265625,11004.501953125,254.66578674316406,1712.8863525390625,403.513427734375,310.6050720214844,259.0030517578125,151.58590698242188,3097.2294921875,1588.9710693359375,431.2054443359375,1315.2447509765625,1566.855712890625
2024-10-15,1332.5174560546875,3824.756103515625,817.3021240234375,1841.70556640625,1235.470947265625,2672.44091796875,442.4713439941406,774.8444213867188,1681.8465576171875,377.95098876953125,3485.040283203125,1151.976318359375,3003.07861328125,12191.041015625,1863.8616943359375,3486.532470703125,693.1259765625,1216.605224609375,11118.05078125,246.97320556640625,1725.9921875,405.50958251953125,309.8066711425781,256.47174072265625,149.01031494140625,3098.11328125,1572.8699951171875,427.8739013671875,1305.7159423828125,1540.6834716796875
2024-10-16,1342.4813232421875,3804.45654296875,824.9214477539062,1804.858154296875,1223.3179931640625,2672.248779296875,437.72308349609375,775.61474609375,1698.2021484375,374.1918029785156,3466.103515625,1151.3272705078125,3017.765380859375,12129.482421875,1863.9107666015625,3449.267578125,687.1448974609375,1205.8310546875,11025.9267578125,246.60250854492188,1721.515869140625,403.27581787109375,307.3177185058594,258.0085754394531,148.6369171142578,3011.918212890625,1558.74072265625,428.9988098144531,1325.3167724609375,1531.322265625
2024-10-17,1344.811279296875,3817.51025390625,811.988037109375,1849.9771728515625,1211.60791015625,2631.318115234375,433.9067687988281,781.00732421875,1666.0784912109375,371.7388916015625,3503.093994140625,1130.0120849609375,2992.063232421875,11894.265625,1855.1240234375,3382.041015625,681.529296875,1164.914306640625,10728.9091796875,245.0269012451172,1723.8692626953125,397.0971374511719,311.0277099609375,254.57333374023438,145.91769409179688,2910.408447265625,1595.073486328125,423.9365234375,1323.9638671875,1527.891357421875
2024-10-18,1347.66162109375,3839.907958984375,816.210205078125,1766.7889404296875,1244.327392578125,2610.613037109375,431.9542541503906,790.0110473632812,1672.640380859375,373.1348571777344,3510.452880859375,1194.906494140625,2929.69287109375,11856.41015625,1875.5450439453125,3360.278076171875,681.5342407226562,1150.9815673828125,10779.548828125,254.2487335205078,1714.5474853515625,403.9411926269531,311.8730163574219,256.110107421875,148.78053283691406,2910.064697265625,1584.6524658203125,425.9268798828125,1331.28076171875,1521.02978515625
2024-10-21,1357.476806640625,3799.675048828125,838.9466552734375,1741.5504150390625,1238.9644775390625,2587.986083984375,429.2473449707031,783.7999267578125,1657.6558837890625,356.8118896484375,3518.10595703125,1188.3671875,2985.55224609375,11925.755859375,1862.438232421875,3342.192138671875,669.8140258789062,1153.136474609375,10584.7841796875,253.9938507080078,1701.5340576171875,403.9887390136719,311.0277099609375,250.0531768798828,148.4358367919922,2943.39404296875,1597.1387939453125,420.0424499511719,1322.6505126953125,1493.6322021484375
2024-10-22,1331.8482666015625,3739.744140625,832.0796508789062,1740.4693603515625,1247.279541015625,2576.600341796875,427.60540771484375,761.1222534179688,1657.3619384765625,351.6168518066406,3445.793212890625,1173.8406982421875,2944.08642578125,11678.3447265625,1853.1605224609375,3308.951416015625,659.6397094726562,1150.9815673828125,10541.7900390625,252.76580810546875,1693.3123779296875,395.1960144042969,303.1381530761719,244.80982971191406,143.99319458007812,2834.42333984375,1592.7734375,405.28814697265625,1315.7384033203125,1480.4970703125
2024-10-23,1327.0645751953125,3787.009033203125,842.3924560546875,1760.9610595703125,1231.6331787109375,2555.078125,426.3185729980469,756.88525390625,1651.044921875,352.544189453125,3390.356689453125,1158.5157470703125,2927.294189453125,11710.5693359375,1805.838623046875,3268.009521484375,691.041748046875,1139.6689453125,10471.5771484375,253.57676696777344,1714.67919921875,388.11431884765625,297.6435852050781,244.85507202148438,142.45167541503906,2742.435791015625,1629.7630615234375,410.263916015625,1304.975341796875,1456.2362060546875
2024-10-24,1328.3287353515625,3769.9189453125,849.1138305664062,1751.5142822265625,1232.764892578125,2406.921630859375,418.6415100097656,765.1184692382812,1643.846435546875,351.4273986816406,3377.8466796875,1165.454345703125,2909.9638671875,11522.0244140625,1815.2144775390625,3310.04443359375,695.4967041015625,1106.12255859375,10754.521484375,253.43777465820312,1713.8896484375,391.53631591796875,299.7568359375,243.27301025390625,142.64317321777344,2774.685546875,1629.575439453125,412.98980712890625,1299.998779296875,1462.8038330078125
2024-10-25,1316.4808349609375,3778.906494140625,846.0806884765625,1750.292236328125,1235.4217529296875,2428.9716796875,428.0491943359375,752.0223388671875,1631.653076171875,352.7535705566406,3263.784912109375,1187.4185791015625,2896.255859375,11266.5322265625,1826.505126953125,3246.09765625,682.5812377929688,1107.1265869140625,10707.388671875,251.83897399902344,1720.8106689453125,379.1790466308594,296.6104431152344,238.70767211914062,139.6558837890625,2671.114013671875,1611.4560546875,399.0143737792969,1286.5697021484375,1459.47119140625
2024-10-28,1322.9251708984375,3809.91943359375,841.6158447265625,1753.394287109375,1272.2252197265625,2474.8505859375,429.69110107421875,762.7111206054688,1629.0577392578125,348.9645080566406,3277.9140625,1169.697509765625,2939.190673828125,11247.3359375,1868.230712890625,3262.494140625,682.6997680664062,1112.6849365234375,10802.23828125,258.859619140625,1738.8330078125,383.9318542480469,298.95849609375,238.0748748779297,143.0261688232422,2730.16455078125,1598.406494140625,382.1832275390625,1295.0220947265625,1473.439453125
2024-10-29,1328.52685546875,3795.390869140625,850.1815185546875,1748.59326171875,1310.6029052734375,2447.8037109375,433.06365966796875,801.8554077148438,1603.348876953125,351.028564453125,3317.259033203125,1184.9227294921875,2930.378662109375,10819.0693359375,1837.5009765625,3262.842041015625,693.6791381835938,1110.4075927734375,10821.2275390625,260.52789306640625,1738.8330078125,391.7740173339844,301.0718078613281,239.56651306152344,143.67723083496094,2696.687744140625,1594.60400390625,385.5581359863281,1258.6844482421875,1448.345458984375
2024-10-30,1332.3935546875,3804.1455078125,841.8099975585938,1713.2276611328125,1291.21728515625,2454.817626953125,436.2586975097656,791.9850463867188,1599.67626953125,345.92327880859375,3344.192626953125,1168.49951171875,2934.098876953125,11025.1953125,1818.356201171875,3287.735107421875,687.0115356445312,1114.7664794921875,10911.79296875,261.9412841796875,1708.22265625,388.304443359375,299.09942626953125,236.5380096435547,142.63360595703125,2658.204345703125,1581.8829345703125,388.6733703613281,1234.1466064453125,1390.217529296875
2024-10-31,1320.64501953125,3695.92529296875,842.3438110351562,1670.589599609375,1271.6346435546875,2429.1640625,433.81805419921875,789.8184204101562,1579.35400390625,345.2252502441406,3554.114990234375,1157.6671142578125,2874.372314453125,10848.8935546875,1815.2144775390625,3246.594482421875,680.566162109375,1108.2283935546875,10775.9951171875,255.7084197998047,1640.638916015625,390.3607177734375,301.3066101074219,240.6061248779297,142.24102783203125,2678.67333984375,1523.8155517578125,391.1828918457031,1258.190673828125,1521.078857421875
2024-11-01,1327.1884765625,3710.59375,843.120361328125,1674.011962890625,1271.19189453125,2438.052001953125,435.1492919921875,790.7813720703125,1583.1246337890625,347.87762451171875,3558.0888671875,1167.65087890625,2878.48486328125,10881.75390625,1824.54150390625,3273.077392578125,683.9097900390625,1117.70458984375,10854.0458984375,255.49990844726562,1632.6031494140625,393.4212951660156,302.4806213378906,245.66868591308594,143.3804168701172,2766.14453125,1519.079345703125,393.0001220703125,1243.774169921875,1528.724609375
2024-11-04,1291.0009765625,3691.92041015625,831.8612060546875,1676.674072265625,1256.82470703125,2425.849365234375,430.0904846191406,799.1109008789062,1558.4442138671875,344.87628173828125,3507.16552734375,1137.4000244140625,2854.447265625,10825.38671875,1775.943359375,3201.826416015625,676.017333984375,1100.0255126953125,10713.8642578125,250.61094665527344,1637.759033203125,383.4745788574219,296.2817077636719,239.83767700195312,140.69952392578125,2831.232666015625,1551.99658203125,383.6110534667969,1252.3648681640625,1553.2794189453125
2024-11-05,1294.1240234375,3698.6259765625,853.0933227539062,1667.68994140625,1276.013671875,2422.53466796875,426.1853942871094,817.7442016601562,1545.8592529296875,350.4202880859375,3507.50927734375,1169.7972412109375,2827.03173828125,10940.6181640625,1770.7398681640625,3210.02490234375,684.5765380859375,1107.9835205078125,10883.7958984375,251.95486450195312,1647.606201171875,385.5308532714844,297.36181640625,241.73617553710938,145.8123779296875,2846.44921875,1546.5499267578125,390.2057189941406,1256.2158203125,1569.5513916015625
2024-11-06,1314.002197265625,3855.368408203125,851.8316040039062,1733.762451171875,1281.5736083984375,2430.650634765625,426.9841613769531,823.13671875,1565.838623046875,351.5071716308594,3576.8291015625,1164.605712890625,2836.82275390625,11120.9853515625,1794.1553955078125,3157.15771484375,692.0690307617188,1114.423583984375,10979.2802734375,261.315673828125,1707.8511962890625,391.07806396484375,299.14642333984375,243.22776794433594,147.08580017089844,2880.90771484375,1604.2384033203125,391.01324462890625,1285.740234375,1562.542724609375
2024-11-07,1294.470947265625,3865.845458984375,847.6094360351562,1714.1309814453125,1258.30078125,2406.156494140625,424.14410400390625,827.7589111328125,1543.312744140625,348.3761901855469,3577.90869140625,1158.0164794921875,2783.509521484375,11067.998046875,1758.3203125,3101.309814453125,682.023193359375,1108.1793212890625,10761.533203125,261.083984375,1701.859130859375,386.2002868652344,293.93359375,239.747314453125,144.5293731689453,2838.497314453125,1563.93212890625,390.6095275878906,1271.1754150390625,1544.99658203125
2024-11-08,1272.758544921875,3862.213623046875,851.4432983398438,1739.704345703125,1238.7674560546875,2437.45458984375,424.2772216796875,811.9183349609375,1537.534423828125,348.1568298339844,3591.39990234375,1159.064697265625,2711.6416015625,11070.7890625,1776.6304931640625,3166.30029296875,681.1785278320312,1124.2425537109375,10754.2783203125,263.6790466308594,1707.01513671875,380.3183898925781,297.03314208984375,237.35162353515625,141.29315185546875,2920.52001953125,1592.681640625,380.47076416015625,1267.52197265625,1561.121337890625
2024-11-11,1261.802978515625,3910.36328125,857.1942138671875,1768.367431640625,1249.0509033203125,2421.27099609375,423.30096435546875,816.2515869140625,1528.377197265625,347.7978515625,3560.5419921875,1169.0985107421875,2490.016357421875,11165.501953125,1761.90380859375,3186.52294921875,669.6066284179688,1116.113037109375,10683.287109375,265.764404296875,1734.6988525390625,375.4406433105469,309.759765625,232.24388122558594,138.84202575683594,2877.030029296875,1614.279296875,378.2276611328125,1271.7186279296875,1522.108154296875
2024-11-12,1263.33984375,3909.152587890625,833.8509521484375,1776.638427734375,1250.330078125,2392.548583984375,419.66217041015625,796.07763671875,1523.5782470703125,343.2908630371094,3523.747802734375,1156.2694091796875,2423.19091796875,10914.173828125,1768.0399169921875,3178.423828125,655.7182006835938,1104.9228515625,10606.8896484375,264.4436950683594,1739.8548583984375,363.7245788574219,303.0911865234375,231.5658721923828,138.0377655029297,2845.565673828125,1598.0338134765625,371.4984436035156,1248.0201416015625,1495.004638671875
2024-11-13,1241.3299560546875,3865.333740234375,815.9674682617188,1776.2581787109375,1233.6995849609375,2395.902099609375,419.08526611328125,778.6962280273438,1518.4853515625,336.6001281738281,3481.16455078125,1137.30029296875,2418.931884765625,10822.5947265625,1746.5880126953125,3167.890380859375,648.5862426757812,1094.6629638671875,10499.9638671875,263.6790466308594,1732.329833984375,364.72882080078125,298.6767883300781,228.31141662597656,133.2504425048828,2747.786376953125,1587.23486328125,365.083251953125,1229.357666015625,1475.841064453125
2024-11-14,1256.746826171875,3861.18896484375,821.5,1772.5980224609375,1236.897705078125,2322.27392578125,413.5382995605469,774.459228515625,1518.5343017578125,340.59857177734375,3459.873291015625,1138.84765625,2431.317626953125,10779.9384765625,1735.98486328125,3163.76611328125,646.921875,1068.9769287109375,10447.669921875,262.61322021484375,1726.941650390625,356.2645263671875,297.34295654296875,226.7293701171875,132.11105346679688,2755.885498046875,1598.50732421875,367.6403503417969,1211.28759765625,1470.1065673828125
2024-11-18,1249.9554443359375,3743.469482421875,827.4934692382812,1722.1165771484375,1233.45361328125,2355.030029296875,414.07080078125,784.136962890625,1505.3126220703125,343.56005859375,3475.4736328125,1124.37109375,2431.85595703125,10866.033203125,1715.9073486328125,3152.437744140625,648.7789306640625,1083.8643798828125,10352.625,256.1950378417969,1704.6927490234375,350.71734619140625,297.2952880859375,226.59373474121094,135.20367431640625,2794.859619140625,1573.2154541015625,370.8703918457031,1178.5540771484375,1436.2884521484375
2024-11-19,1231.0189208984375,3762.142822265625,845.5225830078125,1734.7607421875,1229.173095703125,2342.83154296875,414.7807922363281,773.2554931640625,1494.0496826171875,344.55718994140625,3439.906005859375,1132.1085205078125,2436.024658203125,10734.1494140625,1744.8699951171875,3204.509521484375,651.4805908203125,1084.329833984375,10487.64453125,260.4352111816406,1691.2686767578125,350.71734619140625,300.1534423828125,229.69650268554688,133.52810668945312,2895.04443359375,1610.0166015625,369.8834228515625,1198.2039794921875,1442.464111328125
2024-11-21,1212.528564453125,3793.15576171875,845.0130004882812,1743.6021728515625,1230.5999755859375,2316.05322265625,405.7281494140625,751.8297119140625,1493.7069091796875,346.4218444824219,3417.927978515625,1137.30029296875,2381.540771484375,10638.310546875,1747.56982421875,3158.549072265625,638.6737670898438,1082.8851318359375,10668.09375,258.1877136230469,1705.946533203125,340.6271667480469,310.49041748046875,224.27825927734375,134.2557830810547,2882.576416015625,1612.4793701171875,364.2757263183594,1180.3314208984375,1436.5335693359375
2024-11-22,1254.565673828125,3953.111083984375,847.1483764648438,1808.4388427734375,1257.6612548828125,2376.754150390625,421.2596740722656,785.8221435546875,1536.94677734375,351.2778625488281,3535.6689453125,1140.544921875,2424.7451171875,10836.306640625,1762.591064453125,3287.983642578125,660.2374267578125,1100.5643310546875,11077.5390625,264.9071044921875,1763.59033203125,349.5218505859375,321.0179443359375,227.4736328125,136.70689392089844,2957.87451171875,1655.2957763671875,371.4984436035156,1199.19140625,1457.118408203125
2024-11-25,1275.9805908203125,4018.769775390625,866.560546875,1796.507568359375,1280.1959228515625,2402.219970703125,423.1678161621094,813.1701049804688,1546.201904296875,357.1210021972656,3682.35498046875,1154.02294921875,2412.485107421875,10798.6474609375,1766.1256103515625,3288.38134765625,660.3804931640625,1105.2900390625,11157.5380859375,269.9118957519531,1757.3662109375,352.34326171875,326.5437316894531,238.8658447265625,137.5590362548828,2989.927978515625,1641.2288818359375,374.5490417480469,1194.106201171875,1473.5865478515625
2024-11-26,1284.6060791015625,4053.787841796875,866.5363159179688,1829.2587890625,1284.132080078125,2409.7529296875,423.3453674316406,808.3072509765625,1544.73291015625,355.6950988769531,3632.903564453125,1142.9410400390625,2456.915771484375,10719.115234375,1729.505126953125,3306.665771484375,653.7178955078125,1109.354736328125,10829.9443359375,272.9472351074219,1764.6588134765625,345.8874816894531,322.7804870605469,235.4852294921875,138.32501220703125,2930.631591796875,1653.3538818359375,369.21051025390625,1193.4642333984375,1463.1959228515625
2024-11-27,1282.1275634765625,4035.021240234375,879.5181884765625,1829.591552734375,1279.9498291015625,2417.237060546875,423.30096435546875,803.2034912109375,1545.1246337890625,355.6153564453125,3629.076904296875,1147.7830810546875,2444.0673828125,10831.1650390625,1717.5762939453125,3271.040283203125,662.3363647460938,1113.6153564453125,10848.30078125,270.1204528808594,1756.7626953125,353.2039794921875,323.2091979980469,235.5315399169922,138.3824462890625,2949.873779296875,1664.15283203125,374.2798767089844,1184.82421875,1461.6766357421875
2024-11-28,1259.91943359375,3953.390625,870.224609375,1765.087646484375,1265.8287353515625,2393.22900390625,421.4815368652344,807.7775268554688,1528.230224609375,350.8291320800781,3597.041748046875,1130.6610107421875,2410.866943359375,10724.8935546875,1702.6534423828125,3192.237060546875,642.995361328125,1095.1527099609375,10709.9208984375,265.1619567871094,1710.1737060546875,346.2699890136719,317.8740234375,233.58651733398438,137.2909393310547,2845.712890625,1622.994140625,372.5302734375,1176.97412109375,1463.2449951171875
2024-11-29,1281.1361083984375,3977.558837890625,871.6320190429688,1766.2283935546875,1279.3594970703125,2426.22802734375,423.12347412109375,807.8738403320312,1593.6041259765625,352.03564453125,3654.685791015625,1134.454833984375,2432.003173828125,10846.689453125,1748.4534912109375,3228.657470703125,649.5642700195312,1094.369140625,10908.921875,267.78021240234375,1716.8160400390625,347.8002624511719,313.8249206542969,237.75442504882812,138.3920135498047,2911.881103515625,1621.9993896484375,373.6069641113281,1187.194091796875,1503.5816650390625
2024-12-02,1297.9410400390625,3982.9599609375,875.8298950195312,1787.095947265625,1283.8369140625,2409.704345703125,423.5228576660156,805.4183349609375,1609.71484375,349.7821350097656,3634.326171875,1135.2535400390625,2431.4638671875,11008.396484375,1775.5997314453125,3286.145263671875,656.947998046875,1102.7926025390625,11343.6357421875,270.88507080078125,1738.6005859375,342.5878601074219,312.3482360839844,238.54164123535156,140.1824951171875,2961.261474609375,1653.8748779296875,378.3622741699219,1206.399658203125,1477.8994140625
2024-12-03,1311.969970703125,4007.26806640625,886.3124389648438,1798.789306640625,1287.527099609375,2413.30078125,419.3959045410156,822.3182373046875,1587.1402587890625,348.9744873046875,3715.763916015625,1158.615478515625,2421.9990234375,11047.52734375,1767.2545166015625,3311.883056640625,659.397705078125,1107.6162109375,11542.1015625,270.3057861328125,1756.483642578125,351.4346923828125,314.0631408691406,242.9874267578125,140.30694580078125,2971.96240234375,1657.2376708984375,378.7211608886719,1209.1151123046875,1503.5816650390625
2024-12-04,1297.74267578125,4055.370849609375,902.7157592773438,1796.0799560546875,1295.0550537109375,2395.464599609375,414.5589294433594,827.8552856445312,1551.4415283203125,350.4901123046875,3718.56005859375,1157.5672607421875,2412.240234375,10901.1953125,1767.4017333984375,3343.384521484375,665.77392578125,1105.706298828125,11458.791015625,272.48382568359375,1762.893798828125,356.5036315917969,309.68060302734375,241.45921325683594,139.6463165283203,2976.3310546875,1666.8050537109375,373.83123779296875,1200.277587890625,1471.184814453125
2024-12-05,1310.7305908203125,4157.4912109375,905.457763671875,1839.4310302734375,1315.1788330078125,2424.7216796875,414.9139404296875,833.3922729492188,1582.04736328125,354.0099792480469,3759.42626953125,1164.5059814453125,2405.129150390625,10952.51953125,1780.410400390625,3419.505126953125,676.67919921875,1109.477294921875,11620.4462890625,277.3959045410156,1787.3724365234375,353.0605773925781,312.82464599609375,242.014892578125,140.81442260742188,3015.45263671875,1692.712646484375,375.4013977050781,1224.2723388671875,1468.63623046875
2024-12-06,1300.320556640625,4140.21484375,900.6531982421875,1827.5950927734375,1307.552490234375,2414.22412109375,418.15338134765625,831.658935546875,1564.908203125,354.3689270019531,3793.914306640625,1182.62646484375,2383.06103515625,11085.431640625,1771.9671630859375,3448.373291015625,676.6693115234375,1110.6036376953125,11538.3515625,275.5886535644531,1786.164794921875,353.3952941894531,313.3486022949219,240.85714721679688,141.98252868652344,3016.826904296875,1688.7816162109375,374.2798767089844,1237.9482421875,1448.1983642578125
2024-12-09,1284.0609130859375,4146.40771484375,907.520263671875,1828.783447265625,1301.205322265625,2333.50048828125,412.6507568359375,826.266357421875,1569.51123046875,356.22357177734375,3872.99755859375,1161.361083984375,2345.937744140625,11048.0654296875,1773.734375,3446.48486328125,678.4522705078125,1091.52880859375,11505.5341796875,281.520263671875,1774.2738037109375,353.7300720214844,313.53912353515625,239.79202270507812,143.50489807128906,2995.474365234375,1684.092529296875,371.4535827636719,1239.380126953125,1439.9644775390625
2024-12-10,1273.8489990234375,4128.15380859375,906.5982055664062,1852.45556640625,1309.2252197265625,2330.196044921875,413.0945129394531,835.3662719726562,1546.10400390625,357.9087219238281,3849.302001953125,1151.776611328125,2343.044189453125,10968.1416015625,1776.9742431640625,3453.987548828125,685.1544799804688,1084.4766845703125,11438.3408203125,285.5519104003906,1798.845458984375,353.0605773925781,312.3958740234375,237.93963623046875,143.9261932373047,3010.838134765625,1670.546875,371.4984436035156,1224.7659912109375,1426.4371337890625
2024-12-11,1267.2559814453125,4123.404296875,904.1716918945312,1876.79296875,1306.3223876953125,2334.083740234375,412.9169921875,829.684814453125,1553.3023681640625,357.9087219238281,3843.0224609375,1145.3870849609375,2370.899169921875,11046.0576171875,1780.950439453125,3451.3544921875,702.8261108398438,1097.5035400390625,11587.04296875,286.38604736328125,1793.7825927734375,349.56964111328125,312.0624084472656,237.66177368164062,144.19427490234375,3015.894287109375,1669.8363037109375,374.1004638671875,1222.98876953125,1425.35888671875
2024-12-12,1252.0870361328125,4149.01611328125,902.3032836914062,1889.00927734375,1308.04443359375,2279.263427734375,408.7900695800781,822.0775146484375,1577.3463134765625,352.7236633300781,3787.242431640625,1143.7896728515625,2343.681884765625,10937.974609375,1772.55615234375,3424.175537109375,703.8831176757812,1089.1781005859375,11546.5810546875,286.4787292480469,1798.7061767578125,340.10113525390625,313.6344299316406,235.3000030517578,144.36660766601562,3011.378173828125,1695.2227783203125,367.05718994140625,1229.7525634765625,1416.8309326171875
2024-12-13,1261.9517822265625,4166.6640625,908.3695678710938,1901.0830078125,1323.44482421875,2323.149169921875,417.1327209472656,829.6366577148438,1647.078369140625,360.0924377441406,3813.83251953125,1146.28564453125,2361.43408203125,11040.9638671875,1780.410400390625,3486.880615234375,709.5135498046875,1103.6005859375,11767.591796875,287.26654052734375,1828.9913330078125,341.58355712890625,318.0645446777344,235.4852294921875,142.61444091796875,3025.0732421875,1701.664306640625,368.13385009765625,1230.6905517578125,1418.693359375
2024-12-16,1257.4407958984375,4111.99609375,905.1907958984375,1882.402099609375,1324.6256103515625,2299.86962890625,417.2214660644531,829.0589599609375,1628.2742919921875,359.8531494140625,3804.854736328125,1149.0311279296875,2356.13818359375,11045.3232421875,1776.8270263671875,3416.672607421875,712.042236328125,1096.377197265625,11629.8916015625,286.5714111328125,1815.61376953125,337.5188293457031,319.1601257324219,233.216064453125,141.5037841796875,3028.460205078125,1681.913818359375,368.2684326171875,1253.994140625,1419.820556640625
2024-12-17,1234.6378173828125,4031.2490234375,889.6853637695312,1879.1220703125,1312.47265625,2297.05078125,416.73333740234375,819.044189453125,1581.9984130859375,355.78485107421875,3735.534423828125,1134.4049072265625,2310.775634765625,10880.333984375,1756.4549560546875,3384.77392578125,706.5501098632812,1078.8447265625,11466.7275390625,286.24700927734375,1812.0836181640625,333.83660888671875,314.2060546875,229.1407928466797,139.48353576660156,2985.902587890625,1677.366943359375,361.4943542480469,1231.974365234375,1422.173095703125
2024-12-18,1242.5196533203125,4049.27099609375,878.74169921875,1881.54638671875,1293.1854248046875,2293.114501953125,417.57647705078125,807.103515625,1568.874755859375,354.9771728515625,3687.407958984375,1120.4276123046875,2300.42822265625,10776.4130859375,1768.236328125,3380.599853515625,698.8107299804688,1071.5478515625,11456.015625,289.72259521484375,1821.1409912109375,326.85479736328125,306.34613037109375,226.13063049316406,138.31544494628906,2995.42529296875,1685.0872802734375,355.1239929199219,1259.3756103515625,1443.2972412109375
2024-12-19,1219.914794921875,3978.536376953125,870.3944702148438,1850.2213134765625,1266.3701171875,2293.74609375,414.07080078125,801.9515991210938,1567.3076171875,351.407470703125,3646.394775390625,1107.099365234375,2247.857421875,10730.28125,1790.0810546875,3335.832275390625,683.4110107421875,1058.0069580078125,11365.3037109375,289.8616027832031,1796.89453125,322.69439697265625,306.44140625,224.00042724609375,137.16647338867188,2959.54345703125,1661.8319091796875,351.669677734375,1308.9449462890625,1476.772216796875
2024-12-20,1194.9803466796875,3883.913330078125,859.7177734375,1827.3575439453125,1267.84619140625,2268.52294921875,412.384521484375,781.9221801757812,1545.5653076171875,347.7081298828125,3561.523193359375,1070.109375,2238.53955078125,10677.095703125,1775.8941650390625,3335.23583984375,676.466796875,1059.52490234375,11123.794921875,282.8641662597656,1775.62060546875,318.72528076171875,300.8680114746094,219.60098266601562,134.69619750976562,2853.22314453125,1597.1337890625,342.7422180175781,1326.7681884765625,1442.9542236328125
2024-12-23,1211.834716796875,3872.73779296875,874.0342407226562,1829.4013671875,1276.1121826171875,2273.3828125,420.9046936035156,790.7332763671875,1554.183837890625,348.06707763671875,3571.97265625,1077.3975830078125,2235.449951171875,10599.669921875,1781.53955078125,3375.68115234375,678.2892456054688,1053.697265625,11172.291015625,285.3665466308594,1767.86376953125,319.10784912109375,300.39166259765625,223.07420349121094,135.68240356445312,2856.119140625,1622.0941162109375,343.5946350097656,1324.4970703125,1446.8751220703125
2024-12-24,1212.2808837890625,3892.481689453125,872.6268920898438,1814.9034423828125,1276.5550537109375,2270.126953125,424.63226318359375,781.9702758789062,1551.2457275390625,348.8049621582031,3571.236572265625,1077.1480712890625,2240.15771484375,10516.0244140625,1785.859375,3332.403564453125,672.5106811523438,1061.0921630859375,11092.1943359375,282.9568176269531,1762.243408203125,320.6858825683594,295.4375,221.31442260742188,134.40896606445312,2875.16455078125,1614.98974609375,344.98529052734375,1333.927001953125,1446.5809326171875
2024-12-26,1206.1339111328125,3882.796142578125,869.0598754882812,1813.3348388671875,1276.6533203125,2267.4052734375,423.30096435546875,782.3555297851562,1566.524169921875,349.55279541015625,3561.1796875,1074.9515380859375,2218.972412109375,10672.150390625,1807.802001953125,3302.243896484375,673.2564697265625,1052.86474609375,11160.6552734375,282.7251281738281,1765.7735595703125,320.0642395019531,295.6280517578125,222.5184783935547,134.3898162841797,2921.25634765625,1609.1165771484375,346.8695068359375,1338.1236572265625,1461.0885009765625
2024-12-27,1210.595458984375,3878.837646484375,872.69970703125,1822.2237548828125,1286.6907958984375,2275.667236328125,424.765380859375,770.0296630859375,1566.866943359375,350.9687194824219,3540.1826171875,1075.7003173828125,2227.799560546875,10716.2744140625,1827.3394775390625,3288.48046875,682.34423828125,1060.5535888671875,11107.970703125,286.4787292480469,1757.6448974609375,320.39898681640625,294.7705993652344,219.4157257080078,133.0015106201172,2993.707275390625,1621.3837890625,341.3963317871094,1371.99267578125,1476.8211669921875
2024-12-30,1200.3338623046875,3873.203125,862.82373046875,1812.00390625,1273.9964599609375,2277.85400390625,423.3453674316406,759.1000366210938,1554.183837890625,347.1397705078125,3511.5810546875,1068.2125244140625,2244.326416015625,10577.09375,1849.576904296875,3236.955322265625,680.4180297851562,1057.7620849609375,10992.8642578125,281.47393798828125,1791.970947265625,316.9559020996094,293.0080871582031,215.47938537597656,131.057861328125,2948.00830078125,1649.0438232421875,339.0635681152344,1359.6004638671875,1491.3287353515625
2024-12-31,1205.043212890625,3813.598388671875,860.3729248046875,1787.2860107421875,1261.203857421875,2261.670654296875,429.2473449707031,765.503662109375,1555.016357421875,356.1836853027344,3539.74072265625,1062.970947265625,2237.558837890625,10635.3232421875,1851.9822998046875,3232.78125,673.9725952148438,1062.73291015625,11127.2529296875,279.75933837890625,1781.2410888671875,318.8208923339844,294.1037292480469,221.59230041503906,132.17808532714844,2952.131591796875,1616.2210693359375,344.6712646484375,1371.0545654296875,1498.778564453125
2025-01-01,1210.7935791015625,3830.036865234375,865.1773681640625,1789.6627197265625,1263.1719970703125,2257.0537109375,429.51361083984375,763.8185424804688,1562.802490234375,356.65234375,3598.46435546875,1070.0596923828125,2260.411376953125,10978.0341796875,1855.5164794921875,3233.477294921875,685.0656127929688,1062.3409423828125,11147.3623046875,278.32275390625,1776.1781005859375,319.10784912109375,295.72332763671875,219.46205139160156,130.92381286621094,3025.662353515625,1613.9949951171875,346.6900329589844,1351.7996826171875,1498.87646484375
2025-01-02,1231.167724609375,3888.9892578125,870.5158081054688,1861.296875,1270.0111083984375,2303.61181640625,434.0398864746094,771.522216796875,1576.5137939453125,366.37432861328125,3643.598388671875,1084.83544921875,2298.270751953125,11598.029296875,1843.7843017578125,3367.731201171875,729.9015502929688,1077.4979248046875,11488.8828125,281.56658935546875,1832.1495361328125,323.26824951171875,300.24871826171875,227.90896606445312,132.3025360107422,3152.402587890625,1635.876708984375,352.56689453125,1357.773681640625,1507.5025634765625
2025-01-03,1240.4376220703125,3818.34814453125,848.8953857421875,1843.1387939453125,1244.86865234375,2338.84619140625,427.42791748046875,764.0111083984375,1565.8875732421875,366.6734924316406,3591.007080078125,1083.1383056640625,2291.110595703125,11689.0703125,1815.9508056640625,3430.03857421875,731.6845703125,1093.4140625,11477.4892578125,272.9009094238281,1808.4140625,325.03759765625,301.10614013671875,239.7827911376953,132.47488403320312,3132.228271484375,1600.3544921875,353.1949157714844,1335.655029296875,1481.3792724609375
2025-01-06,1207.571533203125,3813.784423828125,830.1141967773438,1842.283203125,1243.933837890625,2309.63818359375,407.98931884765625,747.640869140625,1555.701904296875,354.9073791503906,3535.37451171875,1061.6732177734375,2223.631103515625,11514.1396484375,1813.741943359375,3448.671142578125,725.9652709960938,1070.0543212890625,11202.48046875,272.7618408203125,1814.359619140625,313.2259216308594,291.5313720703125,235.5871124267578,126.55774688720703,3048.92919921875,1597.37060546875,339.8262023925781,1333.3839111328125,1461.921630859375
2025-01-07,1230.2257080078125,3751.665283203125,831.521484375,1835.6282958984375,1258.8421630859375,2323.829345703125,406.5606994628906,749.9037475585938,1558.0523681640625,353.3917541503906,3574.719970703125,1065.7666015625,2248.5927734375,11480.4951171875,1819.632568359375,3483.154052734375,726.4196166992188,1083.5950927734375,11314.421875,272.5301513671875,1779.8477783203125,314.2779541015625,290.62628173828125,244.0432586669922,127.70672607421875,3052.021728515625,1583.01953125,340.7682800292969,1334.5689697265625,1467.8519287109375
2025-01-08,1254.664794921875,3826.264404296875,822.2522583007812,1837.81494140625,1243.58935546875,2333.74365234375,414.34906005859375,742.5853271484375,1566.230224609375,352.7137145996094,3528.65380859375,1073.2044677734375,2289.54150390625,11579.1259765625,1804.267578125,3462.23583984375,726.5628662109375,1087.1456298828125,11105.0498046875,275.7740173339844,1795.0364990234375,311.2173767089844,292.150634765625,251.30462646484375,126.9981918334961,3029.6875,1576.009765625,341.26177978515625,1353.5277099609375,1465.3525390625
2025-01-09,1244.0068359375,3761.49072265625,809.3916625976562,1822.7467041015625,1242.260986328125,2367.179931640625,414.8559875488281,732.2816772460938,1573.9185791015625,357.0113220214844,3461.491943359375,1060.02587890625,2305.087158203125,11499.349609375,1793.0753173828125,3465.217041015625,718.8629760742188,1104.849365234375,10965.0625,270.9082336425781,1797.4056396484375,306.38751220703125,290.81683349609375,243.75613403320312,124.40345764160156,3069.34912109375,1556.164794921875,333.9493408203125,1354.366943359375,1458.7847900390625
2025-01-10,1231.266845703125,3972.715576171875,804.0289916992188,1869.9478759765625,1229.9111328125,2373.6435546875,410.0631408691406,715.71875,1582.5860595703125,350.2308349609375,3469.586669921875,1039.010009765625,2276.202392578125,11392.1474609375,1752.282470703125,3418.7099609375,719.9100341796875,1100.8580322265625,10580.7919921875,278.5544738769531,1853.4234619140625,294.8149108886719,285.52923583984375,243.60794067382812,122.00980377197266,3036.314208984375,1615.6527099609375,330.629638671875,1337.3831787109375,1439.7684326171875
2025-01-13,1229.234375,3996.41845703125,791.4596557617188,1865.4322509765625,1210.1318359375,2382.343017578125,404.6712341308594,702.4780883789062,1564.271484375,346.6810607910156,3399.089111328125,1047.5960693359375,2209.40966796875,11261.48828125,1715.072998046875,3361.570068359375,706.3673706054688,1095.6915283203125,10337.287109375,270.4911804199219,1848.1282958984375,285.20294189453125,274.00140380859375,236.85598754882812,117.70120239257812,2944.817626953125,1572.1259765625,325.6051025390625,1318.3255615234375,1410.75341796875
2025-01-14,1228.143798828125,3942.354248046875,799.1031494140625,1844.374755859375,1220.5135498046875,2301.619384765625,402.4130859375,720.4373168945312,1567.1116943359375,349.11407470703125,3397.42138671875,1049.9423828125,2196.953369140625,11499.9375,1738.5865478515625,3301.697265625,724.5477294921875,1086.7294921875,10209.326171875,271.4179992675781,1684.7659912109375,296.8711853027344,276.52606201171875,241.15354919433594,121.53106689453125,2993.75634765625,1560.6168212890625,331.302490234375,1320.744873046875,1419.134521484375
2025-01-15,1241.478515625,3957.767822265625,797.3803100585938,1853.501220703125,1218.49609375,2306.52783203125,403.1043701171875,725.7816772460938,1574.3101806640625,356.8916931152344,3435.49072265625,1025.132568359375,2186.900146484375,11701.951171875,1724.8416748046875,3302.69091796875,708.9800415039062,1077.2286376953125,10246.234375,271.2326354980469,1696.052978515625,307.34393310546875,284.5289001464844,239.1251678466797,121.14807891845703,2906.137939453125,1587.56640625,336.10272216796875,1320.399169921875,1418.59521484375
2025-01-16,1255.6065673828125,3917.44140625,801.7481079101562,1833.3466796875,1229.173095703125,2279.31201171875,398.95672607421875,737.9149169921875,1596.5911865234375,360.0724792480469,3441.868408203125,1036.314453125,2173.071044921875,11843.873046875,1731.174072265625,3296.132080078125,717.1145629882812,1062.365478515625,10357.78515625,266.96929931640625,1664.9783935546875,311.3130798339844,283.576171875,243.75613403320312,122.3736343383789,2926.1162109375,1598.6492919921875,339.91595458984375,1286.3819580078125,1414.968505859375
2025-01-17,1291.19921875,3911.750244140625,794.3229370117188,1725.9193115234375,1205.9002685546875,2288.06005859375,405.731201171875,735.7964477539062,1593.9468994140625,350.70947265625,3501.474853515625,989.440673828125,2217.599365234375,11887.017578125,1754.0006103515625,3336.37841796875,709.4443969726562,1085.8233642578125,10303.0576171875,261.315673828125,1678.726318359375,311.93475341796875,288.2921447753906,246.89596557617188,124.73857879638672,2864.022216796875,1572.74169921875,347.81158447265625,1292.948486328125,1413.792236328125
2025-01-20,1294.272705078125,3867.64697265625,801.3598022460938,1723.87548828125,1213.28076171875,2279.506591796875,403.42694091796875,750.38525390625,1607.3155517578125,382.9964294433594,3525.366455078125,986.445556640625,2236.774169921875,11773.107421875,1745.8515625,3361.0732421875,734.9295043945312,1084.25634765625,10346.34375,278.2764587402344,1685.5765380859375,321.40325927734375,291.7695617675781,249.48001098632812,126.05988311767578,2835.306884765625,1586.28759765625,347.273193359375,1285.987060546875,1416.8798828125
2025-01-21,1262.7945556640625,3827.859130859375,797.0648803710938,1711.896728515625,1177.0677490234375,2274.938232421875,403.2886962890625,730.9334716796875,1592.624755859375,377.5720520019531,3474.44384765625,968.6245727539062,2216.9619140625,11639.55859375,1730.5848388671875,3332.354248046875,720.265625,1075.66162109375,10388.55859375,276.5155029296875,1691.394775390625,310.1653137207031,288.0539245605469,246.18276977539062,124.18324279785156,2769.727783203125,1553.9859619140625,342.33843994140625,1271.9654541015625,1399.7747802734375
2025-01-22,1266.16552734375,3942.38623046875,808.5423583984375,1764.8974609375,1181.299072265625,2277.3193359375,402.78173828125,725.5408935546875,1598.1092529296875,382.3981628417969,3451.974609375,957.7421875,2218.678466796875,11773.4013671875,1766.174560546875,3335.4345703125,730.6868896484375,1081.219970703125,10413.830078125,286.4787292480469,1715.136474609375,308.3481750488281,283.4809265136719,244.56192016601562,123.4364242553711,2774.78369140625,1595.1444091796875,340.2300109863281,1279.9637451171875,1410.9495849609375
2025-01-23,1252.8306884765625,3931.810546875,807.9843139648438,1773.45361328125,1182.5784912109375,2256.66455078125,405.731201171875,718.2705688476562,1602.271728515625,377.8811950683594,3437.305908203125,949.505615234375,2232.65478515625,11798.279296875,1800.193359375,3377.27099609375,735.2406616210938,1076.8858642578125,11121.9453125,294.4493713378906,1695.71142578125,309.5436706542969,280.4322509765625,243.6357421875,124.82474517822266,2833.686767578125,1623.04150390625,346.15167236328125,1273.1998291015625,1422.4671630859375
2025-01-24,1235.6292724609375,3938.355224609375,800.6561889648438,1782.96044921875,1189.90966796875,2301.764892578125,407.0215759277344,716.58544921875,1610.8902587890625,376.1561584472656,3393.10400390625,946.959716796875,2218.972412109375,11722.029296875,1789.0008544921875,3380.848388671875,734.7813110351562,1081.2689208984375,10990.4296875,296.6737365722656,1682.432861328125,309.5436706542969,281.861328125,237.5784454345703,124.22154998779297,2750.191650390625,1632.1824951171875,343.6842346191406,1209.016357421875,1383.5029296875
2025-01-27,1218.82421875,3855.648681640625,790.9500732421875,1732.1463623046875,1208.3604736328125,2325.82177734375,405.6390075683594,721.4483642578125,1569.5601806640625,375.19891357421875,3392.564208984375,946.5604248046875,2208.28173828125,11747.4453125,1754.2950439453125,3298.56689453125,720.6409912109375,1065.0345458984375,10945.2939453125,285.41290283203125,1606.5152587890625,308.1568908691406,273.42974853515625,232.2713165283203,120.99488830566406,2779.83984375,1566.6793212890625,337.134521484375,1182.6025390625,1368.50537109375
2025-01-28,1223.8310546875,3832.07958984375,810.6533813476562,1739.5142822265625,1227.0081787109375,2321.93408203125,401.3531188964844,724.5298461914062,1584.9854736328125,376.4652404785156,3349.637939453125,982.202392578125,2198.76806640625,11874.6767578125,1674.42724609375,3305.07568359375,751.376220703125,1055.9990234375,11000.6552734375,286.9725341796875,1588.966796875,304.3790588378906,270.5239562988281,230.32630920410156,123.14917755126953,2818.126953125,1561.421875,332.55865478515625,1166.4085693359375,1392.52099609375
2025-01-29,1224.921630859375,3888.5126953125,814.0020141601562,1788.474365234375,1231.6824951171875,2317.171142578125,399.41754150390625,730.355712890625,1567.4544677734375,382.966552734375,3384.763916015625,981.8031005859375,2180.475830078125,11731.8232421875,1703.7333984375,3349.645263671875,766.4945068359375,1067.9482421875,11242.650390625,295.33782958984375,1613.1312255859375,307.248291015625,274.23956298828125,232.84556579589844,125.23645782470703,2870.894287109375,1592.4921875,340.4543151855469,1166.3592529296875,1395.8048095703125
2025-01-30,1242.3214111328125,3888.75048828125,820.8933715820312,1768.224853515625,1235.5693359375,2341.2763671875,402.0444030761719,734.3519897460938,1606.9237060546875,379.2073669433594,3356.55517578125,983.1010131835938,2206.663330078125,11753.4697265625,1707.4150390625,3347.3095703125,780.5211181640625,1085.89697265625,11178.9150390625,292.0767822265625,1607.594482421875,308.9220275878906,281.38494873046875,237.7729034423828,125.54283905029297,2917.133056640625,1582.02490234375,345.478759765625,1179.4920654296875,1428.6427001953125
2025-01-31,1254.2681884765625,3900.463623046875,824.4118041992188,1787.095947265625,1232.814208984375,2399.644287109375,412.4595642089844,744.2705078125,1592.7716064453125,379.16748046875,3500.248291015625,984.4986572265625,2256.63525390625,12057.7373046875,1712.1766357421875,3468.39697265625,778.8863525390625,1132.837158203125,11186.75390625,294.81793212890625,1619.183837890625,312.29559326171875,287.3870544433594,243.2282257080078,128.8939666748047,2935.197021484375,1586.1455078125,360.4560546875,1202.054931640625,1450.1588134765625
2025-02-01,1253.7724609375,3863.236083984375,820.6264038085938,1760.0489501953125,1235.520263671875,2435.850830078125,426.33111572265625,737.6260375976562,1589.7845458984375,379.5264587402344,3382.60546875,996.5291748046875,2306.018798828125,12651.140625,1710.4583740234375,3529.76025390625,790.2460327148438,1139.693359375,10964.4296875,288.1068115234375,1589.6707763671875,306.22320556640625,276.14501953125,238.54164123535156,127.31415557861328,3020.50830078125,1559.5748291015625,350.80499267578125,1189.810791015625,1411.0474853515625
2025-02-03,1235.232666015625,3858.96826171875,814.3417358398438,1771.40966796875,1233.0108642578125,2373.546142578125,418.773193359375,732.7631225585938,1618.2845458984375,375.817138671875,3227.28515625,987.7933959960938,2248.24951171875,12870.0,1708.8876953125,3557.883056640625,832.29638671875,1134.7470703125,10882.1416015625,296.4248352050781,1587.7939453125,300.00616455078125,270.3810119628906,230.62269592285156,126.21308135986328,3115.29345703125,1567.4368896484375,340.5166931152344,1188.724609375,1392.47216796875
2025-02-04,1274.196044921875,3895.38916015625,835.161376953125,1805.158935546875,1247.9683837890625,2369.755859375,419.51055908203125,750.3370971679688,1627.1968994140625,384.59185791015625,3374.41259765625,1013.6513061523438,2309.15771484375,12840.6171875,1733.088623046875,3575.174072265625,837.1909790039062,1126.1033935546875,11217.6240234375,298.9297180175781,1625.8466796875,307.5726013183594,272.1435852050781,235.34629821777344,127.74501037597656,3130.755615234375,1571.5577392578125,342.83837890625,1204.622314453125,1420.4088134765625
2025-02-05,1267.2559814453125,3880.261474609375,843.363037109375,1803.4952392578125,1247.476318359375,2324.072265625,413.0586853027344,737.6741943359375,1626.217529296875,381.25146484375,3319.515869140625,1011.654541015625,2231.52685546875,12817.9423828125,1720.8162841796875,3469.042724609375,840.559326171875,1101.372314453125,11282.431640625,299.733154296875,1607.35986328125,308.0545349121094,271.7148742675781,242.3390655517578,128.68333435058594,3120.643798828125,1573.4049072265625,348.57440185546875,1212.126953125,1408.4010009765625
2025-02-06,1270.577392578125,3872.341796875,846.299072265625,1821.1781005859375,1252.101318359375,2306.236083984375,406.5606994628906,724.3853759765625,1586.3565673828125,382.08905029296875,3289.638916015625,1019.0425415039062,2219.953369140625,12805.4052734375,1720.5694580078125,3389.394775390625,840.3469848632812,1096.7197265625,11176.9169921875,300.5365905761719,1617.35400390625,301.50018310546875,267.8563232421875,237.2449951171875,126.90243530273438,3082.55322265625,1581.5513916015625,345.6153564453125,1221.112548828125,1442.4149169921875
2025-02-07,1255.8544921875,3821.7412109375,840.9121704101562,1809.769775390625,1236.8487548828125,2297.63427734375,397.11334228515625,709.8928833007812,1642.1815185546875,384.7414245605469,3274.087158203125,1022.43701171875,2227.407470703125,12781.408203125,1728.2735595703125,3403.35693359375,837.082275390625,1096.670654296875,11335.89453125,300.5838928222656,1619.3717041015625,305.50030517578125,268.0973205566406,235.1195831298828,132.42701721191406,3139.983642578125,1602.8646240234375,344.3861999511719,1224.8154296875,1443.150146484375
2025-02-10,1242.916259765625,3828.90234375,832.6619873046875,1787.5712890625,1242.4576416015625,2295.30126953125,393.7491455078125,709.5076293945312,1658.1455078125,390.9036560058594,3265.992431640625,1010.1070556640625,2226.57373046875,12635.7138671875,1710.7911376953125,3306.6162109375,818.5660400390625,1094.674560546875,11230.4287109375,301.5763244628906,1627.0665283203125,299.2832946777344,258.9888610839844,229.02667236328125,128.33863830566406,3079.902587890625,1609.4482421875,337.3300476074219,1205.609619140625,1430.0150146484375
2025-02-11,1224.2772216796875,3759.28466796875,825.6979370117188,1783.1507568359375,1232.764892578125,2250.395263671875,385.5459899902344,704.018798828125,1661.7691650390625,382.6175537109375,3178.66796875,1005.7640991210938,2197.836181640625,12462.9375,1678.839111328125,3261.251953125,809.1227416992188,1082.081787109375,11004.404296875,295.85772705078125,1617.0723876953125,294.560302734375,252.0009002685547,225.72044372558594,124.5758056640625,3029.5400390625,1581.07763671875,326.8595886230469,1194.599853515625,1424.427734375
2025-02-12,1206.1339111328125,3746.57568359375,828.3185424804688,1771.26708984375,1231.8299560546875,2267.162109375,383.7671203613281,705.9928588867188,1676.26416015625,387.6729736328125,3227.7265625,1005.2649536132812,2185.47802734375,12395.55078125,1673.01171875,3235.06689453125,811.3799438476562,1081.21923828125,11178.037109375,293.2110900878906,1611.5357666015625,295.186767578125,247.7598876953125,224.25625610351562,126.65350341796875,2932.59521484375,1591.59228515625,328.0887451171875,1200.5738525390625,1420.5556640625
2025-02-13,1205.6876220703125,3708.636962890625,823.9022216796875,1752.3485107421875,1228.976318359375,2256.470458984375,383.57989501953125,700.6965942382812,1679.2510986328125,393.4263610839844,3202.21630859375,1006.5628051757812,2193.4716796875,12410.9775390625,1724.8658447265625,3211.266845703125,830.6370239257812,1073.2349853515625,11244.208984375,291.6513977050781,1598.2103271484375,295.6205749511719,249.7840118408203,221.94192504882812,130.45465087890625,2923.563232421875,1586.9508056640625,329.2723388671875,1208.2265625,1443.0521240234375
2025-02-14,1206.827880859375,3732.06396484375,822.5191040039062,1764.849853515625,1239.99755859375,2253.40869140625,384.0948486328125,695.4003295898438,1681.6507568359375,389.3581237792969,3176.70556640625,995.8801879882812,2188.4697265625,12419.744140625,1679.579833984375,3193.13134765625,828.9873046875,1082.2542724609375,10969.005859375,291.22607421875,1605.8583984375,289.4999084472656,248.04908752441406,217.73828125,128.75035095214844,2888.810546875,1571.60498046875,322.4893798828125,1182.010009765625,1430.6031494140625
2025-02-17,1214.4124755859375,3703.2783203125,833.4384765625,1751.4453125,1231.1904296875,2264.14892578125,382.5500183105469,700.7447509765625,1641.0062255859375,387.94219970703125,3161.203125,991.3375854492188,2207.644287109375,12500.6962890625,1693.111328125,3212.956298828125,832.37548828125,1092.4320068359375,11189.333984375,288.626708984375,1604.5916748046875,291.42767333984375,253.68763732910156,220.71388244628906,128.5780029296875,2780.18310546875,1577.146484375,327.86114501953125,1183.8861083984375,1445.502685546875
2025-02-18,1214.908203125,3673.59130859375,836.2047119140625,1760.619384765625,1223.2196044921875,2231.684814453125,379.4136047363281,698.9151000976562,1634.493408203125,391.5418395996094,3159.534912109375,992.5357055664062,2194.648681640625,12523.517578125,1680.6663818359375,3201.677490234375,836.257568359375,1095.33984375,11012.876953125,295.1015319824219,1619.230712890625,299.9580078125,257.3021240234375,223.5005645751953,128.81736755371094,2739.049072265625,1615.0843505859375,328.7715759277344,1182.355712890625,1452.805419921875
2025-02-19,1216.9404296875,3589.08349609375,838.21875,1721.498779296875,1241.52294921875,2187.362060546875,380.49029541015625,700.3595581054688,1611.281982421875,395.859375,3214.235595703125,1009.7077026367188,2196.119873046875,12425.5234375,1655.9739990234375,3190.19970703125,833.644775390625,1086.7393798828125,10995.9814453125,296.8974914550781,1606.8436279296875,303.42791748046875,253.54302978515625,225.1064453125,129.9854736328125,2706.995849609375,1596.89697265625,329.8641357421875,1151.2020263671875,1435.2103271484375
2025-02-20,1222.4429931640625,3584.625244140625,818.7579956054688,1735.14111328125,1230.009521484375,2185.077880859375,376.4176025390625,702.670654296875,1609.616943359375,392.9776611328125,3214.1376953125,1015.5482177734375,2205.87890625,12185.06640625,1648.7637939453125,3171.4677734375,829.693603515625,1087.62646484375,10992.134765625,296.1412658691406,1583.617919921875,313.404052734375,256.1454772949219,228.50711059570312,132.1685028076172,2787.5458984375,1570.4208984375,335.00836181640625,1156.2379150390625,1450.452880859375
2025-02-21,1217.634521484375,3590.885498046875,821.378662109375,1725.49169921875,1213.28076171875,2178.85693359375,375.3409423828125,695.255859375,1605.45458984375,389.4877014160156,3252.69775390625,1007.3116455078125,2214.2646484375,12070.2744140625,1623.5279541015625,3159.98974609375,829.4219360351562,1091.66796875,10865.197265625,289.5719299316406,1595.9581298828125,314.4643249511719,252.4346160888672,226.6178436279297,134.77281188964844,2620.555419921875,1562.5113525390625,336.8292541503906,1137.3287353515625,1446.5809326171875
2025-02-24,1204.151123046875,3486.175048828125,813.9049682617188,1677.1016845703125,1198.9136962890625,2178.662841796875,376.2771911621094,689.8633422851562,1568.2869873046875,392.0902404785156,3196.378173828125,1008.4097900390625,2203.08349609375,12091.5771484375,1619.330322265625,3153.13330078125,825.2978515625,1094.3541259765625,10753.5966796875,278.89080810546875,1542.79736328125,308.5364990234375,249.7840118408203,221.37513732910156,131.7950897216797,2659.6767578125,1528.5992431640625,332.140380859375,1149.91845703125,1447.561279296875
2025-02-25,1193.69140625,3442.498046875,816.4528198242188,1680.524169921875,1204.6212158203125,2196.0126953125,379.03912353515625,684.5670776367188,1607.560302734375,392.319580078125,3165.176513671875,1007.4613037109375,2182.045166015625,12220.033203125,1593.7490234375,3178.771728515625,838.51953125,1109.139892578125,10677.1513671875,275.34613037109375,1535.3367919921875,307.1870422363281,246.50689697265625,220.09986877441406,131.23977661132812,2727.072021484375,1509.8907470703125,328.817138671875,1113.975830078125,1434.426025390625
2025-02-27,1196.7647705078125,3426.3740234375,825.358154296875,1677.2918701171875,1202.9482421875,2182.064697265625,375.9963073730469,677.8263549804688,1616.3748779296875,388.39093017578125,3149.08544921875,1015.0490112304688,2171.158203125,12126.25,1627.23193359375,3202.919677734375,859.9151611328125,1122.841552734375,10174.171875,278.37091064453125,1528.861572265625,304.2954406738281,246.9888153076172,218.21060180664062,132.7908477783203,2676.7099609375,1504.4913330078125,331.2754211425781,1111.408447265625,1412.6649169921875
2025-02-28,1189.82470703125,3303.73779296875,840.7423706054688,1604.469482421875,1184.8909912109375,2128.896728515625,369.8171081542969,663.2857055664062,1537.8282470703125,379.49652099609375,3104.294921875,1013.90087890625,2137.908935546875,11700.4306640625,1573.6494140625,3057.982666015625,842.6189575195312,1079.1986083984375,9863.3271484375,262.4437255859375,1478.046630859375,300.1989440917969,241.7839813232422,212.77896118164062,131.36424255371094,2537.845703125,1409.385986328125,336.2830505371094,1102.47216796875,1379.6800537109375
2025-03-03,1161.2216796875,3313.03271484375,825.770751953125,1624.3387451171875,1186.9573974609375,2115.87255859375,372.11090087890625,669.5448608398438,1562.9005126953125,381.8198547363281,3137.115234375,1005.6143188476562,2124.815185546875,11533.6787109375,1565.599609375,3062.703125,852.2548217773438,1077.177734375,10070.1181640625,268.0206298828125,1475.5599365234375,303.0423889160156,243.3743438720703,212.6656036376953,132.6759796142578,2564.155517578125,1414.3118896484375,328.0887451171875,1105.533203125,1379.72900390625
2025-03-04,1151.9517822265625,3350.022705078125,829.8715209960938,1605.0399169921875,1191.0904541015625,2096.918701171875,369.6766662597656,689.5262451171875,1542.8720703125,380.4637451171875,3152.51953125,1000.1732177734375,2091.173583984375,11377.6025390625,1547.2283935546875,3029.412841796875,848.115966796875,1057.931396484375,10098.650390625,264.6650390625,1440.932373046875,302.4158935546875,244.82012939453125,214.20535278320312,133.4132080078125,2565.5791015625,1409.76513671875,331.2754211425781,1106.0762939453125,1374.0926513671875
2025-03-05,1165.534423828125,3364.24951171875,820.1654052734375,1627.0958251953125,1196.305908203125,2109.6513671875,379.2263488769531,703.2965698242188,1584.8875732421875,385.50921630859375,3178.66796875,1012.802734375,2122.608154296875,11378.6796875,1562.9820556640625,3067.224609375,819.7415161132812,1082.8211669921875,10190.2890625,269.4857482910156,1476.0760498046875,314.4161071777344,254.84425354003906,216.2646484375,139.88568115234375,2676.7587890625,1456.9862060546875,335.2814636230469,1112.247802734375,1391.6878662109375
2025-03-06,1199.2432861328125,3415.988525390625,820.7477416992188,1631.231201171875,1198.6185302734375,2156.79296875,379.8349304199219,704.93359375,1593.3592529296875,383.2357482910156,3198.53662109375,1032.420654296875,2224.1708984375,11426.7236328125,1594.14404296875,3101.558349609375,830.8197021484375,1084.89111328125,10218.8203125,270.24188232421875,1487.8062744140625,325.6934509277344,257.012939453125,219.72203063964844,144.04107666015625,2692.27001953125,1424.1634521484375,348.3467712402344,1125.775634765625,1432.857666015625
2025-03-07,1239.0992431640625,3425.093505859375,819.8013916015625,1602.853271484375,1195.17431640625,2142.796630859375,378.149658203125,705.607666015625,1597.0809326171875,385.9678649902344,3183.622802734375,1035.965087890625,2226.4267578125,11424.51953125,1589.501953125,3060.069580078125,830.1924438476562,1103.250244140625,10305.3935546875,269.2021179199219,1461.999755859375,317.6450500488281,253.7840118408203,219.99595642089844,145.11343383789062,2677.986328125,1413.648681640625,346.5713195800781,1119.0115966796875,1429.6229248046875
2025-03-10,1227.796875,3404.654296875,818.9521484375,1617.5413818359375,1195.469482421875,2184.7861328125,379.1795654296875,701.9003295898438,1597.32568359375,383.2457275390625,3117.884033203125,1034.1678466796875,2234.86181640625,11348.0234375,1591.6748046875,3007.8486328125,824.0780029296875,1108.154296875,10244.724609375,265.5157165527344,1453.8826904296875,317.50048828125,261.4949035644531,210.83302307128906,144.62513732910156,2653.19775390625,1408.438720703125,341.563720703125,1106.1256103515625,1433.8380126953125
2025-03-11,1236.62060546875,3391.043701171875,817.9815673828125,1579.6566162109375,1225.5321044921875,2154.84912109375,380.3030700683594,702.8151245117188,1628.6658935546875,385.9280090332031,3135.300048828125,1023.9844360351562,2243.492431640625,11407.6728515625,1634.93603515625,3027.325927734375,823.8656005859375,1109.6328125,10165.9912109375,262.53826904296875,1471.2900390625,318.36798095703125,257.63946533203125,214.16757202148438,144.337890625,2597.23974609375,1401.1922607421875,345.11456298828125,1102.6202392578125,1417.1739501953125
2025-03-12,1246.2872314453125,3325.505126953125,830.4296264648438,1512.3958740234375,1224.105224609375,2131.47265625,386.1077575683594,696.2670288085938,1608.9803466796875,395.37078857421875,3133.53369140625,1009.5579833984375,2208.085693359375,11400.962890625,1656.2208251953125,3000.047607421875,838.08984375,1082.081787109375,10245.0166015625,253.8421173095703,1445.7183837890625,318.2234191894531,257.4466552734375,211.97601318359375,143.9070281982422,2604.798828125,1362.4493408203125,346.61688232421875,1091.2647705078125,1425.554931640625
2025-03-13,1237.2154541015625,3330.105224609375,828.221435546875,1501.9381103515625,1230.10791015625,2113.8798828125,385.7800598144531,700.8892211914062,1598.84375,395.8793029785156,3127.303466796875,1008.5595703125,2188.4697265625,11277.2578125,1662.739501953125,2991.302734375,831.7679443359375,1080.3321533203125,10178.50390625,249.54132080078125,1440.2286376953125,319.9101867675781,257.976806640625,212.948974609375,144.46237182617188,2595.177978515625,1364.67529296875,344.4317321777344,1094.0294189453125,1433.0047607421875
2025-03-17,1228.242919921875,3317.44287109375,830.065673828125,1511.63525390625,1248.7557373046875,2110.42919921875,381.9414978027344,696.36328125,1605.356689453125,397.4747009277344,3113.7138671875,1032.470703125,2176.945068359375,11316.337890625,1683.333251953125,2998.4580078125,847.562744140625,1071.6578369140625,10271.0185546875,245.61862182617188,1449.9881591796875,319.66925048828125,257.6876525878906,217.02037048339844,145.35279846191406,2655.700927734375,1364.154296875,351.21478271484375,1136.2423095703125,1463.097900390625
2025-03-18,1228.242919921875,3317.44287109375,830.065673828125,1511.63525390625,1248.7557373046875,2110.42919921875,383.0181884765625,696.36328125,1605.356689453125,397.4747009277344,3113.7138671875,1032.470703125,2176.945068359375,11316.337890625,1683.333251953125,2998.4580078125,847.562744140625,1071.6578369140625,10271.0185546875,245.61862182617188,1449.9881591796875,319.66925048828125,257.6876525878906,217.02037048339844,145.35279846191406,2655.700927734375,1364.154296875,351.21478271484375,1136.2423095703125,1463.097900390625
2025-03-19,1236.471923828125,3316.8740234375,846.42041015625,1508.307861328125,1292.1519775390625,2138.422607421875,377.35382080078125,717.5001831054688,1603.3978271484375,403.14837646484375,3257.06396484375,1050.3416748046875,2236.921142578125,11376.91796875,1711.0380859375,3057.038818359375,862.503173828125,1076.4139404296875,10647.060546875,251.14822387695312,1449.3311767578125,328.9706115722656,267.181640625,219.6936798095703,151.85400390625,2738.116455078125,1322.52197265625,360.4105224609375,1157.3734130859375,1469.5184326171875
2025-03-20,1258.283447265625,3379.52001953125,858.3831176757812,1535.877685546875,1300.6148681640625,2179.586181640625,378.1965026855469,721.7853393554688,1670.0938720703125,405.96026611328125,3287.97119140625,1052.637939453125,2243.29638671875,11489.2119140625,1728.7178955078125,3173.107421875,857.3716430664062,1094.9208984375,10661.5703125,253.32225036621094,1465.80029296875,329.4043884277344,270.21783447265625,222.5464630126953,152.27528381347656,2776.403564453125,1336.1627197265625,360.9112548828125,1172.2838134765625,1482.16357421875
2025-03-21,1265.421875,3393.699462890625,859.15966796875,1514.011962890625,1321.673583984375,2183.27978515625,379.6944580078125,725.3001708984375,1690.2203369140625,414.6053466796875,3351.649169921875,1068.4122314453125,2256.242919921875,11491.7587890625,1762.5465087890625,3142.897705078125,880.72802734375,1118.2333984375,10689.421875,249.8248748779297,1470.2108154296875,338.609375,272.8684387207031,228.9983367919922,150.5901336669922,2750.633544921875,1334.93115234375,369.1055603027344,1185.071044921875,1493.7303466796875
2025-03-24,1290.951416015625,3441.9287109375,873.5489501953125,1514.2021484375,1336.4835205078125,2192.99951171875,384.703369140625,751.8778076171875,1683.3646240234375,433.97955322265625,3416.308837890625,1096.067138671875,2277.9189453125,11677.3173828125,1762.8428955078125,3059.8212890625,897.9107666015625,1115.6212158203125,10761.9228515625,254.6455535888672,1505.3544921875,353.69403076171875,281.3022155761719,230.3302764892578,151.681640625,2723.9794921875,1381.72607421875,369.6518249511719,1195.0936279296875,1493.9263916015625
2025-03-25,1274.4439697265625,3469.244873046875,883.958740234375,1548.1414794921875,1322.263916015625,2207.6767578125,383.67352294921875,744.2222900390625,1694.8233642578125,432.7530822753906,3404.28955078125,1116.7337646484375,2286.010498046875,11625.0634765625,1743.0394287109375,3034.580078125,895.6585693359375,1111.333251953125,11122.2373046875,256.157958984375,1524.826416015625,353.69403076171875,280.4829406738281,228.83775329589844,150.06353759765625,2685.9873046875,1378.7421875,362.64117431640625,1163.1007080078125,1481.330322265625
2025-03-26,1262.150146484375,3448.42578125,876.7277221679688,1520.571533203125,1314.58837890625,2183.03662109375,381.3797302246094,735.7001342773438,1702.70751953125,427.7475280761719,3379.956298828125,1094.4698486328125,2278.55615234375,11493.2275390625,1737.310791015625,3038.3564453125,875.7841186523438,1105.714599609375,11103.63671875,252.75509643554688,1532.8028564453125,341.8383483886719,280.3383483886719,226.4478302001953,149.1826629638672,2692.123046875,1341.609375,359.45452880859375,1149.9677734375,1447.02197265625
2025-03-27,1267.2559814453125,3463.0322265625,885.8514404296875,1524.469482421875,1315.326416015625,2181.773193359375,383.3458557128906,743.6926879882812,1689.142822265625,424.5068359375,3435.687255859375,1096.56640625,2293.219482421875,11481.1318359375,1710.1490478515625,3068.317626953125,889.39599609375,1105.024658203125,11295.9677734375,257.292236328125,1529.753173828125,347.62158203125,284.8203125,228.7621612548828,148.8092498779297,2683.041748046875,1348.8087158203125,361.3210144042969,1147.597900390625,1453.5897216796875
2025-03-28,1264.1824951171875,3420.303955078125,887.2344970703125,1493.1920166015625,1326.8397216796875,2195.5751953125,383.626708984375,742.9223022460938,1697.6636962890625,432.99237060546875,3426.562255859375,1100.21044921875,2295.72021484375,11285.4365234375,1713.359130859375,3044.169921875,883.6419677734375,1109.3125,11208.2744140625,247.88717651367188,1494.421875,344.6817932128906,279.8564147949219,232.7390899658203,147.679443359375,2617.0703125,1343.45654296875,362.5501403808594,1129.8240966796875,1413.694091796875
2025-04-01,1241.8751220703125,3367.806396484375,857.9464111328125,1451.21923828125,1297.416748046875,2171.27587890625,380.724365234375,743.1149291992188,1688.6043701171875,427.9468994140625,3372.10693359375,1083.8370361328125,2271.54345703125,11245.228515625,1677.456298828125,2968.248046875,859.2039794921875,1101.05712890625,11080.8017578125,248.21800231933594,1436.099609375,339.4286804199219,278.84429931640625,234.3355255126953,146.60707092285156,2589.68017578125,1321.5748291015625,362.04937744140625,1137.7235107421875,1415.70361328125
2025-04-02,1240.4376220703125,3361.3095703125,872.0444946289062,1473.7030029296875,1310.0125732421875,2175.2119140625,382.9713439941406,747.20751953125,1718.426513671875,429.68194580078125,3355.52490234375,1082.68896484375,2262.372802734375,11475.4013671875,1692.5682373046875,3079.0498046875,856.34423828125,1089.5732421875,10956.4443359375,249.16322326660156,1433.4720458984375,339.0431213378906,276.3865051269531,236.7632293701172,148.1103057861328,2589.336669921875,1348.00341796875,361.91278076171875,1135.5511474609375,1423.6434326171875
2025-04-03,1238.008544921875,3227.765380859375,871.0496215820312,1422.69873046875,1308.3397216796875,2181.676025390625,383.29901123046875,750.3370971679688,1710.00390625,425.2945251464844,3355.77001953125,1088.0802001953125,2304.302490234375,11447.9765625,1748.2249755859375,3107.968017578125,848.970458984375,1106.798828125,11302.783203125,242.310302734375,1379.560302734375,345.9348449707031,288.2901916503906,229.83905029296875,147.08580017089844,2563.7138671875,1297.13525390625,361.5030517578125,1136.9830322265625,1466.1365966796875
2025-04-04,1194.38525390625,3129.36279296875,881.94482421875,1380.0606689453125,1313.998046875,2181.676025390625,383.57989501953125,739.0223388671875,1707.50634765625,425.1649475097656,3198.781982421875,1089.5279541015625,2310.8251953125,11246.111328125,1688.321044921875,3056.939208984375,861.2437744140625,1114.93115234375,11197.6611328125,232.8107147216797,1334.5166015625,337.74188232421875,283.278076171875,213.4968719482422,134.41854858398438,2549.086181640625,1251.287841796875,350.5774230957031,1096.00439453125,1387.27685546875
2025-04-07,1155.71923828125,3105.31884765625,853.0205078125,1327.8680419921875,1267.009765625,2186.389892578125,380.16259765625,719.2335815429688,1651.87744140625,406.3990173339844,3010.739501953125,1046.2481689453125,2296.4072265625,11096.98828125,1645.8499755859375,3003.27734375,846.3428955078125,1108.449951171875,10898.6474609375,229.596923828125,1289.47265625,337.1635437011719,278.94073486328125,207.66848754882812,123.97259521484375,2445.7109375,1220.0755615234375,343.703369140625,1074.2315673828125,1357.33056640625
2025-04-08,1172.0780029296875,3123.244873046875,858.5773315429688,1358.3375244140625,1279.1627197265625,2225.123779296875,386.2481689453125,740.1297607421875,1684.9315185546875,409.84906005859375,3101.5966796875,1076.099609375,2348.24267578125,11223.4853515625,1667.579345703125,3102.750732421875,871.45751953125,1121.4615478515625,10975.43359375,233.70867919921875,1316.9212646484375,340.1997985839844,278.50701904296875,214.1108856201172,124.73857879638672,2477.518798828125,1245.083251953125,348.57440185546875,1094.0294189453125,1404.2349853515625
2025-04-09,1175.2010498046875,3079.28369140625,856.5632934570312,1334.47509765625,1280.04833984375,2284.172119140625,389.75909423828125,714.7077026367188,1680.181640625,409.3604736328125,2996.65966796875,1059.9261474609375,2364.866943359375,11222.017578125,1631.8739013671875,3154.27587890625,862.9180297851562,1155.6910400390625,11098.7197265625,223.689208984375,1295.00927734375,336.7298583984375,282.7961730957031,209.6522216796875,121.77043151855469,2476.97900390625,1205.6297607421875,341.06298828125,1080.30419921875,1387.619873046875
2025-04-11,1208.5133056640625,3064.96142578125,876.8247680664062,1339.941650390625,1290.7252197265625,2299.86962890625,394.6744079589844,725.9260864257812,1720.38525390625,421.02685546875,3057.29638671875,1067.214111328125,2347.654052734375,11360.7568359375,1666.789306640625,3214.645751953125,881.221923828125,1163.8477783203125,11201.556640625,226.61944580078125,1304.9095458984375,347.09149169921875,293.1094970703125,217.615478515625,127.74501037597656,2533.182373046875,1214.6287841796875,356.9962463378906,1095.56005859375,1434.132080078125
2025-04-15,1229.4822998046875,3080.80078125,905.0452880859375,1355.675537109375,1328.66015625,2295.35009765625,393.59771728515625,735.2186279296875,1761.71533203125,422.82171630859375,3196.280029296875,1110.9930419921875,2369.329833984375,11611.4482421875,1684.0245361328125,3252.904541015625,902.9434814453125,1167.051513671875,11412.2421875,230.6366729736328,1338.6455078125,349.40478515625,293.5431823730469,219.80703735351562,130.60784912109375,2597.63232421875,1233.052978515625,359.8642272949219,1140.3896484375,1452.5113525390625
2025-04-16,1228.689208984375,3105.081787109375,911.4027709960938,1343.41162109375,1334.7613525390625,2300.30712890625,397.3895568847656,743.1630859375,1785.0245361328125,423.4598388671875,3166.94287109375,1159.414306640625,2412.681396484375,11424.3720703125,1672.27099609375,3251.61279296875,894.5966796875,1174.6416015625,11421.0068359375,234.08677673339844,1343.525146484375,346.32037353515625,294.6998291015625,227.86476135253906,131.14401245117188,2586.440673828125,1239.6839599609375,363.50616455078125,1143.845703125,1466.8228759765625
2025-04-17,1263.5877685546875,3128.888427734375,925.3309936523438,1349.49609375,1384.2587890625,2308.4716796875,400.0110168457031,767.9110717773438,1850.153564453125,436.3626708984375,3186.173828125,1188.8663330078125,2420.527587890625,11454.7353515625,1729.9525146484375,3306.665771484375,905.0672607421875,1191.0540771484375,11589.478515625,223.92552185058594,1349.4371337890625,350.8505554199219,297.8323669433594,230.0091094970703,131.30677795410156,2630.421630859375,1237.8841552734375,363.1419677734375,1148.980224609375,1485.2510986328125
2025-04-21,1284.407958984375,3150.41845703125,935.231201171875,1379.442626953125,1387.3095703125,2285.143798828125,395.8915100097656,786.4480590820312,1844.5711669921875,446.9920654296875,3218.7490234375,1221.0140380859375,2398.0673828125,11503.7080078125,1723.43359375,3315.212158203125,916.0317993164062,1182.57666015625,11621.6142578125,225.39064025878906,1390.7274169921875,351.3807067871094,308.434814453125,235.9508514404297,133.260009765625,2713.47509765625,1301.0665283203125,364.6442565917969,1162.6070556640625,1481.232177734375
2025-04-22,1280.1446533203125,3143.58935546875,952.0227661132812,1352.63330078125,1393.902587890625,2331.508056640625,405.9561767578125,791.9369506835938,1814.0142822265625,452.456298828125,3196.476318359375,1214.8240966796875,2385.31689453125,11492.93359375,1725.9029541015625,3316.503662109375,914.7476196289062,1186.4703369140625,11645.9599609375,221.3261260986328,1388.7567138671875,347.236083984375,301.2540588378906,234.06158447265625,132.2834014892578,2765.604736328125,1303.908203125,362.9143371582031,1160.2371826171875,1497.9942626953125
2025-04-23,1288.869384765625,3237.108154296875,933.67822265625,1402.1639404296875,1401.676513671875,2355.90478515625,403.3815002441406,783.3184204101562,1842.8082275390625,444.12030029296875,3238.863037109375,1204.940185546875,2406.011962890625,11662.3798828125,1766.7935791015625,3336.279296875,920.9214477539062,1199.333984375,11636.2216796875,230.2585906982422,1495.82958984375,350.6578369140625,303.5673828125,238.20852661132812,135.15579223632812,2864.4638671875,1363.6806640625,363.2330322265625,1171.098876953125,1503.3856201171875
2025-04-24,1290.4556884765625,3226.295654296875,930.2326049804688,1398.8365478515625,1380.3226318359375,2260.1640625,402.6324768066406,783.270263671875,1807.5504150390625,443.3226013183594,3238.470703125,1205.1397705078125,2417.094970703125,11649.646484375,1781.7078857421875,3361.421142578125,918.7482299804688,1199.2353515625,11840.724609375,229.45513916015625,1488.9791259765625,350.07952880859375,303.0372009277344,235.56353759765625,135.50048828125,2848.363525390625,1368.9853515625,364.05242919921875,1185.416748046875,1521.02978515625
2025-04-25,1289.2659912109375,3270.304443359375,927.5148315429688,1407.2025146484375,1382.38916015625,2266.870849609375,400.52593994140625,769.066650390625,1779.73583984375,439.61328125,3210.50732421875,1164.4061279296875,2384.9248046875,11457.673828125,1765.4107666015625,3344.1298828125,900.0789794921875,1189.5260009765625,11916.68359375,227.70645141601562,1481.00244140625,343.5733337402344,295.4226989746094,232.69186401367188,132.9440460205078,2811.843505859375,1384.8994140625,357.9522399902344,1160.0396728515625,1495.73974609375
2025-04-28,1357.080322265625,3266.0361328125,931.882568359375,1409.0087890625,1406.00634765625,2253.651611328125,401.4621887207031,787.0739135742188,1784.2412109375,443.84112548828125,3264.66796875,1190.863037109375,2405.129150390625,11602.6328125,1818.944091796875,3348.005615234375,898.2021484375,1185.82958984375,11796.90234375,227.328369140625,1470.656005859375,348.4408874511719,297.3986511230469,236.7254638671875,136.027099609375,2877.030029296875,1384.42578125,361.5941162109375,1183.6392822265625,1524.362548828125
2025-04-29,1387.7156982421875,3293.54150390625,926.3501586914062,1423.6494140625,1406.9903564453125,2256.66455078125,398.8407287597656,782.4517211914062,1786.199951171875,439.73297119140625,3259.76220703125,1185.3720703125,2404.050537109375,11597.736328125,1783.2882080078125,3357.446044921875,898.2021484375,1176.711669921875,11558.31640625,228.17906188964844,1489.35595703125,344.0552978515625,292.00103759765625,232.0778350830078,135.48133850097656,2856.413818359375,1416.4432373046875,354.26483154296875,1161.2244873046875,1511.0313720703125
2025-04-30,1392.9703369140625,3275.710205078125,934.2120361328125,1426.1212158203125,1404.235107421875,2276.49365234375,398.6534729003906,759.4370727539062,1826.060791015625,440.3511962890625,3278.110107421875,1183.07568359375,2379.1376953125,12005.189453125,1809.7584228515625,3358.5390625,852.9117431640625,1177.0565185546875,11336.2841796875,228.27359008789062,1487.93212890625,341.7419738769531,296.3384094238281,230.9159393310547,134.12173461914062,2875.262939453125,1423.737060546875,350.80499267578125,1169.0252685546875,1519.46142578125
2025-05-02,1407.6436767578125,3254.18017578125,932.7077026367188,1432.5858154296875,1407.2855224609375,2253.651611328125,402.1175537109375,767.1889038085938,1810.0968017578125,435.08636474609375,3272.125,1181.4783935546875,2363.7392578125,12150.1484375,1802.1531982421875,3321.0751953125,876.026123046875,1149.259033203125,11309.0166015625,228.44374084472656,1492.5833740234375,336.1033020019531,292.097412109375,229.30062866210938,135.38558959960938,2863.874755859375,1415.3065185546875,349.16619873046875,1163.1007080078125,1484.5650634765625
2025-05-05,1419.0452880859375,3276.27978515625,939.9386596679688,1434.2020263671875,1406.5968017578125,2282.8115234375,409.0926208496094,760.737060546875,1827.5299072265625,415.781982421875,3267.513427734375,1171.2947998046875,2390.123046875,12202.060546875,1814.005615234375,3301.00146484375,882.2986450195312,1147.48486328125,11364.525390625,230.230224609375,1488.976318359375,336.0069274902344,297.061279296875,225.9566192626953,136.0366668701172,2966.26806640625,1415.7801513671875,351.07818603515625,1156.5836181640625,1512.40380859375
2025-05-06,1408.7342529296875,3281.68603515625,937.4635620117188,1436.958984375,1408.7615966796875,2315.081298828125,407.7818298339844,745.426025390625,1861.808349609375,413.60821533203125,3271.241943359375,1159.5140380859375,2371.585693359375,12322.533203125,1796.7208251953125,3278.642578125,869.0128173828125,1161.4327392578125,11386.9228515625,227.9805908203125,1498.943115234375,329.4525451660156,296.48297119140625,223.87840270996094,138.29629516601562,3012.310791015625,1417.2957763671875,344.3861999511719,1145.8206787109375,1481.5263671875
2025-05-07,1393.9617919921875,3267.5537109375,944.2093505859375,1433.916748046875,1412.5010986328125,2304.389404296875,403.662353515625,747.3519287109375,1857.6949462890625,417.7762145996094,3258.879150390625,1159.414306640625,2289.29638671875,12373.46484375,1759.385986328125,3317.994384765625,887.68212890625,1152.5118408203125,11352.83984375,230.6744842529297,1483.9453125,329.6935119628906,299.8564758300781,225.45596313476562,139.78993225097656,3062.869384765625,1416.3485107421875,348.98406982421875,1146.11669921875,1478.977783203125
2025-05-08,1394.9532470703125,3271.15771484375,935.91064453125,1436.8638916015625,1412.5994873046875,2288.9345703125,403.1474609375,740.514892578125,1836.246337890625,421.3060302734375,3261.33203125,1170.29638671875,2258.401123046875,12137.416015625,1745.459228515625,3348.2041015625,872.4700317382812,1153.6455078125,11326.5458984375,228.3397674560547,1500.462158203125,327.7175598144531,297.1094665527344,220.3076934814453,137.5590362548828,2977.656494140625,1423.5477294921875,350.94158935546875,1133.576416015625,1457.41259765625
2025-05-09,1365.408447265625,3263.001220703125,917.0807495117188,1433.2513427734375,1366.742919921875,2267.551025390625,396.5469055175781,750.38525390625,1810.292724609375,419.4115295410156,3379.072998046875,1149.230712890625,2255.45849609375,11998.333984375,1723.3349609375,3488.3212890625,854.7150268554688,1146.104736328125,11066.53515625,228.7556610107422,1489.7357177734375,322.6572570800781,288.48291015625,221.9513702392578,136.70689392089844,2927.588623046875,1414.9276123046875,348.1646728515625,1141.3770751953125,1450.7469482421875
2025-05-12,1424.20068359375,3433.8193359375,949.8389282226562,1546.66796875,1425.39208984375,2315.761962890625,407.73504638671875,771.95556640625,1832.23095703125,427.7674255371094,3519.67578125,1201.0465087890625,2311.16796875,12356.814453125,1665.4556884765625,3540.592041015625,892.0549926757812,1174.8880615234375,11428.7978515625,243.1893768310547,1585.513916015625,335.9587097167969,297.88055419921875,230.50975036621094,145.18045043945312,3047.947265625,1490.1402587890625,360.09185791015625,1180.5782470703125,1481.722412109375
2025-05-13,1403.5787353515625,3333.851318359375,933.0473022460938,1491.2430419921875,1407.777587890625,2293.89208984375,400.6195983886719,772.0518188476562,1783.0657958984375,421.9043273925781,3499.85595703125,1191.6617431640625,2279.978759765625,12225.56640625,1679.0860595703125,3540.89013671875,894.3795166015625,1168.18505859375,11355.7607421875,237.79208374023438,1537.387451171875,329.16339111328125,287.6636657714844,227.80810546875,143.0740203857422,2997.97802734375,1489.572021484375,359.773193359375,1191.933837890625,1490.0543212890625
2025-05-14,1412.2042236328125,3365.814453125,927.2236938476562,1513.869384765625,1403.44775390625,2284.658203125,401.7430725097656,771.0407104492188,1796.385498046875,417.2776794433594,3505.84130859375,1193.55859375,2238.490478515625,12409.7041015625,1687.18505859375,3565.137451171875,898.2371215820312,1168.2835693359375,11366.47265625,239.08705139160156,1554.5687255859375,326.3199462890625,285.2540283203125,232.3895721435547,148.70391845703125,3045.1005859375,1518.6529541015625,367.0114440917969,1204.6717529296875,1465.2545166015625
2025-05-15,1441.7491455078125,3395.40625,938.4827880859375,1533.4534912109375,1427.6553955078125,2289.226318359375,405.0667419433594,777.8295288085938,1828.705078125,420.0696105957031,3550.09228515625,1207.136474609375,2285.1767578125,12685.9111328125,1718.692626953125,3614.029541015625,908.870361328125,1181.93603515625,11582.6611328125,242.51824951171875,1609.9093017578125,329.5971984863281,288.8202819824219,233.90098571777344,150.65716552734375,3086.823486328125,1543.18701171875,368.42266845703125,1220.7669677734375,1472.5081787109375
2025-05-16,1443.9302978515625,3377.765380859375,938.9195556640625,1511.49267578125,1430.8043212890625,2314.692626953125,407.92230224609375,778.0751342773438,1776.601806640625,420.4285888671875,3536.846435546875,1206.8370361328125,2308.421875,12728.02734375,1713.5567626953125,3610.94873046875,906.7437133789062,1187.20947265625,11593.373046875,240.3820343017578,1575.6417236328125,330.70562744140625,289.3504333496094,233.57981872558594,150.84866333007812,3078.28271484375,1531.725341796875,368.5592346191406,1215.2371826171875,1470.253662109375
2025-05-19,1428.4638671875,3337.455810546875,940.8607177734375,1482.8770751953125,1425.8841552734375,2315.9560546875,407.5946044921875,780.9237670898438,1780.813232421875,421.02685546875,3532.43115234375,1200.8468017578125,2286.648193359375,12722.150390625,1708.9144287109375,3595.048828125,915.4976196289062,1186.7166748046875,11616.74609375,237.9622344970703,1565.8646240234375,332.6815490722656,293.061279296875,232.9280242919922,150.86781311035156,3070.821533203125,1513.5377197265625,366.64727783203125,1203.684326171875,1462.11767578125
2025-05-20,1412.402587890625,3318.01220703125,929.3104858398438,1483.637451171875,1415.25634765625,2275.521240234375,407.17327880859375,771.7393798828125,1771.6070556640625,416.8189697265625,3500.64111328125,1193.858154296875,2251.53515625,12378.3623046875,1686.7901611328125,3558.18115234375,898.039306640625,1162.41845703125,11390.818359375,236.03396606445312,1555.13818359375,330.22369384765625,287.1335144042969,235.45962524414062,151.94015502929688,3007.50048828125,1492.887451171875,371.5638122558594,1208.8189697265625,1425.653076171875
2025-05-21,1416.963134765625,3344.0947265625,935.0856323242188,1491.14794921875,1421.6527099609375,2297.6826171875,405.3944396972656,773.1636352539062,1784.9266357421875,413.0697937011719,3521.44189453125,1195.85498046875,2268.0126953125,12355.833984375,1710.494873046875,3558.081787109375,909.7606201171875,1179.2252197265625,11360.6298828125,237.17767333984375,1568.142822265625,333.6454162597656,285.44677734375,234.9117431640625,154.76467895507812,3034.203125,1513.91650390625,369.0600280761719,1209.3126220703125,1453.0994873046875
2025-05-22,1397.332763671875,3297.809814453125,931.737060546875,1471.18359375,1419.0941162109375,2265.412841796875,398.934326171875,771.346435546875,1793.6431884765625,411.97296142578125,3484.549560546875,1186.5699462890625,2255.06591796875,12189.3271484375,1697.555908203125,3518.8291015625,903.97412109375,1163.99560546875,11374.263671875,232.47042846679688,1550.1070556640625,329.0670166015625,280.38653564453125,228.28985595703125,154.4295654296875,2951.34619140625,1483.0360107421875,363.1419677734375,1206.843994140625,1439.4742431640625
2025-05-23,1414.5838623046875,3333.471923828125,938.3856811523438,1487.63037109375,1426.67138671875,2293.114501953125,408.4840393066406,776.5034790039062,1793.9368896484375,418.9528503417969,3532.136474609375,1208.1348876953125,2271.05322265625,12197.1630859375,1662.8878173828125,3557.28662109375,914.3106079101562,1189.9696044921875,11438.53515625,233.8126678466797,1564.5355224609375,332.15142822265625,287.3263244628906,230.7175750732422,156.03811645507812,2957.629150390625,1496.960693359375,365.5546875,1214.644775390625,1454.864013671875
2025-05-26,1422.5152587890625,3355.002197265625,941.588623046875,1502.55615234375,1437.2989501953125,2327.036865234375,414.66326904296875,780.33447265625,1809.3133544921875,416.6594543457031,3580.01806640625,1213.2266845703125,2282.528564453125,12165.8203125,1655.4801025390625,3587.6953125,916.8823852539062,1209.487060546875,11383.0283203125,236.53494262695312,1588.6463623046875,331.09112548828125,285.9768981933594,232.3234405517578,155.59767150878906,3023.895263671875,1516.947998046875,366.64727783203125,1225.3092041015625,1454.864013671875
2025-05-27,1409.9239501953125,3318.39111328125,934.8429565429688,1492.6690673828125,1423.3255615234375,2313.5263671875,406.2370300292969,779.6468505859375,1805.78759765625,414.2862854003906,3571.48193359375,1193.6585693359375,2282.921142578125,12158.9638671875,1662.690185546875,3566.926025390625,907.139404296875,1212.8878173828125,11122.04296875,234.65391540527344,1568.2376708984375,326.3199462890625,283.90460205078125,231.00096130371094,154.78384399414062,2984.23388671875,1508.422607421875,364.1434631347656,1227.5802001953125,1451.237060546875
2025-05-28,1400.802734375,3317.44287109375,933.4840698242188,1494.2852783203125,1430.6075439453125,2295.835693359375,400.65911865234375,782.4463500976562,1817.8338623046875,413.6680603027344,3577.663330078125,1192.7598876953125,2258.989501953125,12077.6689453125,1645.8994140625,3552.31787109375,916.6845703125,1192.23681640625,10943.8330078125,233.8788299560547,1573.1739501953125,327.7657470703125,280.6274719238281,229.2344970703125,154.3817138671875,2943.00146484375,1496.960693359375,362.5501403808594,1226.98779296875,1439.4742431640625
2025-05-29,1405.660888671875,3317.822509765625,935.42529296875,1507.4046630859375,1433.264404296875,2300.404296875,399.2765197753906,783.232177734375,1825.1793212890625,415.1238708496094,3586.493896484375,1199.74853515625,2250.26025390625,12137.416015625,1678.8885498046875,3565.8330078125,910.403564453125,1200.1226806640625,10974.021484375,236.44041442871094,1580.1981201171875,327.091064453125,282.50701904296875,229.58399963378906,156.18173217773438,2953.99658203125,1515.621826171875,362.5501403808594,1232.5174560546875,1447.7083740234375
2025-05-30,1408.7342529296875,3284.910400390625,943.86962890625,1506.5369873046875,1422.7352294921875,2282.519775390625,398.60906982421875,797.91748046875,1817.9317626953125,413.7478332519531,3605.92138671875,1190.263916015625,2215.736083984375,12065.916015625,1656.961669921875,3532.741455078125,912.4410400390625,1180.9993896484375,10916.5654296875,235.99615478515625,1553.5245361328125,321.83795166015625,279.278076171875,226.14552307128906,154.17105102539062,2922.385498046875,1490.898193359375,361.7307434082031,1235.479736328125,1436.7294921875
2025-06-02,1401.5958251953125,3272.011474609375,937.6576538085938,1497.9569091796875,1427.3602294921875,2305.167236328125,399.8009338378906,799.2435913085938,1815.8751220703125,411.5342102050781,3610.336669921875,1192.46044921875,2223.18994140625,12037.5107421875,1653.99853515625,3503.42626953125,906.2788696289062,1185.9774169921875,10901.9580078125,234.11512756347656,1548.6834716796875,320.5367431640625,282.45880126953125,225.11587524414062,152.27528381347656,2970.587890625,1467.406005859375,363.9158630371094,1232.0235595703125,1441.140625
2025-06-03,1393.4661865234375,3229.709716796875,934.0179443359375,1487.5450439453125,1414.961181640625,2286.40771484375,397.5602722167969,795.4617309570312,1803.339111328125,407.7251892089844,3609.54443359375,1179.5814208984375,2212.40087890625,11878.83984375,1646.9859619140625,3497.761962890625,892.4141845703125,1178.6336669921875,10746.1474609375,232.73509216308594,1547.6392822265625,316.39202880859375,277.8323059082031,224.1334686279297,150.65716552734375,2990.811279296875,1462.385498046875,357.6791076660156,1232.6160888671875,1444.081298828125
2025-06-04,1411.31201171875,3235.1640625,942.073974609375,1495.4503173828125,1408.1712646484375,2298.265869140625,397.60791015625,792.2201538085938,1836.736083984375,408.08416748046875,3591.42138671875,1169.0985107421875,2205.829833984375,11913.1201171875,1644.41796875,3477.88720703125,893.2092895507812,1181.6402587890625,10744.19921875,233.3400421142578,1543.5574951171875,317.3559265136719,278.1214599609375,224.8702850341797,151.45184326171875,2997.5849609375,1474.6051025390625,359.2724304199219,1236.1710205078125,1442.80712890625
2025-06-05,1430.0501708984375,3225.786865234375,946.1505126953125,1498.43896484375,1431.591552734375,2309.832763671875,399.6102600097656,791.72900390625,1840.06591796875,406.8078308105469,3607.36572265625,1157.117919921875,2200.435302734375,11876.880859375,1662.3939208984375,3482.060791015625,887.941650390625,1183.5130615234375,10866.9013671875,234.36090087890625,1549.53759765625,316.7776184082031,283.6154479980469,224.6057891845703,151.25079345703125,2986.0009765625,1480.383544921875,359.5455627441406,1274.384765625,1460.3533935546875
2025-06-06,1431.1407470703125,3238.322265625,960.2728881835938,1507.5975341796875,1436.413330078125,2322.857177734375,401.4695739746094,798.6541748046875,1831.643310546875,413.4885559082031,3620.93310546875,1192.66015625,2202.1025390625,12205.9775390625,1658.5418701171875,3537.61083984375,931.4243774414062,1191.349609375,10958.4404296875,234.9752960205078,1554.5687255859375,320.8258972167969,285.1094055175781,226.76898193359375,154.30775451660156,3049.71435546875,1488.245849609375,363.2330322265625,1304.303955078125,1474.4686279296875
2025-06-09,1436.3953857421875,3274.396484375,960.3700561523438,1516.3704833984375,1411.9107666015625,2326.162109375,403.3765563964844,805.5302734375,1826.6484375,426.4113464355469,3643.314453125,1217.9190673828125,2204.750732421875,12377.3828125,1673.554931640625,3511.7734375,954.880126953125,1190.4132080078125,10965.2568359375,237.5274200439453,1564.6307373046875,324.92236328125,289.63958740234375,229.3572998046875,154.1411895751953,3030.963623046875,1495.8238525390625,365.0994567871094,1302.526611328125,1476.8211669921875
2025-06-10,1426.1834716796875,3313.629638671875,953.7698974609375,1538.6402587890625,1400.200439453125,2328.105712890625,407.14288330078125,802.5833740234375,1818.813232421875,428.9839172363281,3644.205810546875,1230.798095703125,2196.386474609375,12262.787109375,1668.02392578125,3502.13427734375,943.9473266601562,1198.348388671875,11092.828125,240.91134643554688,1583.4256591796875,326.9465026855469,290.169677734375,231.13320922851562,152.5343017578125,3011.427490234375,1525.9468994140625,363.7792663574219,1331.853515625,1480.938232421875
2025-06-11,1436.4945068359375,3322.24169921875,946.538818359375,1572.478759765625,1408.1712646484375,2309.832763671875,406.3323974609375,800.6187744140625,1821.849365234375,427.8272705078125,3649.157470703125,1229.400390625,2186.38916015625,12196.18359375,1669.8016357421875,3519.425537109375,936.7416381835938,1192.33544921875,11163.9169921875,244.73956298828125,1634.4947509765625,325.88623046875,284.7720947265625,233.62704467773438,153.24957275390625,3024.38623046875,1551.14404296875,366.1009826660156,1334.12451171875,1491.622802734375
2025-06-12,1429.257080078125,3286.166748046875,943.1416625976562,1550.787353515625,1402.4637451171875,2267.3564453125,401.4219055175781,791.679931640625,1806.17919921875,424.13787841796875,3569.039794921875,1210.9305419921875,2196.881591796875,12135.45703125,1666.64111328125,3431.08203125,931.1261596679688,1175.775146484375,11026.607421875,245.39175415039062,1614.84521484375,321.6451721191406,278.55517578125,234.15603637695312,149.80068969726562,2964.01025390625,1557.6802978515625,357.5425720214844,1345.5787353515625,1473.0963134765625
2025-06-13,1415.67431640625,3297.1708984375,930.6207885742188,1544.424560546875,1393.5089111328125,2254.040283203125,394.6520690917969,778.3206787109375,1802.4576416015625,420.26904296875,3552.699462890625,1203.8419189453125,2191.734375,12153.087890625,1667.0361328125,3400.474609375,927.3990478515625,1171.4381103515625,10930.19921875,245.95889282226562,1609.244873046875,319.9584045410156,275.18170166015625,237.58505249023438,149.05604553222656,2951.051513671875,1571.51025390625,356.17681884765625,1345.38134765625,1475.4488525390625
2025-06-16,1425.4896240234375,3345.590087890625,939.2592163085938,1565.441162109375,1404.13671875,2262.205078125,398.7521057128906,778.4680786132812,1822.9267578125,426.57086181640625,3593.599853515625,1213.4263916015625,2222.023681640625,12272.5810546875,1664.5670166015625,3416.573486328125,932.2691650390625,1177.84521484375,11194.10546875,248.49212646484375,1635.5386962890625,321.6451721191406,278.21783447265625,242.57275390625,151.05482482910156,2968.330078125,1604.56982421875,359.04486083984375,1329.878662109375,1496.8179931640625
2025-06-17,1418.946044921875,3363.77099609375,936.4444580078125,1580.9625244140625,1400.49560546875,2263.37158203125,397.98931884765625,778.2716064453125,1816.560791015625,426.13214111328125,3587.261962890625,1213.1268310546875,2241.821044921875,12336.24609375,1629.898681640625,3384.376220703125,917.3607788085938,1164.1436767578125,11085.037109375,248.5110321044922,1641.8037109375,323.09100341796875,278.1214599609375,238.34075927734375,149.5165557861328,2952.2294921875,1627.9671630859375,356.2678527832031,1302.23046875,1473.7825927734375
2025-06-18,1417.85546875,3302.62548828125,938.5313110351562,1574.214111328125,1390.064697265625,2232.9482421875,396.5590515136719,777.8787231445312,1827.4320068359375,425.25469970703125,3566.6630859375,1219.0172119140625,2258.25244140625,12486.1025390625,1627.7257080078125,3446.087646484375,913.38525390625,1153.6949462890625,11107.4345703125,247.2633056640625,1628.7991943359375,320.39215087890625,276.9166564941406,236.49874877929688,149.0364532470703,2985.510009765625,1620.4837646484375,355.40289306640625,1296.799560546875,1468.4892578125
2025-06-19,1421.0281982421875,3276.40625,939.2107543945312,1560.2352294921875,1388.78564453125,2229.93505859375,396.6544189453125,771.1990356445312,1838.3031005859375,428.046630859375,3586.07373046875,1215.52294921875,2244.98828125,12542.9111328125,1627.3306884765625,3483.451904296875,894.9982299804688,1142.9010009765625,11121.0693359375,251.0347900390625,1626.9007568359375,318.12701416015625,276.0973815917969,237.63230895996094,147.94888305664062,3038.228271484375,1595.19189453125,349.8490905761719,1309.4385986328125,1454.66796875
2025-06-20,1453.6463623046875,3287.60205078125,953.4786376953125,1564.573486328125,1404.33349609375,2241.59912109375,399.0858154296875,782.053466796875,1896.772216796875,432.7131652832031,3626.577880859375,1218.7176513671875,2262.5087890625,12528.21875,1644.6153564453125,3496.967041015625,899.4707641601562,1163.35498046875,11158.07421875,251.94223022460938,1651.580810546875,323.09100341796875,282.50701904296875,237.94403076171875,148.89927673339844,3126.1904296875,1606.6536865234375,354.21929931640625,1308.6488037109375,1470.0576171875
2025-06-23,1444.326904296875,3247.31689453125,945.5682373046875,1527.071533203125,1397.4451904296875,2234.62548828125,394.6520690917969,776.2088012695312,1896.3804931640625,435.5649719238281,3549.03515625,1212.12841796875,2241.1279296875,12438.109375,1642.04736328125,3483.750244140625,909.9066162109375,1162.7142333984375,11149.310546875,248.8229522705078,1616.743896484375,320.58489990234375,279.7599792480469,237.46224975585938,149.3499755859375,3077.693603515625,1593.10791015625,357.3604431152344,1301.3416748046875,1469.4693603515625
2025-06-24,1438.3782958984375,3244.25439453125,951.634521484375,1524.7576904296875,1401.38134765625,2222.839111328125,395.0811462402344,781.3167114257812,1893.7362060546875,443.4422912597656,3569.93115234375,1219.2169189453125,2252.21435546875,12351.9169921875,1641.257080078125,3503.923095703125,910.9005126953125,1166.0164794921875,11275.9072265625,250.45822143554688,1605.9224853515625,318.0306701660156,275.61541748046875,230.415283203125,151.66229248046875,3092.517578125,1588.65576171875,357.4970397949219,1320.498046875,1472.704345703125
2025-06-25,1454.737060546875,3296.31005859375,961.0009155273438,1556.8609619140625,1403.05419921875,2238.1611328125,396.9881591796875,785.8843383789062,1925.076416015625,438.39678955078125,3584.7861328125,1211.329833984375,2256.767578125,12504.7119140625,1649.06005859375,3629.332763671875,922.3302612304688,1185.041015625,11425.8759765625,254.65504455566406,1629.938232421875,318.8981628417969,279.9527893066406,228.51658630371094,153.22996520996094,3156.721923828125,1615.0843505859375,356.6775817871094,1324.743896484375,1480.154052734375
2025-06-26,1482.497314453125,3293.439208984375,981.1895751953125,1557.92138671875,1416.1419677734375,2240.22412109375,400.7544250488281,782.9375,1972.7725830078125,439.5135803222656,3624.201171875,1231.4970703125,2266.567138671875,12453.7802734375,1649.2576904296875,3671.566650390625,945.6866455078125,1198.348388671875,11638.169921875,253.8137664794922,1636.5828857421875,324.97052001953125,282.8925476074219,231.180419921875,157.29611206054688,3157.0166015625,1601.06494140625,358.8627014160156,1304.8963623046875,1483.8790283203125
2025-06-27,1502.4251708984375,3292.76953125,988.5982666015625,1550.208984375,1438.8734130859375,2265.859375,399.18115234375,791.1396484375,1985.3084716796875,440.311279296875,3643.611572265625,1223.110595703125,2334.76806640625,12382.279296875,1666.838623046875,3643.245361328125,941.2141723632812,1211.803466796875,11893.310546875,250.5338134765625,1635.8236083984375,326.0789794921875,288.43475341796875,229.38563537597656,158.18772888183594,3144.744873046875,1586.09814453125,358.8627014160156,1284.654052734375,1488.436279296875
2025-06-30,1487.7518310546875,3312.768798828125,982.023681640625,1544.2318115234375,1422.7352294921875,2253.7783203125,397.08349609375,805.824951171875,1968.1693115234375,431.4568176269531,3634.302490234375,1197.2525634765625,2317.346923828125,12145.2509765625,1655.0848388671875,3667.094970703125,930.7783203125,1215.0562744140625,11776.4521484375,251.41290283203125,1640.8544921875,322.8018493652344,289.0612487792969,230.68922424316406,156.53187561035156,3125.012451171875,1598.0338134765625,356.85968017578125,1267.176513671875,1491.9036865234375
2025-07-01,1515.3138427734375,3281.86083984375,987.2244873046875,1549.05224609375,1409.1552734375,2254.662353515625,395.7962646484375,805.7758178710938,1977.767333984375,435.4652404785156,3631.232421875,1171.394775390625,2345.458740234375,12186.388671875,1646.689453125,3677.330322265625,930.9274291992188,1187.850341796875,11890.3896484375,250.0612030029297,1631.077392578125,320.58489990234375,286.79620361328125,229.89573669433594,156.8258056640625,3118.042236328125,1583.06689453125,354.8566589355469,1260.758056640625,1501.612548828125
2025-07-02,1505.7960205078125,3275.736328125,974.418701171875,1552.619140625,1405.0223388671875,2266.05615234375,393.74627685546875,798.5068969726562,1991.3807373046875,432.5735778808594,3562.008544921875,1173.3916015625,2394.85205078125,12362.6904296875,1656.8629150390625,3684.783447265625,917.3607788085938,1176.9580078125,12110.4736328125,252.37701416015625,1631.3621826171875,321.693359375,284.1937561035156,227.7230682373047,162.52821350097656,3107.34130859375,1588.65576171875,352.26177978515625,1254.83349609375,1483.6807861328125
2025-07-03,1504.8046875,3254.206298828125,974.9583740234375,1560.5244140625,1403.152587890625,2272.243896484375,394.1276550292969,792.8095092773438,1977.66943359375,424.0980224609375,3548.242919921875,1169.1982421875,2406.235595703125,12490.01953125,1659.0357666015625,3655.666748046875,904.5892944335938,1177.1551513671875,12073.46875,252.4242706298828,1625.002197265625,322.5126647949219,283.08538818359375,230.5380859375,162.5576171875,3116.373291015625,1583.72998046875,351.85211181640625,1275.075927734375,1494.6776123046875
2025-07-04,1514.223388671875,3272.387451171875,976.037841796875,1581.733642578125,1419.7830810546875,2297.683349609375,393.3648376464844,797.4754028320312,1975.6126708984375,424.7361755371094,3559.830078125,1176.6925048828125,2399.603515625,12386.1982421875,1655.6776123046875,3663.8154296875,919.646728515625,1184.2823486328125,12178.6416015625,255.2599639892578,1638.29150390625,323.3801574707031,283.37445068359375,231.66221618652344,159.71620178222656,3129.634033203125,1596.558837890625,351.5334167480469,1290.9736328125,1499.2349853515625
2025-07-07,1528.3016357421875,3264.636474609375,975.1055908203125,1568.5262451171875,1412.796142578125,2367.51806640625,396.79742431640625,792.56396484375,1991.9683837890625,428.72467041015625,3546.757568359375,1174.1944580078125,2418.014892578125,12262.787109375,1664.6953125,3643.14599609375,919.000732421875,1198.783935546875,12021.85546875,253.08596801757812,1623.578369140625,325.25970458984375,285.205810546875,228.14816284179688,159.1185302734375,3127.35791015625,1566.3677978515625,349.8490905761719,1294.03466796875,1496.4609375
2025-07-08,1524.4349365234375,3259.373291015625,981.974609375,1579.8055419921875,1418.9957275390625,2350.133056640625,397.7986145019531,798.2612915039062,1988.148681640625,443.6217346191406,3571.515625,1164.501953125,2459.390869140625,12158.9638671875,1657.3623046875,3430.045166015625,921.982421875,1196.705078125,12119.23828125,254.8818817138672,1621.39501953125,330.802001953125,286.98895263671875,229.77294921875,158.6972198486328,3125.081787109375,1577.4603271484375,348.57440185546875,1267.670166015625,1474.46728515625
2025-07-09,1505.9942626953125,3237.939208984375,986.7828369140625,1574.9853515625,1409.0570068359375,2380.286865234375,399.9440002441406,796.5913696289062,1978.06103515625,444.5789794921875,3545.073974609375,1163.8023681640625,2473.545654296875,12213.8134765625,1654.290283203125,3420.875244140625,934.8532104492188,1201.60498046875,12233.17578125,253.13319396972656,1589.0260009765625,331.57305908203125,288.8202819824219,229.87684631347656,155.7872314453125,3143.290771484375,1557.5902099609375,352.7626037597656,1253.4510498046875,1477.8355712890625
2025-07-10,1504.2095947265625,3236.216796875,984.3296508789062,1557.728759765625,1401.38134765625,2365.5537109375,397.46490478515625,793.693603515625,1923.9991455078125,439.49365234375,3540.122314453125,1163.40283203125,2426.32958984375,12390.115234375,1647.4527587890625,3408.615478515625,941.8602294921875,1188.53857421875,12188.3798828125,250.5338134765625,1579.2489013671875,329.115234375,288.43475341796875,229.6312255859375,157.4136962890625,3129.53515625,1543.410888671875,349.6669616699219,1254.6434326171875,1464.06494140625
2025-07-11,1482.3980712890625,3125.21728515625,973.2902221679688,1537.5797119140625,1399.2164306640625,2474.77587890625,397.4172058105469,794.3321533203125,1882.27734375,442.8439636230469,3506.352294921875,1172.8955078125,2414.451416015625,12315.6767578125,1656.8668212890625,3350.605712890625,927.796630859375,1189.5780029296875,12167.9296875,244.1534881591797,1555.13818359375,330.3200378417969,287.7600402832031,228.3748779296875,156.61026000976562,3041.26220703125,1545.725830078125,346.8445129394531,1246.793212890625,1471.1978759765625
2025-07-14,1470.9964599609375,3083.78369140625,972.94677734375,1513.8638916015625,1400.2989501953125,2471.828857421875,399.8962707519531,794.528564453125,1881.2979736328125,439.49365234375,3462.08447265625,1171.7962646484375,2377.233154296875,12256.91015625,1667.370849609375,3393.564697265625,913.2361450195312,1184.3316650390625,12188.3798828125,240.3253173828125,1537.5772705078125,329.74176025390625,287.4227294921875,230.69866943359375,157.19813537597656,3059.9658203125,1520.83984375,349.48486328125,1242.7191162109375,1470.2071533203125
2025-07-15,1472.6820068359375,3112.10791015625,979.079833984375,1528.614013671875,1407.9744873046875,2481.94580078125,402.4707336425781,801.9940185546875,1894.32373046875,436.3626708984375,3460.202880859375,1165.0015869140625,2369.215087890625,12278.4580078125,1711.864501953125,3403.8310546875,922.7278442382812,1195.9132080078125,12174.7470703125,243.30279541015625,1486.887939453125,329.64532470703125,287.2781066894531,230.1791229248047,155.7872314453125,3096.08642578125,1523.0584716796875,351.85211181640625,1252.9542236328125,1477.0430908203125
2025-07-16,1472.8802490234375,3104.234375,979.4722900390625,1550.1126708984375,1403.6446533203125,2472.811279296875,404.8544616699219,816.9739990234375,1896.67431640625,434.627685546875,3469.908203125,1167.4996337890625,2386.042724609375,12305.8828125,1685.6043701171875,3406.12353515625,916.118408203125,1217.5418701171875,12127.0283203125,248.4070281982422,1483.470703125,330.0791015625,286.314208984375,229.40452575683594,154.15097045898438,3163.28076171875,1550.9345703125,351.85211181640625,1251.463623046875,1462.08349609375
2025-07-17,1463.7591552734375,3081.286865234375,974.8602294921875,1526.589599609375,1396.0675048828125,2465.14990234375,404.2347106933594,814.32177734375,1890.112548828125,432.9126281738281,3440.396484375,1158.90625,2374.560302734375,12219.6904296875,1687.9825439453125,3422.0712890625,917.658935546875,1212.147216796875,12167.9296875,246.32752990722656,1465.530029296875,330.2718505859375,285.88055419921875,230.3680419921875,156.66903686523438,3161.79638671875,1508.300537109375,351.3513488769531,1255.1402587890625,1468.6220703125
2025-07-18,1463.362548828125,3062.756103515625,960.38623046875,1529.095947265625,1403.05419921875,2445.309326171875,403.09051513671875,808.7717895507812,1877.372802734375,427.3621826171875,3431.285400390625,1098.452880859375,2358.2275390625,12163.861328125,1678.271240234375,3391.7705078125,936.2446899414062,1223.580078125,12170.8505859375,252.32977294921875,1481.6978759765625,329.74176025390625,283.51904296875,232.67295837402344,159.08912658691406,3159.223388671875,1494.02490234375,353.71856689453125,1249.5755615234375,1468.5230712890625
2025-07-21,1416.3682861328125,3032.319580078125,981.5330200195312,1527.36083984375,1442.4161376953125,2421.048828125,400.5637512207031,809.6068115234375,1885.4708251953125,432.2936706542969,3468.91796875,1098.7525634765625,2351.298583984375,12150.1484375,1676.983154296875,3421.772216796875,942.6553344726562,1223.7781982421875,12247.783203125,246.0912322998047,1464.0950927734375,329.2115783691406,286.26605224609375,231.4732666015625,159.72601318359375,3212.958984375,1489.1055908203125,352.1707458496094,1251.3642578125,1460.2010498046875
2025-07-22,1400.70361328125,3033.6640625,984.771240234375,1514.4423828125,1450.0916748046875,2435.585205078125,396.6544189453125,800.5697021484375,1883.100830078125,431.29541015625,3431.08740234375,1097.15380859375,2341.2021484375,12235.3623046875,1662.8125,3461.043212890625,946.730224609375,1209.37548828125,12126.0556640625,245.47682189941406,1454.2412109375,328.5368957519531,287.0371398925781,232.76744079589844,159.74559020996094,3223.349853515625,1492.3851318359375,354.26483154296875,1232.1859130859375,1450.7894287109375
2025-07-23,1412.402587890625,3052.38671875,993.2103881835938,1517.9129638671875,1464.852294921875,2406.806640625,395.65325927734375,806.1196899414062,1919.640869140625,433.3318786621094,3451.19091796875,1103.9486083984375,2351.298583984375,12367.587890625,1667.2718505859375,3460.04638671875,962.384033203125,1213.8299560546875,12048.1484375,247.08370971679688,1463.52099609375,330.6573791503906,288.43475341796875,231.9550323486328,159.48106384277344,3234.82958984375,1491.8062744140625,355.7671203613281,1239.539306640625,1459.8048095703125
2025-07-24,1390.888427734375,3022.5263671875,988.2548217773438,1496.70361328125,1459.7353515625,2394.430908203125,390.8857727050781,801.25732421875,1912.0364990234375,427.681640625,3443.862548828125,1094.256103515625,2328.2353515625,12299.0263671875,1676.685791015625,3473.00390625,953.0911865234375,1149.290283203125,11981.9287109375,247.50909423828125,1441.9000244140625,326.6573181152344,288.5311584472656,231.27490234375,160.17669677734375,3227.011474609375,1445.5069580078125,351.03265380859375,1257.525146484375,1474.071044921875
2025-07-25,1379.7841796875,3010.812744140625,985.9922485351562,1461.2261962890625,1453.5357666015625,2372.42919921875,390.361328125,792.269287109375,1913.814208984375,424.18768310546875,3409.59716796875,1085.262939453125,2312.496337890625,12149.169921875,1683.622314453125,3451.474609375,908.1672973632812,1125.7808837890625,12004.958984375,245.00421142578125,1425.541015625,321.1632385253906,281.54315185546875,226.9862518310547,158.16812133789062,3212.662109375,1410.107177734375,346.7078857421875,1269.8470458984375,1518.2564697265625
2025-07-28,1375.71923828125,2956.564697265625,987.9105224609375,1461.515380859375,1464.6556396484375,2398.163330078125,390.83807373046875,783.0357666015625,1866.805908203125,392.6421203613281,3389.097412109375,1072.7725830078125,2335.6591796875,12086.484375,1686.79345703125,3381.903076171875,875.1204223632812,1103.3603515625,11995.1591796875,241.0043487548828,1402.580810546875,320.9222412109375,281.35040283203125,226.73121643066406,156.4534912109375,3176.442626953125,1399.2073974609375,344.4772644042969,1279.2872314453125,1557.3892822265625
2025-07-29,1404.9666748046875,2934.193359375,994.3539428710938,1459.2979736328125,1462.4906005859375,2409.949951171875,389.45550537109375,785.0494384765625,1894.4578857421875,393.86004638671875,3461.78759765625,1063.3798828125,2377.1337890625,12212.833984375,1695.018310546875,3368.14794921875,881.1334838867188,1100.588623046875,11976.5390625,242.6910400390625,1408.6077880859375,322.5126647949219,282.50701904296875,228.07260131835938,158.42288208007812,3166.150634765625,1402.294189453125,349.302734375,1291.609130859375,1559.3707275390625
2025-07-30,1398.026611328125,2931.88916015625,996.4197998046875,1464.40771484375,1458.7513427734375,2394.037841796875,388.6450500488281,787.4560546875,1908.580078125,391.2644958496094,3629.64794921875,1072.472900390625,2391.288818359375,12358.7734375,1718.107421875,3365.45703125,879.44384765625,1104.44921875,12022.599609375,241.14891052246094,1412.5302734375,326.5609130859375,278.50701904296875,228.42210388183594,158.09954833984375,3175.5517578125,1411.361083984375,345.88848876953125,1283.95751953125,1544.906494140625
2025-07-31,1378.2969970703125,2915.7587890625,992.6815795898438,1454.76708984375,1457.767333984375,2476.34716796875,392.79278564453125,782.4463500976562,1890.507568359375,395.0379943847656,3601.324462890625,1067.57666015625,2371.788818359375,12348.978515625,1691.2525634765625,3336.3525390625,875.816162109375,1112.467041015625,12003.9794921875,239.31765747070312,1404.302978515625,322.1753234863281,280.4829406738281,227.65695190429688,154.7486572265625,3169.812255859375,1411.84326171875,342.6563415527344,1262.2950439453125,1540.1510009765625
2025-08-01,1381.76708984375,2883.3056640625,989.7304077148438,1416.782958984375,1448.12353515625,2508.268798828125,397.08349609375,779.9415283203125,1860.9791259765625,397.7932434082031,3552.6005859375,1061.581298828125,2406.33447265625,12179.6787109375,1614.9495849609375,3305.15478515625,870.2503662109375,1126.72119140625,11870.7001953125,233.9684295654297,1389.1875,318.9463195800781,280.7238464355469,223.68003845214844,149.9182586669922,3126.467529296875,1387.8255615234375,339.15093994140625,1212.9080810546875,1488.83251953125
2025-08-04,1399.4146728515625,2951.859619140625,979.7947387695312,1427.291259765625,1439.8575439453125,2498.44677734375,397.46490478515625,781.6113891601562,1890.8037109375,398.7116394042969,3595.976806640625,1067.7764892578125,2424.94384765625,12242.052734375,1626.7418212890625,3345.322998046875,879.89111328125,1127.1666259765625,12011.8193359375,237.1490478515625,1410.5213623046875,320.006591796875,277.54315185546875,221.8285675048828,156.33590698242188,3166.9423828125,1422.7430419921875,341.154052734375,1217.2803955078125,1501.0181884765625
2025-08-05,1379.7841796875,2941.7783203125,972.7118530273438,1407.8172607421875,1421.357421875,2489.60693359375,394.89044189453125,786.4246215820312,1907.7900390625,399.9095764160156,3617.26904296875,1069.974853515625,2412.07568359375,12412.341796875,1617.327880859375,3407.0205078125,886.4508056640625,1122.1678466796875,12051.9990234375,237.0141143798828,1418.4615478515625,321.5487976074219,275.66363525390625,221.4979248046875,156.3946990966797,3178.817626953125,1432.7745361328125,345.5242919921875,1207.144775390625,1485.8603515625
2025-08-06,1380.874755859375,2911.437744140625,976.499267578125,1385.0654296875,1420.5703125,2490.4912109375,392.8404235839844,790.8941040039062,1905.716064453125,399.789794921875,3593.302734375,1070.1746826171875,2465.923828125,12399.4716796875,1580.7618408203125,3406.522216796875,871.2940063476562,1105.3399658203125,11981.439453125,231.27935791015625,1399.806396484375,320.10296630859375,274.5069580078125,220.82723999023438,155.4541015625,3193.958740234375,1407.309814453125,348.1573181152344,1189.15869140625,1472.882080078125
2025-08-07,1377.5040283203125,2925.552001953125,981.4671020507812,1385.2581787109375,1417.322998046875,2472.712890625,394.36602783203125,790.8941040039062,1898.704345703125,397.73333740234375,3606.375244140625,1075.37060546875,2481.068603515625,12506.3974609375,1583.9329833984375,3404.528564453125,873.72900390625,1105.9835205078125,12027.4990234375,233.55398559570312,1411.5736083984375,317.8378601074219,275.2298583984375,220.9783935546875,156.44369506835938,3177.729248046875,1429.4949951171875,350.6517639160156,1193.23291015625,1477.1422119140625
2025-08-08,1356.0888671875,2915.37451171875,970.8920288085938,1371.9542236328125,1412.9931640625,2454.1494140625,395.22418212890625,790.0591430664062,1835.499755859375,389.8669128417969,3572.7041015625,1057.2845458984375,2450.482177734375,12464.8154296875,1572.537109375,3448.883056640625,871.7909545898438,1085.39404296875,11913.8193359375,230.4022674560547,1411.764892578125,322.6572570800781,274.55517578125,220.51551818847656,154.75843811035156,3111.524169921875,1427.9517822265625,350.79034423828125,1203.76611328125,1471.990478515625
2025-08-11,1374.331298828125,2919.599365234375,981.5654296875,1376.870849609375,1413.681884765625,2473.596923828125,397.46490478515625,808.8700561523438,1834.314697265625,394.4989013671875,3632.916015625,1072.472900390625,2463.84521484375,12471.74609375,1593.8424072265625,3456.557861328125,872.4369506835938,1093.8079833984375,12156.8583984375,232.87928771972656,1423.5321044921875,324.00665283203125,274.55517578125,220.84613037109375,155.3169403076172,3153.087890625,1428.6268310546875,353.37713623046875,1211.8150634765625,1490.81396484375
2025-08-12,1368.5810546875,2914.4140625,968.924560546875,1372.9183349609375,1410.112060546875,2439.612548828125,396.9881591796875,806.0704956054688,1827.302978515625,391.1247253417969,3650.44482421875,1069.1754150390625,2453.15478515625,12712.3291015625,1607.5174560546875,3475.396240234375,847.7884521484375,1080.048828125,12199.978515625,232.97567749023438,1434.1510009765625,327.8139953613281,274.3623962402344,222.4803466796875,156.92379760742188,3202.864990234375,1455.827880859375,356.0101318359375,1212.610107421875,1507.457763671875
2025-08-13,1370.7620849609375,2915.1826171875,974.0399169921875,1375.3284912109375,1408.922119140625,2450.71142578125,394.8427734375,807.29833984375,1844.1904296875,396.8548583984375,3657.97119140625,1065.178466796875,2474.832275390625,12706.388671875,1624.958251953125,3455.461669921875,854.7456665039062,1085.7900390625,12152.9384765625,232.908203125,1436.0643310546875,327.66943359375,277.78411865234375,225.45596313476562,156.94337463378906,3248.090087890625,1452.93408203125,356.7030334472656,1245.50146484375,1546.4915771484375
2025-08-14,1367.4774169921875,2901.83642578125,979.35205078125,1395.6700439453125,1415.3677978515625,2436.469482421875,392.3160095214844,811.9151611328125,1850.5108642578125,394.9581298828125,3641.432861328125,1067.376708984375,2503.043212890625,12807.375,1626.5438232421875,3477.987548828125,856.1868286132812,1078.365966796875,12070.619140625,237.88156127929688,1425.254150390625,327.091064453125,278.2660827636719,223.8217315673828,152.16200256347656,3231.464599609375,1434.0284423828125,355.1786804199219,1252.4573974609375,1549.463623046875
2025-08-18,1375.3409423828125,2891.178955078125,985.5003662109375,1384.19775390625,1422.606689453125,2522.412841796875,387.4054870605469,812.9957275390625,1868.781005859375,399.5901184082031,3599.938232421875,1081.7657470703125,2561.147705078125,13928.119140625,1617.9224853515625,3543.173828125,899.6695556640625,1132.511962890625,12509.6572265625,236.33944702148438,1420.6619873046875,323.9102783203125,279.8564147949219,224.9741973876953,154.76824951171875,3347.941650390625,1419.07763671875,358.2735595703125,1254.7427978515625,1550.6524658203125
2025-08-19,1413.564208984375,2895.979736328125,979.35205078125,1388.2469482421875,1424.29248046875,2558.4599609375,390.0753173828125,815.697021484375,1885.964599609375,405.2803039550781,3578.052001953125,1082.365234375,2553.228759765625,14108.3095703125,1611.877685546875,3556.430419921875,896.7872314453125,1149.6368408203125,12605.697265625,238.02613830566406,1412.1475830078125,322.9464111328125,278.79156494140625,224.76637268066406,156.0125732421875,3319.14404296875,1443.6741943359375,356.0101318359375,1236.359375,1534.5040283203125
2025-08-20,1406.4969482421875,2975.095458984375,977.9256591796875,1442.427001953125,1418.64013671875,2622.303466796875,387.1671142578125,814.272705078125,1904.4322509765625,402.8045654296875,3557.55224609375,1079.3675537109375,2544.023193359375,14079.59765625,1618.31884765625,3583.242431640625,882.3758544921875,1178.244140625,12616.4775390625,241.76577758789062,1431.1854248046875,329.64532470703125,279.17877197265625,224.7569122314453,158.64822387695312,3360.311767578125,1470.1033935546875,355.40960693359375,1237.5518798828125,1531.72998046875
2025-08-21,1418.24267578125,2978.93603515625,979.4012451171875,1442.619873046875,1433.911376953125,2600.891357421875,386.69036865234375,811.0802612304688,1905.9136962890625,402.8644714355469,3577.65576171875,1078.068603515625,2540.558837890625,14138.01171875,1625.3544921875,3604.47265625,890.128173828125,1167.4544677734375,12612.5576171875,240.86941528320312,1428.793701171875,326.5609130859375,274.9194641113281,225.0970001220703,158.2465057373047,3340.02490234375,1467.4027099609375,354.0986328125,1268.55517578125,1577.99609375
2025-08-22,1402.71435546875,2932.27294921875,966.317626953125,1434.0396728515625,1424.3917236328125,2583.11328125,379.77752685546875,801.7975463867188,1909.2713623046875,396.63525390625,3561.018310546875,1070.07470703125,2479.0888671875,14206.3251953125,1626.940185546875,3609.1572265625,889.034912109375,1151.12158203125,12337.177734375,239.64535522460938,1402.7720947265625,324.8259582519531,274.2902526855469,223.2077178955078,155.34632873535156,3367.634765625,1451.68017578125,350.6340026855469,1269.5489501953125,1577.99609375
2025-08-25,1406.0987548828125,3015.42138671875,966.0717163085938,1477.0367431640625,1421.2183837890625,2584.782958984375,380.7787170410156,801.9940185546875,1906.70361328125,395.97637939453125,3568.247802734375,1069.1754150390625,2467.6064453125,14308.30078125,1641.7052001953125,3639.457763671875,895.29638671875,1141.3218994140625,12353.837890625,244.6572265625,1439.0301513671875,325.6452331542969,275.064697265625,223.65170288085938,156.40451049804688,3363.577392578125,1472.9971923828125,355.8310241699219,1275.809326171875,1586.31787109375
2025-08-26,1378.5262451171875,3031.35986328125,957.5625,1474.6265869140625,1404.7572021484375,2644.697998046875,384.5926818847656,793.5462646484375,1881.0267333984375,392.46246337890625,3507.04541015625,1049.290771484375,2456.22314453125,14567.6962890625,1585.8157958984375,3582.24560546875,870.8964233398438,1150.4285888671875,12357.7578125,242.9127197265625,1428.1241455078125,321.1632385253906,270.9505615234375,221.2239990234375,151.89744567871094,3296.18505859375,1448.979248046875,348.76123046875,1255.2396240234375,1565.1168212890625
2025-08-28,1379.521728515625,2970.390380859375,942.2162475585938,1446.1868896484375,1387.4034423828125,2607.17724609375,382.2566223144531,787.750732421875,1857.7200927734375,388.2696838378906,3525.66357421875,1051.08935546875,2463.74609375,14605.318359375,1571.3477783203125,3625.802490234375,871.4927368164062,1150.6265869140625,12270.5380859375,241.5826416015625,1386.987060546875,318.84991455078125,265.6748352050781,220.46827697753906,150.52574157714844,3261.05419921875,1442.61328125,350.4935302734375,1251.8612060546875,1565.6121826171875
2025-08-29,1350.9537353515625,2961.749267578125,936.1171264648438,1416.782958984375,1386.1143798828125,2612.4814453125,390.695068359375,788.291015625,1865.324462890625,391.3843078613281,3566.16796875,1044.39453125,2493.0458984375,14643.9306640625,1580.0682373046875,3616.931884765625,872.4866333007812,1144.4893798828125,12387.158203125,240.38751220703125,1391.770263671875,315.71728515625,266.44921875,220.77056884765625,151.35855102539062,3166.24951171875,1428.9163818359375,350.96173095703125,1252.1591796875,1574.6275634765625
2025-09-01,1347.6689453125,2988.537353515625,935.1333618164062,1445.5120849609375,1399.2039794921875,2602.364501953125,386.9764404296875,791.7781372070312,1876.977783203125,393.04144287109375,3563.593017578125,1060.6820068359375,2544.122314453125,14738.9755859375,1549.150634765625,3606.76513671875,883.9163818359375,1162.505126953125,12569.4375,241.30313110351562,1404.78125,318.7535705566406,270.90216064453125,225.503173828125,153.01441955566406,3280.945068359375,1452.1624755859375,353.86456298828125,1271.83447265625,1572.447998046875
2025-09-02,1360.2109375,2987.48095703125,929.1326904296875,1444.837158203125,1382.54443359375,2629.37548828125,387.8345947265625,789.666259765625,1863.7442626953125,387.8304443359375,3540.3203125,1055.385986328125,2514.228515625,14694.4228515625,1551.0333251953125,3608.7587890625,884.6617431640625,1188.73681640625,12475.357421875,241.85250854492188,1402.1981201171875,324.1512451171875,277.53314208984375,226.23056030273438,155.18955993652344,3200.885986328125,1459.2039794921875,355.9246520996094,1245.799560546875,1554.615234375
2025-09-03,1366.2828369140625,2974.0390625,938.9207763671875,1425.9415283203125,1385.321044921875,2617.294189453125,392.6020812988281,797.7701416015625,1860.4853515625,391.3643493652344,3565.969970703125,1053.88720703125,2527.987548828125,14778.578125,1564.4111328125,3678.52978515625,890.8239135742188,1182.6986083984375,12478.2978515625,240.53207397460938,1402.580810546875,322.1753234863281,276.9039001464844,225.83380126953125,164.4584197998047,3251.8505859375,1454.7667236328125,365.0076904296875,1254.2459716796875,1563.7298583984375
2025-09-04,1353.0440673828125,2972.310791015625,945.610107421875,1410.4202880859375,1393.75,2619.16064453125,396.5590515136719,795.06884765625,1857.0289306640625,389.2679443359375,3557.849365234375,1049.590576171875,2542.53857421875,14516.212890625,1567.9786376953125,3679.028076171875,929.0390014648438,1200.318115234375,12397.9384765625,236.1081085205078,1380.7686767578125,321.3476867675781,272.789794921875,223.8396453857422,163.43942260742188,3445.319091796875,1447.2431640625,366.5527648925781,1245.10400390625,1563.135498046875
2025-09-05,1368.671875,2926.800048828125,947.7251586914062,1392.681396484375,1391.0726318359375,2586.551025390625,388.40667724609375,792.318359375,1871.74365234375,388.4294128417969,3519.2265625,1055.0863037109375,2553.723876953125,14746.896484375,1579.17626953125,3653.3125,931.87158203125,1196.259765625,12348.9384765625,234.85513305664062,1357.521484375,320.0333557128906,276.2262878417969,222.3297882080078,164.29183959960938,3524.289794921875,1425.540283203125,367.6764221191406,1260.1087646484375,1538.962158203125
2025-09-08,1372.15576171875,2898.668212890625,950.2828369140625,1381.402099609375,1390.973388671875,2577.219970703125,388.5973815917969,794.4794311523438,1864.238037109375,389.3478088378906,3495.458740234375,1054.6866455078125,2505.1220703125,15106.287109375,1566.6904296875,3646.036376953125,938.5306396484375,1175.6702880859375,12410.677734375,233.7467498779297,1342.214599609375,318.0860595703125,273.7578125,220.8104248046875,165.4088134765625,3524.289794921875,1408.9495849609375,362.4326171875,1242.7191162109375,1526.87548828125
2025-09-09,1369.8662109375,2927.8564453125,949.4467163085938,1450.2359619140625,1391.9649658203125,2594.998291015625,390.9811096191406,794.528564453125,1870.1634521484375,391.40423583984375,3490.903076171875,1051.3890380859375,2511.55615234375,15212.22265625,1577.2935791015625,3618.2275390625,942.6056518554688,1190.0235595703125,12320.5185546875,240.13690185546875,1365.2705078125,315.5545959472656,274.7742614746094,219.6708984375,165.7321319580078,3657.88671875,1445.12109375,363.275390625,1283.1627197265625,1537.1788330078125
2025-09-10,1370.66259765625,2986.041015625,950.1845092773438,1477.518798828125,1392.163330078125,2596.471435546875,393.8415832519531,803.7130126953125,1867.8922119140625,393.9798278808594,3515.661376953125,1069.2752685546875,2517.4951171875,14957.7783203125,1578.978271484375,3608.7587890625,962.0361938476562,1205.1685791015625,12228.3984375,246.49815368652344,1400.4761962890625,317.0637512207031,273.9030456542969,220.0602264404297,166.0064697265625,3566.941650390625,1471.9361572265625,366.97412109375,1295.9813232421875,1549.265625
2025-09-11,1376.9337158203125,2999.675048828125,952.0535278320312,1455.4417724609375,1389.882568359375,2575.353759765625,395.74859619140625,809.0665283203125,1889.2236328125,393.7801513671875,3505.4609375,1086.56201171875,2529.96728515625,14944.9072265625,1595.130615234375,3572.4775390625,964.3220825195312,1208.4351806640625,12144.119140625,244.72471618652344,1404.111328125,322.32135009765625,277.62994384765625,221.97842407226562,165.9868927001953,3558.33203125,1467.3062744140625,368.3319091796875,1294.88818359375,1546.29345703125
2025-09-12,1388.579833984375,3008.50830078125,951.5617065429688,1470.7703857421875,1405.847900390625,2534.59228515625,394.5090637207031,808.96826171875,1878.952880859375,393.7801513671875,3545.173095703125,1104.4482421875,2520.46484375,15172.62109375,1601.96826171875,3560.2177734375,997.1204833984375,1205.2674560546875,12122.55859375,242.8259735107422,1403.633056640625,322.9542236328125,278.4527282714844,221.49412536621094,166.3494110107422,3552.59228515625,1471.4539794921875,369.268310546875,1308.4024658203125,1559.965087890625
2025-09-15,1392.8599853515625,2987.865234375,951.3157348632812,1454.1885986328125,1407.5338134765625,2535.083251953125,393.4601745605469,810.1470336914062,1880.829345703125,393.4806823730469,3551.510986328125,1103.5489501953125,2477.208251953125,15113.216796875,1587.500244140625,3522.54150390625,1003.6801147460938,1200.21923828125,12186.2587890625,242.18984985351562,1402.9635009765625,322.37005615234375,277.0975341796875,220.5540313720703,165.81051635742188,3493.61181640625,1465.955810546875,369.6428527832031,1292.602783203125,1533.90966796875
2025-09-16,1398.8323974609375,3020.318115234375,951.1190185546875,1456.9844970703125,1409.71533203125,2534.985107421875,393.8892822265625,816.82666015625,1915.394287109375,403.64312744140625,3632.32177734375,1120.3359375,2455.72802734375,15418.154296875,1595.92333984375,3545.167236328125,997.1204833984375,1192.003173828125,12326.3984375,244.8210906982422,1418.8443603515625,326.2159118652344,279.1304016113281,223.24139404296875,168.54415893554688,3570.50439453125,1477.2413330078125,370.6261291503906,1302.142333984375,1544.5101318359375
2025-09-17,1407.2933349609375,3046.337890625,950.7747192382812,1467.685546875,1407.33544921875,2523.984130859375,390.2659912109375,841.973388671875,1917.1719970703125,409.353271484375,3649.8505859375,1125.13232421875,2468.29931640625,15643.8876953125,1605.53564453125,3511.477783203125,1001.3445434570312,1192.102294921875,12466.5380859375,244.95602416992188,1417.313720703125,327.5302734375,277.9687194824219,224.94117736816406,167.89749145507812,3595.4423828125,1492.3851318359375,374.3248596191406,1303.135986328125,1545.1044921875
2025-09-18,1408.4876708984375,3050.082275390625,961.0055541992188,1485.2313232421875,1409.814453125,2540.780029296875,392.4113464355469,839.222900390625,1916.974365234375,410.2117919921875,3650.345703125,1132.1268310546875,2453.550537109375,15659.728515625,1633.6785888671875,3499.816162109375,990.4117431640625,1196.8536376953125,12373.4384765625,247.6354522705078,1429.0806884765625,328.0657958984375,279.8564147949219,223.7161865234375,168.55393981933594,3604.348876953125,1495.760986328125,368.1446228027344,1314.36474609375,1563.5316162109375
2025-09-19,1400.9227294921875,3042.881591796875,951.168212890625,1484.845703125,1390.4775390625,2514.064208984375,391.55322265625,847.081298828125,1938.009765625,405.49993896484375,3639.84814453125,1135.024658203125,2456.52001953125,15706.26171875,1641.0115966796875,3455.8603515625,986.386474609375,1182.4014892578125,12257.798828125,246.6234588623047,1403.824462890625,329.7209777832031,277.04913330078125,224.76075744628906,168.0150604248047,3554.769775390625,1498.7513427734375,369.40875244140625,1313.3709716796875,1561.154052734375
2025-09-22,1384.199951171875,2951.283935546875,948.5121459960938,1445.6083984375,1389.783447265625,2526.439697265625,388.0252990722656,840.1069946289062,1931.88671875,403.64312744140625,3609.2470703125,1143.51806640625,2457.510009765625,15658.73828125,1629.1202392578125,3446.19189453125,1000.3506469726562,1176.2642822265625,12396.9580078125,241.2742156982422,1377.5159912109375,330.2565002441406,277.4847106933594,225.50144958496094,167.9268798828125,3547.54541015625,1452.0660400390625,369.5960693359375,1293.198974609375,1527.8662109375
2025-09-23,1383.40380859375,2940.338134765625,941.6260375976562,1443.6802978515625,1382.6436767578125,2477.3291015625,384.4496765136719,855.1851806640625,1914.604248046875,408.83416748046875,3622.220458984375,1169.8978271484375,2422.072998046875,15936.9443359375,1616.43603515625,3427.951904296875,1019.2345581054688,1156.5657958984375,12152.9384765625,240.59954833984375,1367.8536376953125,333.9562683105469,279.3724060058594,224.73226928710938,169.78848266601562,3577.035888671875,1419.7528076171875,368.98736572265625,1300.1549072265625,1512.9066162109375
2025-09-24,1376.635009765625,2914.4140625,935.5761108398438,1440.884521484375,1371.1405029296875,2504.143798828125,382.35198974609375,850.8631591796875,1907.0986328125,405.5598449707031,3638.263916015625,1158.0069580078125,2432.268798828125,16087.43359375,1612.3731689453125,3407.120361328125,1023.4585571289062,1166.66259765625,11969.6796875,235.7418670654297,1379.8118896484375,338.43499755859375,283.9220886230469,226.49853515625,169.1712188720703,3537.748291015625,1400.94384765625,367.86370849609375,1289.919677734375,1523.705322265625
2025-09-25,1366.0838623046875,2839.52294921875,934.3955688476562,1431.436767578125,1364.29833984375,2493.142822265625,381.49383544921875,845.902587890625,1911.542724609375,402.0059814453125,3609.14794921875,1165.700927734375,2379.6083984375,16107.234375,1612.6705322265625,3367.450439453125,1006.5624389648438,1161.6141357421875,11898.1396484375,233.2455596923828,1362.113525390625,331.5221862792969,275.3066711425781,227.59056091308594,168.89688110351562,3493.31494140625,1393.1307373046875,367.5359802246094,1267.1640625,1495.6683349609375
2025-09-26,1371.2598876953125,2783.547119140625,929.6737060546875,1396.8270263671875,1348.233642578125,2467.1142578125,386.2613220214844,841.7769165039062,1892.7789306640625,398.27239990234375,3693.425048828125,1153.1107177734375,2319.029541015625,16124.0654296875,1572.3387451171875,3316.41796875,979.0813598632812,1150.8245849609375,11828.5595703125,227.22164916992188,1334.84814453125,328.9907531738281,273.22540283203125,226.0237274169922,164.01748657226562,3361.202392578125,1357.8272705078125,364.3990173339844,1245.203369140625,1485.464111328125
2025-09-29,1366.48193359375,2780.666748046875,934.8382568359375,1389.982177734375,1336.829833984375,2453.461669921875,388.3113098144531,855.3325805664062,1878.557861328125,397.6335144042969,3652.722412109375,1131.327392578125,2318.83154296875,15825.068359375,1574.915283203125,3390.076171875,984.8956298828125,1140.826904296875,11800.1396484375,230.97093200683594,1327.29052734375,331.9603576660156,271.628173828125,227.8849334716797,165.56556701660156,3382.577880859375,1360.720947265625,363.6030578613281,1226.8199462890625,1474.1700439453125
2025-09-30,1357.722412109375,2773.2734375,935.5269165039062,1389.982177734375,1336.730712890625,2469.66796875,382.87640380859375,857.0025024414062,1855.0537109375,397.8531494140625,3623.60693359375,1130.7279052734375,2326.156494140625,15869.62109375,1579.8701171875,3355.988037109375,992.797119140625,1141.222900390625,11977.51953125,230.71070861816406,1325.090087890625,331.4735412597656,271.2893371582031,227.4291229248047,165.3598175048828,3391.38525390625,1350.6895751953125,365.148193359375,1215.988525390625,1489.327880859375
2025-10-01,1362.4007568359375,2798.044921875,949.5450439453125,1393.83837890625,1360.530029296875,2491.080322265625,386.7380676269531,848.80029296875,1844.387939453125,411.94879150390625,3634.797607421875,1158.6064453125,2312.1005859375,15806.2568359375,1621.3907470703125,3397.153076171875,981.66552734375,1154.586181640625,11853.0595703125,232.3491973876953,1329.2996826171875,331.2787780761719,271.67657470703125,230.79071044921875,164.12527465820312,3427.406982421875,1365.833251953125,363.7904052734375,1236.856201171875,1498.9376220703125
2025-10-03,1357.125244140625,2786.2353515625,949.4467163085938,1394.609619140625,1353.786865234375,2499.625244140625,385.4985046386719,851.9436645507812,1873.126220703125,419.3759765625,3696.990234375,1180.08984375,2333.877197265625,15648.837890625,1616.43603515625,3442.005859375,983.7029418945312,1158.05078125,11778.580078125,232.262451171875,1333.126220703125,332.9826354980469,280.4372253417969,231.3794708251953,169.71011352539062,3426.021728515625,1350.9788818359375,358.9679870605469,1240.23486328125,1503.593994140625
2025-10-06,1368.671875,2869.287841796875,957.6116333007812,1422.9530029296875,1352.001953125,2496.58056640625,382.11358642578125,858.5741577148438,1879.4466552734375,428.4602966308594,3700.8525390625,1211.865478515625,2330.90771484375,15838.9287109375,1639.7232666015625,3414.197021484375,1002.7360229492188,1169.7310791015625,11813.8603515625,233.37086486816406,1356.27783203125,330.15911865234375,277.7267150878906,233.46859741210938,166.62374877929688,3435.917724609375,1388.3079833984375,357.61016845703125,1240.731689453125,1499.0367431640625
2025-10-07,1378.4267578125,2855.173583984375,966.514404296875,1406.0819091796875,1364.3974609375,2472.418212890625,381.2077941894531,849.3897094726562,1905.0247802734375,424.6468811035156,3693.623046875,1185.885498046875,2328.927978515625,15947.8349609375,1638.1378173828125,3407.0205078125,1010.3392333984375,1164.880859375,11940.279296875,234.72021484375,1371.2974853515625,329.0881042480469,279.75958251953125,232.955810546875,167.966064453125,3456.50146484375,1387.922119140625,360.2320861816406,1240.63232421875,1499.2349853515625
2025-10-08,1361.1068115234375,2906.541015625,962.7762451171875,1441.2701416015625,1358.8443603515625,2455.62255859375,381.16009521484375,843.0538940429688,1919.3446044921875,422.83001708984375,3693.72216796875,1179.690185546875,2304.87451171875,15852.7900390625,1616.83251953125,3553.9384765625,1016.89892578125,1168.5433349609375,11751.140625,235.43344116210938,1390.2396240234375,324.99884033203125,276.1778869628906,229.62271118164062,168.46575927734375,3390.890625,1406.5382080078125,357.7974548339844,1226.7205810546875,1480.7086181640625
2025-10-09,1371.458984375,2939.666015625,961.2022094726562,1455.0562744140625,1364.69482421875,2472.811279296875,381.3031311035156,846.835693359375,1917.86328125,428.1807861328125,3732.740966796875,1166.5003662109375,2312.6943359375,15826.05859375,1643.489013671875,3538.987548828125,1017.8430786132812,1175.7694091796875,11948.119140625,237.4863739013672,1422.0970458984375,326.99481201171875,277.0007019042969,231.12307739257812,172.85523986816406,3407.1201171875,1414.640625,358.9679870605469,1238.2474365234375,1499.0367431640625
2025-10-10,1375.3409423828125,2907.597412109375,964.9404296875,1460.4549560546875,1368.7607421875,2483.909912109375,384.0682373046875,865.0573120117188,1915.789306640625,429.27886962890625,3747.397705078125,1179.4903564453125,2316.455810546875,16103.2744140625,1655.7767333984375,3520.3486328125,1017.5946044921875,1187.350830078125,12035.3388671875,239.70318603515625,1430.70703125,330.7432861328125,279.90478515625,233.9243927001953,170.3469696044922,3418.995361328125,1405.5736083984375,360.0447998046875,1256.43212890625,1547.2841796875
2025-10-13,1368.671875,2887.33837890625,961.1038818359375,1439.5347900390625,1367.8681640625,2448.452392578125,380.683349609375,867.3165893554688,1930.6029052734375,429.6781921386719,3733.0380859375,1188.6832275390625,2318.732666015625,16160.697265625,1653.2994384765625,3522.043212890625,1030.415771484375,1176.0662841796875,11928.51953125,236.2623291015625,1429.941650390625,332.6905517578125,277.0007019042969,231.7877960205078,169.5337371826172,3423.745361328125,1399.4969482421875,357.28240966796875,1254.4447021484375,1549.0673828125
2025-10-14,1369.5677490234375,2842.307861328125,961.25146484375,1436.353515625,1372.52880859375,2457.783447265625,378.3472900390625,861.4227905273438,1922.406005859375,429.6182861328125,3708.081787109375,1175.8931884765625,2294.580322265625,16099.3134765625,1639.426025390625,3525.83056640625,1012.92333984375,1163.593994140625,11828.5595703125,239.4333038330078,1430.6114501953125,327.773681640625,278.30755615234375,232.35755920410156,167.0646514892578,3423.844482421875,1415.990966796875,356.7206115722656,1229.5029296875,1537.8724365234375
2025-10-15,1367.97509765625,2862.063720703125,962.3335571289062,1421.41064453125,1386.7093505859375,2474.186279296875,381.3031311035156,870.4107666015625,1944.0338134765625,429.1790466308594,3791.665283203125,1168.6986083984375,2351.001953125,16050.80078125,1640.11962890625,3537.392822265625,1053.4244384765625,1209.029052734375,12064.7392578125,241.1585693359375,1430.8983154296875,330.30517578125,281.6472473144531,235.23483276367188,169.739501953125,3460.855712890625,1407.309814453125,359.8106994628906,1224.6337890625,1544.212890625
2025-10-16,1391.8646240234375,2862.93115234375,978.1715698242188,1418.61474609375,1405.451416015625,2515.93017578125,386.3089599609375,871.2457275390625,1942.947509765625,440.3197937011719,3824.4453125,1195.378173828125,2385.250732421875,16135.9462890625,1643.9844970703125,3628.394287109375,1059.2386474609375,1263.669921875,12110.798828125,244.62832641601562,1449.3623046875,332.495849609375,282.51849365234375,235.83311462402344,170.48414611816406,3523.794921875,1411.93994140625,362.9476318359375,1232.384521484375,1554.8134765625
2025-10-17,1410.279541015625,2854.73974609375,986.2381591796875,1389.307373046875,1424.5899658203125,2557.37939453125,392.98345947265625,873.4067993164062,1986.9931640625,440.3996887207031,3802.261962890625,1199.2750244140625,2482.35546875,16237.921875,1663.9024658203125,3662.78125,1063.56201171875,1276.439208984375,12122.55859375,232.1853485107422,1433.1617431640625,332.009033203125,280.4856262207031,235.2063446044922,168.7401123046875,3609.296875,1396.313720703125,364.0712890625,1247.9857177734375,1562.937255859375
2025-10-20,1460.04931640625,2905.81689453125,986.6316528320312,1408.395751953125,1378.6771240234375,2548.244873046875,393.8415832519531,891.431884765625,2026.0023193359375,441.9969177246094,3835.23974609375,1225.05517578125,2490.471923828125,16260.693359375,1673.3165283203125,3724.977294921875,1074.3955078125,1272.380859375,12099.0390625,232.5130615234375,1442.0335693359375,332.9339904785156,278.98516845703125,236.20343017578125,168.47555541992188,3561.697021484375,1407.81494140625,365.7568054199219,1273.9212646484375,1623.8656005859375
2025-10-21,1458.4566650390625,2897.62548828125,991.3043823242188,1419.482421875,1370.4464111328125,2545.5927734375,393.6509094238281,891.775634765625,2018.1016845703125,438.6427001953125,3850.58984375,1236.3465576171875,2479.187744140625,16232.9716796875,1675.1993408203125,3716.803955078125,1079.86181640625,1274.26171875,12095.119140625,232.6287078857422,1432.96875,332.9826354980469,279.3724060058594,235.6146697998047,169.28878784179688,3583.567138671875,1412.0059814453125,366.22503662109375,1280.5789794921875,1648.137939453125
2025-10-23,1441.7340087890625,2961.712890625,992.386474609375,1473.566162109375,1352.2994384765625,2555.31689453125,396.60675048828125,895.41015625,1982.9442138671875,444.35284423828125,3880.794921875,1257.8299560546875,2477.010009765625,16230.0009765625,1674.604736328125,3759.96240234375,1087.465087890625,1259.9085693359375,11902.0595703125,235.4623565673828,1469.5164794921875,333.6155090332031,280.3887939453125,239.593505859375,170.6409149169922,3585.9423828125,1426.3336181640625,367.6764221191406,1271.337646484375,1629.809814453125
2025-10-24,1444.9193115234375,2952.075439453125,978.5650634765625,1470.57763671875,1366.182373046875,2471.632568359375,397.4172058105469,888.4849853515625,2004.0782470703125,436.6461486816406,3867.128173828125,1240.9429931640625,2476.21826171875,16112.1845703125,1683.622314453125,3702.75,1083.092041015625,1269.0152587890625,11679.6005859375,234.1901092529297,1469.419921875,330.64593505859375,279.2755432128906,242.1099395751953,170.91525268554688,3587.32763671875,1416.8792724609375,368.98736572265625,1275.5111083984375,1569.674072265625
2025-10-27,1477.2696533203125,2972.988525390625,986.6316528320312,1472.633056640625,1366.083251953125,2467.1142578125,401.0881652832031,906.411865234375,2054.246826171875,428.9794006347656,3885.845703125,1253.133544921875,2493.243896484375,16225.05078125,1678.271240234375,3727.56884765625,1077.774658203125,1270.005126953125,11774.66015625,235.0864715576172,1478.7738037109375,332.7392578125,281.7440185546875,240.505126953125,173.09039306640625,3574.067138671875,1425.7489013671875,371.4688720703125,1276.206787109375,1569.27783203125
2025-10-28,1480.056884765625,2946.9677734375,987.2218627929688,1468.4241943359375,1351.7044677734375,2452.676025390625,398.466064453125,913.779052734375,2064.22119140625,431.4151916503906,3934.37158203125,1245.339599609375,2483.840087890625,16148.81640625,1671.73095703125,3704.84326171875,1066.1959228515625,1258.1265869140625,11692.3408203125,233.61181640625,1467.7806396484375,330.2077941894531,279.0335693359375,237.9127197265625,178.13632202148438,3541.90478515625,1410.7388916015625,366.50592041015625,1281.274658203125,1553.5255126953125
2025-10-29,1497.277099609375,2946.678955078125,991.451904296875,1478.408203125,1358.9434814453125,2443.836181640625,401.9940185546875,923.11083984375,2074.4921875,429.3587341308594,3919.81396484375,1247.837646484375,2512.94189453125,15977.537109375,1700.369384765625,3736.041015625,1056.4556884765625,1260.1064453125,11758.98046875,233.5154266357422,1501.7244873046875,338.3376159667969,285.90655517578125,242.7556610107422,181.44802856445312,3497.966064453125,1415.417236328125,357.70379638671875,1243.0172119140625,1566.4046630859375
2025-10-30,1481.6494140625,2925.187744140625,981.9097900390625,1462.1597900390625,1351.0103759765625,2425.665283203125,399.2765197753906,917.8064575195312,2040.618408203125,426.70330810546875,3948.929443359375,1237.6455078125,2497.896240234375,16044.8603515625,1687.9825439453125,3738.43310546875,1045.870849609375,1266.9366455078125,11811.900390625,233.16844177246094,1494.4921875,336.0495910644531,282.1796569824219,241.7016143798828,180.62501525878906,3465.705078125,1397.4833984375,363.0412902832031,1194.6240234375,1525.7857666015625
2025-10-31,1479.5592041015625,2947.064208984375,971.2362670898438,1450.9034423828125,1334.0533447265625,2421.63818359375,400.8021240234375,920.4095458984375,2028.9649658203125,419.71539306640625,3991.909423828125,1231.8499755859375,2485.324951171875,16025.0595703125,1675.3974609375,3734.446044921875,1036.428955078125,1258.7205810546875,11708.0205078125,231.96368408203125,1486.48828125,328.0657958984375,278.936767578125,242.49928283691406,179.1455078125,3450.959716796875,1388.321533203125,363.9308166503906,1190.0531005859375,1487.346435546875
2025-11-03,1477.866943359375,2907.359130859375,976.499267578125,1454.0355224609375,1335.14404296875,2416.23583984375,394.69976806640625,932.8847045898438,2048.22265625,421.97149658203125,3941.9970703125,1232.749267578125,2486.710693359375,15495.37890625,1690.9554443359375,3712.31884765625,1036.72705078125,1253.8702392578125,11710.9599609375,231.79981994628906,1488.4168701171875,326.3619384765625,278.79156494140625,244.5693817138672,178.9789581298828,3512.018310546875,1383.8380126953125,363.8371887207031,1188.463134765625,1497.45166015625
2025-11-04,1466.3203125,2881.72412109375,969.2196655273438,1436.808349609375,1325.7235107421875,2402.1904296875,389.88458251953125,940.644775390625,2087.0341796875,418.5973205566406,3886.439697265625,1225.6546630859375,2461.46923828125,15221.1337890625,1674.703857421875,3801.027587890625,1050.5421142578125,1252.1873779296875,11582.5810546875,229.3131561279297,1474.53076171875,321.8832092285156,270.12774658203125,239.63148498535156,175.667236328125,3543.98291015625,1373.5064697265625,363.1158447265625,1192.43798828125,1489.327880859375
2025-11-06,1489.2144775390625,2901.6728515625,968.6294555664062,1435.6336669921875,1309.3614501953125,2392.662841796875,388.5497131347656,943.739013671875,2068.86279296875,415.92193603515625,3844.053955078125,1227.55322265625,2576.490478515625,15298.357421875,1670.6409912109375,3762.055419921875,1035.534423828125,1253.2762451171875,11671.7607421875,231.36610412597656,1471.92724609375,318.037353515625,261.5606994628906,238.82432556152344,173.6880645751953,3580.895263671875,1377.7950439453125,358.8840637207031,1197.6051025390625,1487.5445556640625
2025-11-07,1471.19775390625,2883.265869140625,966.317626953125,1445.5198974609375,1331.7724609375,2389.693115234375,385.2601318359375,938.92578125,1976.327392578125,416.940185546875,3844.945068359375,1221.857666015625,2587.27978515625,15325.08984375,1676.0911865234375,3756.972412109375,1060.0833740234375,1249.9107666015625,11611.98046875,227.9348907470703,1458.4268798828125,320.1975402832031,263.30316162109375,239.48904418945312,177.70521545410156,3651.85009765625,1351.5762939453125,361.6251525878906,1197.803955078125,1491.7054443359375
2025-11-10,1482.44580078125,2915.4541015625,968.4818725585938,1481.4425048828125,1336.730712890625,2384.54541015625,386.69036865234375,934.3090209960938,1994.6962890625,417.81866455078125,3880.596923828125,1216.0621337890625,2623.508544921875,15428.0556640625,1682.433349609375,3790.56201171875,1078.3709716796875,1250.1087646484375,11493.4013671875,231.1636962890625,1485.52392578125,319.559326171875,263.9921875,238.7293701171875,177.81298828125,3625.8232421875,1362.395263671875,366.7706298828125,1191.1461181640625,1497.45166015625
2025-11-11,1486.5269775390625,2936.46337890625,975.564697265625,1497.88671875,1346.944580078125,2403.05712890625,387.929931640625,936.4209594726562,2016.9166259765625,416.6606750488281,3916.74365234375,1221.557861328125,2630.239501953125,15489.4384765625,1700.567626953125,3799.93115234375,999.05859375,1255.2559814453125,11588.4609375,232.94677734375,1513.9710693359375,320.7375793457031,263.4507751464844,236.8776397705078,177.3818817138672,3710.13818359375,1372.3369140625,368.1651306152344,1203.865478515625,1500.820068359375
2025-11-12,1504.5435791015625,3018.18701171875,973.4005126953125,1518.8333740234375,1347.53955078125,2400.08740234375,388.07293701171875,940.2028198242188,2048.025146484375,416.1814880371094,3916.34765625,1220.6585693359375,2741.697265625,15539.931640625,1716.4228515625,3838.5048828125,1007.0097045898438,1265.253662109375,11682.5400390625,236.3490753173828,1537.1146240234375,321.2285461425781,262.909423828125,241.05589294433594,175.00099182128906,3715.283935546875,1419.218505859375,371.72369384765625,1221.8514404296875,1505.17919921875
2025-11-13,1503.9464111328125,2993.03369140625,970.596923828125,1509.14306640625,1374.3138427734375,2383.357666015625,386.8334045410156,937.1085815429688,2065.801513671875,414.32470703125,3963.7841796875,1224.2557373046875,2850.184814453125,15592.404296875,1721.6749267578125,3826.6435546875,999.2573852539062,1262.2841796875,11695.2802734375,236.45509338378906,1541.4541015625,321.0321960449219,265.6163024902344,238.2071075439453,173.08058166503906,3661.053466796875,1414.6375732421875,368.5498962402344,1227.1180419921875,1511.6187744140625
2025-11-14,1511.9095458984375,2993.322998046875,973.4988403320312,1470.9691162109375,1361.521728515625,2403.255126953125,389.1694641113281,950.7133178710938,2074.5908203125,415.22314453125,3965.665771484375,1240.6431884765625,2876.9111328125,15528.05078125,1741.196533203125,3816.67626953125,1012.27734375,1258.7205810546875,11636.48046875,235.52981567382812,1537.693359375,322.5050354003906,267.04351806640625,240.88247680664062,170.73887634277344,3660.162841796875,1402.74658203125,372.1565246582031,1238.1480712890625,1517.860107421875
2025-11-17,1511.3123779296875,2989.66064453125,980.3357543945312,1475.66748046875,1367.4715576171875,2400.582275390625,388.1683044433594,956.1159057617188,2085.94775390625,419.8551330566406,3988.740478515625,1248.636962890625,2858.5986328125,15720.1220703125,1747.93505859375,3855.947509765625,1020.5266723632812,1257.433837890625,11542.4013671875,235.22140502929688,1549.072265625,324.2233581542969,269.2582092285156,241.3202667236328,169.67091369628906,3696.08544921875,1416.002197265625,373.0220947265625,1236.5582275390625,1521.32763671875
2025-11-18,1512.4072265625,2975.108642578125,976.302490234375,1454.91650390625,1361.9183349609375,2379.793701171875,386.9764404296875,955.2318725585938,2122.488037109375,417.8985290527344,3960.912353515625,1264.4249267578125,2881.00439453125,15771.60546875,1742.8812255859375,3866.5126953125,1007.4072265625,1252.2864990234375,11472.8212890625,232.1853485107422,1538.2718505859375,322.5050354003906,269.8980407714844,240.2501220703125,168.9654541015625,3656.40234375,1385.9822998046875,369.271240234375,1235.9620361328125,1500.4237060546875
2025-11-19,1511.9095458984375,3033.51025390625,978.41748046875,1508.4578857421875,1371.5372314453125,2417.015380859375,384.78338623046875,965.3494873046875,2132.956298828125,420.4541015625,3980.718994140625,1269.4210205078125,2868.81005859375,15611.2158203125,1767.9521484375,3920.236572265625,999.4561157226562,1266.045654296875,11432.6416015625,237.16831970214844,1603.2664794921875,320.6885070800781,270.8331298828125,242.2445068359375,169.71011352539062,3683.814453125,1397.580810546875,364.5585021972656,1242.321533203125,1512.6094970703125
2025-11-20,1541.9705810546875,3030.715576171875,992.4356689453125,1503.955322265625,1371.4381103515625,2403.947998046875,386.59503173828125,964.1707153320312,2131.474853515625,419.0165710449219,3998.3466796875,1284.2095947265625,2835.201904296875,15643.8876953125,1761.3128662109375,3889.636962890625,1022.3156127929688,1266.2435302734375,11517.9013671875,237.35145568847656,1586.6805419921875,320.6885070800781,272.8509826660156,241.3202667236328,168.9752655029297,3678.07470703125,1419.12109375,365.1355895996094,1240.731689453125,1514.987060546875
2025-11-21,1539.4820556640625,3036.30517578125,981.8114013671875,1512.2752685546875,1358.0509033203125,2409.19482421875,388.8834228515625,955.3792114257812,2135.820068359375,416.84033203125,3985.967529296875,1274.81689453125,2851.857421875,15818.1376953125,1763.5919189453125,3891.430908203125,997.9652709960938,1267.7283935546875,11494.380859375,235.64549255371094,1550.6151123046875,320.7375793457031,273.2446594238281,240.2501220703125,164.60537719726562,3710.6328125,1424.4818115234375,363.7410583496094,1236.061279296875,1497.7489013671875
2025-11-24,1528.831298828125,3027.24609375,982.8934936523438,1515.2117919921875,1356.960205078125,2399.790283203125,384.78338623046875,953.4146118164062,2125.35205078125,416.7405090332031,3974.47998046875,1268.0220947265625,2854.434814453125,15799.326171875,1764.68212890625,3861.62890625,987.927001953125,1256.3448486328125,11352.28125,238.32492065429688,1552.929443359375,317.59552001953125,271.472900390625,239.08267211914062,162.0187225341797,3652.44384765625,1456.8408203125,358.3070068359375,1218.4727783203125,1490.0213623046875
2025-11-25,1532.61376953125,3006.04443359375,973.6956176757812,1498.1802978515625,1346.4488525390625,2389.792236328125,382.1612854003906,966.1844482421875,2134.73388671875,413.26654052734375,3958.040283203125,1265.32421875,2851.064208984375,15731.0126953125,1760.71826171875,3842.49169921875,980.1746826171875,1250.4056396484375,11348.361328125,236.75389099121094,1543.9613037109375,317.84100341796875,269.1597900390625,238.69354248046875,162.9691162109375,3631.167236328125,1456.8408203125,355.902587890625,1228.3104248046875,1493.48876953125
2025-11-26,1562.6748046875,3048.15869140625,987.5662231445312,1524.902099609375,1363.5050048828125,2400.7802734375,383.5915222167969,966.4791870117188,2100.366455078125,420.03485107421875,4022.708740234375,1289.2056884765625,2849.27978515625,15995.357421875,1788.56396484375,3884.9521484375,1004.5249633789062,1263.867919921875,11523.78125,241.13929748535156,1560.161865234375,320.1975402832031,270.73468017578125,240.97976684570312,166.2416229248047,3648.089599609375,1481.889892578125,362.92352294921875,1240.135498046875,1509.6373291015625
2025-11-27,1556.2047119140625,3022.81298828125,993.0750732421875,1533.2220458984375,1380.5611572265625,2427.013427734375,385.4985046386719,955.624755859375,2089.3056640625,421.3126220703125,4041.822021484375,1286.3079833984375,2854.3359375,15744.873046875,1793.9150390625,3890.533935546875,1027.48388671875,1253.5733642578125,11384.62109375,240.53207397460938,1570.86572265625,321.4249267578125,269.4058837890625,237.38015747070312,164.73275756835938,3642.943603515625,1471.5584716796875,363.59674072265625,1241.4273681640625,1511.0242919921875
2025-11-28,1560.285888671875,3023.68017578125,991.2059936523438,1527.055419921875,1377.189697265625,2441.763671875,385.4508361816406,961.6658935546875,2075.479736328125,424.1477355957031,4030.2353515625,1278.7137451171875,2849.676025390625,15741.9033203125,1815.022216796875,3894.919677734375,1031.1612548828125,1248.326904296875,11367.9619140625,240.50315856933594,1566.2369384765625,320.5412292480469,265.7146911621094,236.6505126953125,164.56619262695312,3718.252685546875,1478.868408203125,361.7694091796875,1250.867431640625,1517.067626953125
2025-12-01,1558.892333984375,3019.72900390625,985.7954711914062,1530.872802734375,1378.478759765625,2439.6845703125,385.4508361816406,955.870361328125,2063.7275390625,428.77972412109375,4033.80029296875,1274.7169189453125,2842.934814453125,15936.9443359375,1791.041259765625,3882.161376953125,1014.8613891601562,1247.83203125,11428.7216796875,241.2260284423828,1584.2696533203125,321.1794738769531,265.4194030761719,238.18763732910156,165.22265625,3702.716064453125,1490.7593994140625,365.1355895996094,1252.1591796875,1508.9437255859375
2025-12-02,1539.1834716796875,3021.94580078125,973.6956176757812,1527.9364013671875,1361.521728515625,2452.850830078125,382.3043212890625,950.1730346679688,2077.849853515625,427.7415466308594,3991.513427734375,1257.030517578125,2928.988037109375,16077.5322265625,1783.2127685546875,3873.09130859375,1019.2345581054688,1246.1492919921875,11432.6416015625,241.1199951171875,1577.1336669921875,322.6523132324219,263.2539367675781,236.93263244628906,164.3898162841797,3677.876708984375,1497.7769775390625,364.4623718261719,1267.1640625,1502.504150390625
2025-12-03,1531.718017578125,3064.638427734375,984.2214965820312,1545.261474609375,1379.8670654296875,2423.350830078125,381.8752136230469,934.2107543945312,2060.073486328125,428.4802551269531,3949.424560546875,1269.720703125,2928.095947265625,15922.09375,1790.3475341796875,3805.313720703125,1015.1596069335938,1229.3214111328125,11359.1416015625,245.4764862060547,1581.955322265625,317.1045837402344,264.2382507324219,233.5081329345703,163.5471954345703,3611.473876953125,1502.650390625,360.90380859375,1272.62939453125,1493.984130859375
2025-12-04,1528.53271484375,3112.0537109375,980.9752197265625,1563.7611083984375,1375.1070556640625,2437.40771484375,384.3066101074219,931.31298828125,2077.65234375,426.34393310546875,3945.067138671875,1279.0135498046875,2931.763916015625,15834.96875,1801.8427734375,3787.970458984375,1022.8125,1229.81640625,11375.8017578125,247.6354522705078,1595.552001953125,317.1045837402344,264.8780517578125,235.6581573486328,163.40023803710938,3633.443359375,1522.7286376953125,364.5585021972656,1269.5489501953125,1506.86328125
2025-12-05,1533.5096435546875,3120.727294921875,986.9759521484375,1581.9671630859375,1380.858642578125,2315.052490234375,386.1182861328125,954.2987060546875,2082.590087890625,430.23724365234375,3999.138916015625,1281.51171875,2942.966796875,16120.10546875,1788.9603271484375,3800.828369140625,1041.5970458984375,1234.2708740234375,11365.021484375,250.50767517089844,1622.9385986328125,317.4482116699219,265.5670471191406,234.685302734375,163.7333526611328,3678.470703125,1531.0133056640625,365.42413330078125,1267.1640625,1506.665283203125
2025-12-08,1535.898681640625,3119.0888671875,986.7791748046875,1576.681640625,1377.98291015625,2290.699951171875,383.5915222167969,939.466064453125,2060.27099609375,425.58526611328125,3958.040283203125,1272.8184814453125,2903.112548828125,16026.0498046875,1779.942626953125,3754.6796875,1020.1290893554688,1202.4959716796875,11309.162109375,251.9244842529297,1628.338623046875,313.7170104980469,261.03924560546875,232.048828125,160.1669158935547,3643.4384765625,1551.4814453125,362.92352294921875,1258.5189208984375,1483.6807861328125
2025-12-09,1522.3612060546875,3091.911865234375,980.8768310546875,1565.1314697265625,1363.7032470703125,2283.275634765625,382.3996276855469,942.3638305664062,2063.7275390625,424.8066101074219,3958.832763671875,1274.916748046875,2771.95068359375,15860.7099609375,1759.9254150390625,3836.41162109375,1010.4883422851562,1203.48583984375,11185.681640625,248.09811401367188,1598.4449462890625,314.0606994628906,260.3994140625,233.33302307128906,157.42349243164062,3598.1142578125,1522.0462646484375,364.8470764160156,1238.3468017578125,1476.745849609375
2025-12-10,1529.8267822265625,3073.504638671875,973.6956176757812,1551.2322998046875,1352.2001953125,2278.52392578125,384.4019775390625,942.7567749023438,2041.3095703125,425.16595458984375,3952.692626953125,1277.6146240234375,2780.37744140625,15859.7197265625,1769.3394775390625,3833.122314453125,1004.1273803710938,1197.0516357421875,11090.6220703125,248.64749145507812,1606.545166015625,315.77899169921875,261.3345031738281,232.7979278564453,158.95196533203125,3592.275634765625,1511.5198974609375,367.5400085449219,1242.9178466796875,1477.0430908203125
2025-12-11,1537.889404296875,3076.10693359375,984.0247802734375,1564.1527099609375,1348.63037109375,2282.384765625,384.16363525390625,946.1947631835938,2027.68115234375,435.28851318359375,3965.170654296875,1271.7191162109375,2755.4931640625,16086.443359375,1790.843017578125,3832.225341796875,1000.2512817382812,1202.69384765625,11242.521484375,249.8715362548828,1612.7169189453125,316.76092529296875,260.6455078125,231.9418182373047,163.0181121826172,3627.10986328125,1528.4791259765625,369.3193054199219,1265.4747314453125,1498.2442626953125
2025-12-12,1549.3365478515625,3103.669189453125,985.2052612304688,1564.348388671875,1354.5802001953125,2237.837890625,381.49383544921875,946.0965576171875,2057.505615234375,434.5697326660156,4034.69189453125,1285.10888671875,2741.01904296875,16357.71875,1777.26708984375,3867.509521484375,1011.0846557617188,1225.7579345703125,11488.5009765625,251.1726837158203,1613.48828125,319.1665344238281,259.4643249511719,231.56240844726562,168.41677856445312,3641.3603515625,1538.4207763671875,368.69415283203125,1271.23828125,1503.2967529296875
2025-12-15,1549.037841796875,3113.017333984375,979.89306640625,1572.766357421875,1353.786865234375,2270.406494140625,383.5915222167969,950.1239624023438,2043.97607421875,435.50811767578125,4052.7158203125,1283.8099365234375,2756.286376953125,16251.7822265625,1780.83447265625,3853.55517578125,1006.5127563476562,1230.9051513671875,11493.4013671875,252.27145385742188,1623.90283203125,318.08648681640625,258.0863037109375,228.96484375,169.37696838378906,3570.50439453125,1535.496826171875,369.7521057128906,1272.530029296875,1493.984130859375
2025-12-16,1535.201904296875,3088.827880859375,978.1223754882812,1559.1607666015625,1354.5802001953125,2258.13134765625,383.0194091796875,944.1319580078125,2075.87451171875,435.7277526855469,4024.491455078125,1218.66015625,2766.894287109375,16191.388671875,1765.1776123046875,3916.648193359375,992.3001708984375,1228.0345458984375,11297.4013671875,249.84262084960938,1592.7554931640625,315.18988037109375,256.2653503417969,225.9100341796875,166.39840698242188,3583.369140625,1538.225830078125,367.01104736328125,1268.8533935546875,1485.6622314453125
2025-12-17,1537.292236328125,3101.067138671875,967.989990234375,1568.0679931640625,1341.0938720703125,2252.686767578125,381.2077941894531,958.5716552734375,2081.800048828125,433.89093017578125,4023.104736328125,1223.756103515625,2761.739013671875,16234.951171875,1776.672607421875,3895.118896484375,993.4927368164062,1222.0953369140625,11309.162109375,251.6931915283203,1595.937744140625,315.4353332519531,257.0035705566406,226.59103393554688,166.89808654785156,3575.25439453125,1539.3955078125,370.04058837890625,1263.9842529296875,1482.9873046875
2025-12-18,1537.292236328125,3161.78173828125,963.7599487304688,1592.3427734375,1345.4571533203125,2242.6884765625,381.7798767089844,960.2415771484375,2065.9990234375,432.17388916015625,3992.107666015625,1228.852294921875,2735.962646484375,16166.6376953125,1730.097900390625,3906.481689453125,994.1884765625,1221.0064697265625,11231.7421875,254.3051300048828,1602.109375,312.735107421875,253.90298461914062,225.70571899414062,164.7229461669922,3549.326904296875,1564.931884765625,370.5695495605469,1271.933837890625,1484.96875
2025-12-19,1557.8968505859375,3162.938232421875,969.465576171875,1603.9906005859375,1342.7796630859375,2257.04248046875,382.3996276855469,962.94287109375,2071.6279296875,431.1556396484375,4034.097412109375,1229.651611328125,2775.81689453125,16250.79296875,1729.10693359375,3917.246337890625,1002.1396484375,1231.796142578125,11266.0419921875,254.88343811035156,1583.7874755859375,314.1097717285156,259.31671142578125,226.57156372070312,165.28143310546875,3566.150146484375,1571.6571044921875,370.8581237792969,1270.1451416015625,1502.99951171875
2025-12-22,1568.1495361328125,3204.281982421875,971.6298217773438,1653.8125,1357.059326171875,2266.44677734375,383.9729309082031,957.0491333007812,2120.907958984375,429.1990051269531,4033.008056640625,1232.2496337890625,2783.450927734375,16483.455078125,1753.7816162109375,3920.934326171875,1001.6427001953125,1244.4664306640625,11301.3212890625,262.8060607910156,1610.6917724609375,314.8952941894531,260.8423767089844,227.82656860351562,165.80072021484375,3579.11376953125,1604.9908447265625,371.4832763671875,1275.3123779296875,1498.838623046875
2025-12-23,1563.4710693359375,3189.922607421875,980.3849487304688,1632.9637451171875,1351.605224609375,2279.414794921875,388.40667724609375,954.691650390625,2096.5146484375,431.7945251464844,4019.539794921875,1224.0560302734375,2783.649169921875,16420.091796875,1740.0074462890625,3912.96044921875,1005.220703125,1243.7735595703125,11444.4013671875,261.5820007324219,1619.94921875,317.3991394042969,262.81097412109375,229.10104370117188,167.44677734375,3587.4267578125,1591.6378173828125,385.09228515625,1275.4117431640625,1486.751953125
2025-12-24,1551.0286865234375,3198.595947265625,980.9752197265625,1628.16748046875,1348.43212890625,2259.22021484375,387.6915588378906,951.7938842773438,2097.304931640625,431.9941711425781,4014.39013671875,1225.35498046875,2761.540771484375,16536.91796875,1721.278564453125,3896.514404296875,1005.5188598632812,1246.9410400390625,11528.6806640625,258.3628234863281,1614.9346923828125,316.7117919921875,263.844482421875,227.42770385742188,166.63356018066406,3598.906005859375,1590.1759033203125,386.9677429199219,1257.8233642578125,1482.3929443359375
2025-12-26,1552.0240478515625,3161.010986328125,975.9581909179688,1621.0220947265625,1339.110595703125,2262.387939453125,385.35546875,949.1907348632812,2079.232177734375,432.0940246582031,4008.15087890625,1227.25341796875,2722.87646484375,16430.982421875,1703.936767578125,3978.94384765625,993.8903198242188,1259.71044921875,11558.0810546875,256.6664733886719,1601.6273193359375,318.2337341308594,261.2853088378906,228.1670684814453,165.70274353027344,3585.447509765625,1571.462158203125,386.7753601074219,1261.30126953125,1492.002685546875
2025-12-29,1538.4866943359375,3133.544677734375,975.564697265625,1609.863525390625,1332.070068359375,2270.20849609375,383.8775634765625,947.962890625,2055.728271484375,430.9759521484375,3999.634033203125,1231.050537109375,2751.527587890625,16377.51953125,1701.65771484375,3970.6708984375,991.902587890625,1267.0355224609375,11562.98046875,254.68101501464844,1572.6015625,319.6084289550781,256.51141357421875,228.44921875,168.81849670410156,3554.769775390625,1571.5596923828125,385.33270263671875,1260.6055908203125,1480.1142578125
2025-12-30,1532.71337890625,3129.01513671875,974.7777709960938,1587.2528076171875,1331.276611328125,2267.1396484375,381.9705810546875,956.2141723632812,2073.701904296875,429.7979736328125,4012.805419921875,1245.039794921875,2734.574951171875,16481.4765625,1704.6304931640625,3961.1025390625,983.2556762695312,1261.1953125,11470.861328125,254.11236572265625,1557.55810546875,319.0192565917969,256.2653503417969,228.31300354003906,172.24777221679688,3622.260986328125,1563.9571533203125,382.7840270996094,1257.8233642578125,1478.628173828125
2025-12-31,1563.172607421875,3089.887939453125,975.0728759765625,1581.1842041015625,1331.67333984375,2292.580810546875,384.25897216796875,964.8092651367188,2079.429931640625,439.4613037109375,4044.000732421875,1268.4217529296875,2745.678466796875,16530.978515625,1704.135009765625,4038.249267578125,980.77099609375,1274.9544677734375,11548.28125,253.75575256347656,1565.369140625,323.5850830078125,260.44866943359375,233.85836791992188,176.4412841796875,3670.652587890625,1550.604248046875,383.74578857421875,1263.3880615234375,1497.2535400390625
2026-01-01,1568.3485107421875,3110.31884765625,975.023681640625,1595.2791748046875,1326.8143310546875,2299.609375,346.9295959472656,967.3140869140625,2084.170166015625,442.7955322265625,4100.35009765625,1273.41796875,2728.3291015625,16541.869140625,1705.5223388671875,4036.056640625,967.1546630859375,1281.8836669921875,11662.9404296875,257.67852783203125,1576.1693115234375,330.2129211425781,262.6141052246094,231.48455810546875,178.21470642089844,3721.914306640625,1566.9786376953125,385.1404113769531,1245.50146484375,1486.9501953125
2026-01-02,1584.9718017578125,3132.7734375,985.3035888671875,1605.6546630859375,1344.06884765625,2324.357666015625,333.7713317871094,981.2626953125,2080.121337890625,438.26336669921875,4123.1279296875,1265.9237060546875,2748.751953125,16791.36328125,1712.35986328125,4038.448486328125,984.398681640625,1266.738525390625,11660.98046875,259.268798828125,1581.6658935546875,345.7269592285156,266.69903564453125,234.90907287597656,179.18470764160156,3762.884033203125,1571.1697998046875,411.54095458984375,1248.1844482421875,1497.5506591796875
2026-01-05,1570.8370361328125,3099.428955078125,961.5957641601562,1572.374755859375,1360.0341796875,2360.09423828125,333.4376220703125,987.7457885742188,2078.83740234375,437.4248046875,4110.25341796875,1284.8092041015625,2791.382080078125,16984.423828125,1713.2518310546875,4066.35693359375,972.7702026367188,1301.28515625,11845.2197265625,253.77499389648438,1550.2293701171875,344.2541198730469,267.3880310058594,231.6304931640625,181.9673309326172,3750.909912109375,1556.4522705078125,411.108154296875,1242.1229248046875,1505.674560546875
2026-01-06,1500.6614990234375,3137.688720703125,946.544677734375,1578.0518798828125,1399.4022216796875,2400.285400390625,326.5248107910156,1000.8594360351562,2079.133544921875,428.5401611328125,4100.54833984375,1292.802978515625,2821.322265625,17120.0625,1744.2684326171875,4098.35205078125,971.3787231445312,1306.5313720703125,11959.8798828125,255.9918212890625,1558.618896484375,344.4504699707031,264.336669921875,235.32740783691406,182.4376220703125,3746.2587890625,1561.2281494140625,410.7234191894531,1248.2838134765625,1516.572265625
2026-01-07,1497.277099609375,3176.044921875,933.608642578125,1604.2843017578125,1415.7642822265625,2375.239990234375,325.38055419921875,989.3175048828125,2058.2958984375,428.06097412109375,4116.7900390625,1294.501708984375,2785.235107421875,16641.865234375,1766.4656982421875,4259.224609375,962.8809814453125,1301.483154296875,11940.279296875,261.0036926269531,1588.898193359375,342.5357666015625,259.95648193359375,232.5741729736328,180.08612060546875,3709.841064453125,1584.035400390625,415.1475830078125,1234.96826171875,1454.2568359375
2026-01-08,1463.831787109375,3087.671630859375,931.296875,1579.128662109375,1423.00341796875,2362.66796875,325.0468444824219,980.3294677734375,2040.618408203125,425.8647766113281,3989.43359375,1285.808349609375,2762.5322265625,16498.306640625,1744.763916015625,4235.103515625,966.01171875,1293.6630859375,11822.6796875,252.71481323242188,1587.9339599609375,338.16632080078125,255.23179626464844,225.14144897460938,176.48046875,3685.298828125,1537.9334716796875,408.9922790527344,1199.2945556640625,1447.024658203125
2026-01-09,1468.51025390625,3091.43017578125,923.72216796875,1579.91162109375,1392.56005859375,2348.7099609375,321.4712219238281,982.7852172851562,2001.905517578125,424.62689208984375,3986.2646484375,1271.019775390625,2801.19677734375,16336.927734375,1714.2427978515625,4188.0576171875,953.7371215820312,1285.9420166015625,11698.220703125,252.473876953125,1602.109375,329.9183654785156,253.9521942138672,227.739013671875,174.79522705078125,3639.084228515625,1542.12451171875,402.3560485839844,1202.4742431640625,1452.0772705078125
2026-01-12,1476.373779296875,3122.076416015625,921.7055053710938,1562.09716796875,1401.286376953125,2381.9716796875,322.6630859375,997.1758422851562,2018.595458984375,425.9246826171875,3980.124755859375,1273.218017578125,2871.48681640625,16417.12109375,1720.2874755859375,4217.76025390625,946.084228515625,1299.107421875,11856.0,253.58224487304688,1608.088134765625,331.34210205078125,254.49354553222656,229.3150634765625,179.53744506835938,3643.7353515625,1545.92578125,415.772705078125,1207.84033203125,1451.5819091796875
2026-01-13,1446.11376953125,3149.4462890625,922.0989990234375,1565.1314697265625,1424.9866943359375,2365.439697265625,319.13519287109375,1010.2402954101562,2001.7080078125,425.7848815917969,3849.797607421875,1261.0274658203125,2861.473876953125,16262.6728515625,1713.053466796875,4225.33544921875,943.2019653320312,1305.343505859375,11803.080078125,254.64247131347656,1605.5809326171875,331.7839660644531,254.7396240234375,237.16612243652344,178.8809814453125,3623.4482421875,1573.89892578125,412.5027160644531,1183.7928466796875,1434.839111328125
2026-01-14,1452.086181640625,3076.68505859375,910.3926391601562,1565.91455078125,1406.5421142578125,2329.80224609375,319.182861328125,1010.14208984375,1997.3626708984375,420.2744140625,3828.40673828125,1297.7991943359375,2789.696533203125,15991.3974609375,1685.3070068359375,4207.693359375,940.1705932617188,1293.861083984375,12009.859375,250.78717041015625,1608.9560546875,342.78125,254.2967071533203,241.49537658691406,185.42599487304688,3611.572998046875,1548.2650146484375,415.67657470703125,1179.0230712890625,1421.167236328125
2026-01-15,1452.086181640625,3076.68505859375,910.3926391601562,1565.91455078125,1406.5421142578125,2329.80224609375,319.182861328125,1010.14208984375,1997.3626708984375,420.2744140625,3828.40673828125,1297.7991943359375,2789.696533203125,15991.3974609375,1685.3070068359375,4207.693359375,940.1705932617188,1293.861083984375,12009.859375,250.78717041015625,1608.9560546875,342.78125,254.2967071533203,241.49537658691406,185.42599487304688,3611.572998046875,1548.2650146484375,415.67657470703125,1179.0230712890625,1421.167236328125
2026-01-16,1451.1903076171875,3146.54931640625,915.95068359375,1654.00830078125,1399.0057373046875,2336.6328125,313.8909606933594,1023.8451538085938,1991.3385009765625,417.479248046875,3819.097412109375,1293.20263671875,2733.186767578125,15701.310546875,1653.794921875,4183.173828125,944.4442749023438,1302.572021484375,12130.3984375,257.77490234375,1649.264892578125,340.0810241699219,253.26315307617188,240.46414184570312,184.40701293945312,3620.1826171875,1628.18798828125,414.5224304199219,1168.0924072265625,1384.51123046875
2026-01-19,1407.0941162109375,3104.258056640625,912.8027954101562,1645.59033203125,1369.05810546875,2389.593994140625,317.7049255371094,1020.0142211914062,1985.01806640625,426.16424560546875,3832.367919921875,1306.492431640625,2730.311767578125,16015.1591796875,1660.236083984375,4130.54638671875,963.5269775390625,1302.27490234375,12051.01953125,237.0526580810547,1667.525390625,337.1353454589844,253.60768127441406,236.51431274414062,184.46580505371094,3619.390869140625,1674.77734375,413.7049255371094,1159.8446044921875,1379.3594970703125
2026-01-20,1387.5843505859375,3044.10791015625,916.049072265625,1623.7628173828125,1364.29833984375,2355.14453125,311.12579345703125,1018.0496215820312,1971.1920166015625,423.069580078125,3773.6416015625,1292.503173828125,2652.586181640625,15721.1123046875,1599.193603515625,4062.1708984375,927.4984741210938,1282.576416015625,11817.7802734375,231.2215118408203,1638.8720703125,332.61859130859375,250.0641632080078,233.86810302734375,179.85096740722656,3520.529052734375,1635.9853515625,399.42266845703125,1159.3477783203125,1365.5887451171875
2026-01-21,1398.1356201171875,3064.027099609375,905.3755493164062,1619.358154296875,1337.7222900390625,2344.15625,309.64788818359375,1010.4368286132812,1971.290771484375,420.8733825683594,3730.067138671875,1283.9097900390625,2638.2109375,15613.1962890625,1598.3017578125,4065.858642578125,930.5298461914062,1270.2030029296875,11986.33984375,230.88418579101562,1634.209716796875,332.56951904296875,251.78671264648438,235.79437255859375,180.6837921142578,3516.372802734375,1643.9776611328125,398.2204284667969,1149.9075927734375,1356.8704833984375
2026-01-22,1396.0452880859375,3091.305419921875,903.75244140625,1628.265380859375,1334.2515869140625,2366.52880859375,309.7432556152344,1029.7879638671875,1977.31494140625,425.26580810546875,3757.10302734375,1293.80224609375,2680.543701171875,15608.24609375,1619.408935546875,4005.45703125,937.0894775390625,1292.772216796875,12116.6787109375,231.9443817138672,1654.218505859375,336.25164794921875,255.18258666992188,237.38987731933594,185.27903747558594,3536.560791015625,1644.6600341796875,407.0206604003906,1209.82763671875,1357.6630859375
2026-01-23,1379.720703125,3103.178466796875,901.1947021484375,1635.4107666015625,1332.169189453125,2385.238525390625,308.3606872558594,1011.271728515625,1960.032470703125,422.0713195800781,3707.586669921875,1257.030517578125,2680.4443359375,15315.1884765625,1617.1297607421875,4008.646484375,922.18115234375,1280.69580078125,12121.5791015625,229.77577209472656,1658.006591796875,330.605712890625,250.16258239746094,238.81027221679688,183.8191375732422,3506.57568359375,1658.012939453125,402.4041442871094,1227.8135986328125,1302.7779541015625
2026-01-27,1374.146484375,3098.762939453125,911.3272094726562,1647.05859375,1350.0186767578125,2376.724853515625,303.8315734863281,1034.5030517578125,1948.873046875,407.9956359863281,3751.1611328125,1314.7860107421875,2600.240478515625,15093.416015625,1624.06640625,3983.927490234375,909.1115112304688,1290.0994873046875,12337.177734375,232.148681640625,1670.82763671875,338.4609069824219,250.3594512939453,241.2229766845703,188.394775390625,3358.2333984375,1700.8984375,406.7320861816406,1231.9871826171875,1300.7965087890625
2026-01-28,1390.2718505859375,3140.073486328125,917.524658203125,1631.2017822265625,1356.2659912109375,2354.451416015625,306.2153015136719,1044.6697998046875,1933.3680419921875,411.6892395019531,3757.301025390625,1318.782958984375,2490.195068359375,14729.0751953125,1596.0224609375,3962.19873046875,929.4365844726562,1279.3099365234375,12511.6171875,234.66989135742188,1679.9578857421875,341.750244140625,255.7239532470703,261.29327392578125,189.9330596923828,3413.3544921875,1718.2476806640625,427.073486328125,1214.796142578125,1316.053466796875
2026-01-29,1384.59814453125,3085.41796875,920.2791137695312,1624.35009765625,1372.0330810546875,2328.911376953125,303.7839050292969,1047.3218994140625,1943.44140625,411.6892395019531,3894.857421875,1362.6490478515625,2395.218994140625,14357.8037109375,1574.915283203125,3926.81494140625,929.4365844726562,1274.8555908203125,12462.6181640625,237.09222412109375,1672.1875,351.6674499511719,256.4129638671875,267.9185485839844,198.23190307617188,3349.22802734375,1723.6082763671875,438.3262023925781,1201.2818603515625,1308.6231689453125
2026-01-30,1388.9779052734375,3065.302734375,914.1307983398438,1606.241943359375,1343.672119140625,2349.10595703125,307.1687927246094,1058.078125,1944.2313232421875,407.29681396484375,3894.263427734375,1369.343994140625,2407.413330078125,14453.83984375,1580.861083984375,3964.3916015625,924.1688842773438,1318.90478515625,12440.078125,234.22496032714844,1646.9337158203125,349.5563659667969,252.47572326660156,261.6629638671875,189.22760009765625,3396.135498046875,1698.9490966796875,423.899658203125,1210.423828125,1311.6943359375
2026-02-02,1384.0009765625,3110.1455078125,912.9994506835938,1594.8875732421875,1341.4906005859375,2333.56396484375,300.06524658203125,1010.4859008789062,1940.972412109375,407.4964904785156,3883.369873046875,1310.4893798828125,2381.339599609375,14240.9775390625,1613.166015625,3940.270751953125,898.1787109375,1295.0489501953125,12284.2587890625,239.56399536132812,1628.67333984375,344.0086364746094,266.15765380859375,247.06021118164062,184.70094299316406,3427.208984375,1680.3328857421875,407.3091735839844,1175.0482177734375,1299.4095458984375
2026-02-03,1430.4859619140625,3164.80078125,933.2643432617188,1620.9241943359375,1378.08203125,2344.750244140625,301.924560546875,1045.3572998046875,1972.4759521484375,415.0833740234375,3999.733154296875,1355.15478515625,2405.133056640625,14635.01953125,1686.6943359375,4055.29345703125,958.5078735351562,1294.751953125,12338.158203125,239.94960021972656,1646.6424560546875,352.0602111816406,278.7568359375,250.02745056152344,189.03163146972656,3491.236572265625,1673.0228271484375,412.9836120605469,1227.6148681640625,1310.5054931640625
2026-02-04,1450.095458984375,2942.84375,937.5927124023438,1503.2701416015625,1396.625732421875,2347.1259765625,305.5264587402344,1049.2864990234375,2000.6217041015625,411.63934326171875,4047.566162109375,1337.6683349609375,2431.603271484375,14921.146484375,1688.9736328125,4130.44677734375,957.41455078125,1290.00048828125,12549.837890625,230.70516967773438,1575.2520751953125,360.60272216796875,284.85955810546875,259.70751953125,191.45172119140625,3536.857666015625,1603.6263427734375,418.2733459472656,1232.384521484375,1314.369140625
2026-02-05,1436.757080078125,2935.38623046875,934.248046875,1488.00048828125,1384.8251953125,2330.693115234375,301.9732666015625,1054.49267578125,1967.6368408203125,408.0455322265625,4023.996337890625,1329.5745849609375,2411.1806640625,14909.265625,1698.1494140625,4084.19873046875,958.855712890625,1290.297607421875,12517.498046875,230.75460815429688,1563.7906494140625,360.3572692871094,284.8103332519531,261.896484375,193.7640380859375,3534.87841796875,1604.50341796875,415.3399353027344,1237.0550537109375,1320.907958984375
2026-02-06,1444.123046875,2886.422119140625,925.7879638671875,1475.177978515625,1394.344970703125,2399.790283203125,317.1595153808594,1047.5184326171875,2013.0650634765625,421.6221008300781,4028.749755859375,1340.5660400390625,2380.447265625,14847.8818359375,1690.6690673828125,4127.45654296875,975.7021484375,1297.06494140625,12467.517578125,228.11476135253906,1547.9583740234375,361.1487121582031,288.156982421875,261.65325927734375,193.07818603515625,3540.816162109375,1578.86962890625,416.2535705566406,1233.3782958984375,1317.6385498046875
2026-02-09,1454.873291015625,2892.8984375,922.0006103515625,1465.4876708984375,1384.626953125,2410.481689453125,314.23907470703125,1125.708984375,2012.8675537109375,428.06097412109375,4073.809814453125,1340.3663330078125,2396.60693359375,14829.0712890625,1700.1441650390625,4243.87451171875,977.143310546875,1289.4017333984375,12786.9970703125,227.4819793701172,1556.020263671875,358.0323791503906,288.40582275390625,259.36700439453125,197.91836547851562,3572.087890625,1580.6240234375,415.1956787109375,1267.462158203125,1330.0223388671875
2026-02-10,1451.7874755859375,2928.61572265625,917.2295532226562,1466.0750732421875,1394.7415771484375,2428.89453125,312.876220703125,1123.8426513671875,1986.302001953125,428.5600891113281,4128.673828125,1355.6544189453125,2373.011962890625,14995.400390625,1703.3359375,4255.1376953125,959.7005004882812,1302.339599609375,12762.4970703125,228.85629272460938,1527.94970703125,362.97894287109375,292.9844970703125,264.76641845703125,203.8069305419922,3637.599853515625,1602.9439697265625,414.4743347167969,1248.0850830078125,1329.6260986328125
2026-02-11,1461.9405517578125,2855.21875,912.0157470703125,1440.7236328125,1394.344970703125,2438.1005859375,309.80975341796875,1161.9556884765625,1987.0919189453125,428.8096618652344,4130.06005859375,1346.2618408203125,2371.921142578125,15258.755859375,1706.627197265625,4235.203125,963.0300903320312,1299.055419921875,12709.5771484375,227.21502685546875,1507.066650390625,364.51239013671875,293.08404541015625,267.14996337890625,203.39541625976562,3636.708984375,1593.00244140625,407.0687561035156,1262.2950439453125,1337.3536376953125
2026-02-12,1442.231689453125,2698.514404296875,905.6215209960938,1356.64306640625,1418.045166015625,2385.436279296875,309.0309753417969,1171.2874755859375,1989.462158203125,425.515380859375,4145.41015625,1338.9674072265625,2389.766357421875,15173.6103515625,1710.4173583984375,4261.8154296875,992.995849609375,1299.25439453125,12768.376953125,216.606201171875,1433.7337646484375,364.31451416015625,292.53656005859375,268.8525085449219,203.9049072265625,3555.75927734375,1497.6795654296875,403.1254577636719,1266.865966796875,1317.6385498046875
2026-02-13,1413.0665283203125,2641.700439453125,889.1932373046875,1340.1009521484375,1402.77392578125,2281.988525390625,305.4291076660156,1177.377685546875,1979.783935546875,419.9250183105469,4133.5263671875,1331.2733154296875,2346.045654296875,15085.49609375,1693.062744140625,4165.53173828125,1018.4891357421875,1276.4639892578125,12703.697265625,211.6725311279297,1413.4334716796875,359.1206359863281,285.86767578125,260.1452941894531,199.07452392578125,3496.679443359375,1495.5352783203125,393.3154602050781,1260.1087646484375,1319.1246337890625
2026-02-16,1430.4859619140625,2655.830322265625,910.7368774414062,1336.6751708984375,1399.7989501953125,2295.649658203125,309.5177307128906,1186.70947265625,2004.177001953125,424.8664855957031,4160.859375,1357.2532958984375,2376.580810546875,14901.3447265625,1696.054931640625,4167.42529296875,1006.5624389648438,1283.629638671875,12721.3369140625,210.85189819335938,1419.84423828125,365.1554260253906,299.10595703125,264.1827087402344,201.65138244628906,3473.225830078125,1474.3848876953125,406.347412109375,1261.400634765625,1343.793212890625
2026-02-17,1416.450927734375,2666.427490234375,910.6385498046875,1361.73291015625,1395.7332763671875,2289.01708984375,316.8188171386719,1191.9156494140625,1995.1900634765625,423.7184753417969,4238.40185546875,1356.154052734375,2416.434814453125,15028.072265625,1712.611572265625,4222.54443359375,1007.9539184570312,1279.151123046875,12724.27734375,213.2544708251953,1440.047119140625,364.462890625,299.35479736328125,264.4745788574219,198.97654724121094,3452.93896484375,1485.203857421875,405.4337158203125,1276.70361328125,1331.409423828125
2026-02-18,1434.666748046875,2644.349609375,909.6548461914062,1344.603515625,1396.4273681640625,2300.1044921875,323.6331787109375,1197.3182373046875,1996.6715087890625,425.6152038574219,4284.05615234375,1375.9388427734375,2411.1806640625,15013.2216796875,1719.8924560546875,4234.70458984375,1017.544921875,1294.676513671875,12790.9169921875,209.55670166015625,1425.089111328125,364.462890625,299.15570068359375,263.47882080078125,204.8063201904297,3493.809814453125,1466.68505859375,407.333984375,1272.23193359375,1337.2545166015625
2026-02-19,1403.0130615234375,2627.66845703125,900.702880859375,1341.471435546875,1377.189697265625,2256.349365234375,317.3542175292969,1184.3519287109375,1963.884033203125,415.6823425292969,4239.09521484375,1355.5545654296875,2380.14990234375,14754.81640625,1708.9212646484375,4184.4697265625,1010.836181640625,1272.383544921875,12434.1982421875,208.82505798339844,1408.771484375,359.3184814453125,293.2830810546875,273.4862060546875,201.2594757080078,3396.135498046875,1441.8309326171875,405.5311584472656,1274.2193603515625,1316.548828125
2026-02-20,1412.8675537109375,2635.81298828125,897.0138549804688,1324.5377197265625,1382.8419189453125,2291.195068359375,318.32769775390625,1194.5677490234375,1952.8232421875,420.6238098144531,4338.22705078125,1367.24560546875,2407.215087890625,14828.0810546875,1719.8924560546875,4222.54443359375,1023.90576171875,1287.6104736328125,12510.6376953125,207.4903106689453,1395.2703857421875,368.96429443359375,297.56317138671875,277.4692687988281,204.1498565673828,3377.3330078125,1419.998291015625,412.7423400878906,1272.331298828125,1328.6353759765625
2026-02-23,1421.4278564453125,2626.0986328125,908.5726928710938,1299.3822021484375,1387.7010498046875,2321.78369140625,316.7701416015625,1206.0606689453125,1972.4759521484375,429.95770263671875,4375.3642578125,1385.63134765625,2408.80126953125,14922.13671875,1727.7718505859375,4258.72607421875,1024.700927734375,1308.8084716796875,12716.4365234375,203.56512451171875,1385.265869140625,371.4375915527344,301.9427490234375,274.48199462890625,203.93429565429688,3411.276611328125,1404.403564453125,415.12982177734375,1299.1611328125,1314.1710205078125
2026-02-24,1422.2242431640625,2525.423095703125,895.6858520507812,1248.4835205078125,1373.2230224609375,2334.85107421875,314.9205322265625,1201.640380859375,1916.8756103515625,426.962890625,4218.00146484375,1386.5306396484375,2392.34423828125,14777.587890625,1727.273193359375,4280.45458984375,1017.2964477539062,1313.68505859375,12700.7568359375,197.8800506591797,1300.762939453125,378.6595458984375,303.385986328125,275.3283996582031,204.904296875,3397.52099609375,1311.322509765625,419.9535217285156,1292.0064697265625,1314.369140625
2026-02-25,1392.063720703125,2579.980224609375,892.8330078125,1262.7742919921875,1388.791748046875,2350.98681640625,311.2699890136719,1178.85107421875,1889.6187744140625,424.2176208496094,4256.9208984375,1401.9188232421875,2395.615478515625,14920.15625,1759.58837890625,4310.85498046875,1014.8117065429688,1317.06884765625,12780.13671875,199.63995361328125,1338.6435546875,380.78656005859375,305.82464599609375,276.2743835449219,210.30296325683594,3455.01708984375,1327.30712890625,427.4083251953125,1298.266845703125,1333.5888671875
2026-02-26,1400.3255615234375,2598.03515625,883.9794311523438,1261.7955322265625,1393.155029296875,2359.30224609375,309.8584289550781,1188.084716796875,1905.6173095703125,423.81829833984375,4245.037109375,1394.424560546875,2374.300537109375,15061.734375,1781.0322265625,4328.3974609375,1006.76123046875,1311.694580078125,12678.216796875,198.8094482421875,1334.0784912109375,377.8186340332031,301.84320068359375,278.91314697265625,211.16519165039062,3448.386962890625,1327.30712890625,422.4384460449219,1310.9862060546875,1345.477294921875
2026-02-27,1387.48486328125,2587.92822265625,873.3060302734375,1272.5625,1367.3724365234375,2314.557373046875,305.2830810546875,1180.4227294921875,1855.942626953125,414.48443603515625,4236.91650390625,1382.83349609375,2355.761474609375,14709.2744140625,1732.4595947265625,4313.3466796875,989.8154296875,1285.5203857421875,12423.41796875,198.69081115722656,1349.2308349609375,377.8186340332031,297.2645263671875,278.51483154296875,208.03964233398438,3362.0927734375,1323.408447265625,419.6611633300781,1278.1942138671875,1335.6693115234375
2026-03-02,1351.75,2564.4765625,865.0918579101562,1261.5997314453125,1362.5133056640625,2297.233642578125,306.548583984375,1168.831787109375,1849.9183349609375,412.3880310058594,4027.36328125,1371.2425537109375,2287.255859375,14244.9375,1747.9190673828125,4256.33349609375,972.2732543945312,1273.5777587890625,12270.5380859375,196.32778930664062,1331.6502685546875,373.5151062011719,295.423095703125,281.0042419433594,206.74630737304688,3299.648681640625,1311.322509765625,415.3734436035156,1286.2430419921875,1339.0377197265625
2026-03-04,1338.8099365234375,2539.2587890625,854.5167846679688,1279.7078857421875,1353.9852294921875,2238.53076171875,303.6768493652344,1153.704345703125,1882.2119140625,402.65484619140625,3845.044189453125,1350.2586669921875,2265.544189453125,14017.224609375,1745.92431640625,4190.64892578125,939.3257446289062,1239.342529296875,11864.8193359375,193.34188842773438,1324.8511962890625,361.89068603515625,290.59564208984375,275.7764892578125,192.75485229492188,3230.376220703125,1316.9754638671875,424.04632568359375,1283.063232421875,1300.99462890625
2026-03-05,1383.005615234375,2530.427490234375,863.4686889648438,1278.141845703125,1346.2503662109375,2232.294189453125,303.23876953125,1148.79296875,1883.2982177734375,406.5980224609375,3999.634033203125,1348.060302734375,2268.121826171875,14271.6689453125,1779.8353271484375,4261.2177734375,956.5200805664062,1244.9156494140625,12042.19921875,193.4704132080078,1315.2352294921875,374.009765625,298.06085205078125,275.17901611328125,196.51727294921875,3313.206298828125,1299.5289306640625,437.9327087402344,1305.22265625,1314.072021484375
2026-03-06,1398.334716796875,2509.625244140625,843.10546875,1280.686767578125,1302.419921875,2203.2890625,301.48651123046875,1122.7620849609375,1847.5482177734375,399.1109313964844,3911.593994140625,1314.7860107421875,2259.89306640625,14018.21484375,1794.6964111328125,4230.7177734375,944.3945922851562,1246.408447265625,11747.220703125,193.19357299804688,1317.7606201171875,376.53253173828125,297.76220703125,277.76800537109375,194.4499053955078,3297.867431640625,1297.9693603515625,429.2110900878906,1295.5838623046875,1308.9202880859375
2026-03-09,1417.4462890625,2479.99169921875,827.0215454101562,1287.14697265625,1267.7125244140625,2172.50244140625,297.8846435546875,1079.050048828125,1843.4990234375,385.68414306640625,3804.93603515625,1287.3072509765625,2201.6982421875,13373.6875,1802.675537109375,4145.59716796875,932.31884765625,1229.887939453125,11150.40234375,196.50575256347656,1319.606201171875,372.22900390625,293.83056640625,269.65252685546875,187.15042114257812,3154.473388671875,1302.4530029296875,426.4825439453125,1278.8897705078125,1312.68505859375
2026-03-10,1402.3162841796875,2465.9599609375,835.629150390625,1268.1578369140625,1300.9324951171875,2168.146484375,300.8537292480469,1092.5074462890625,1827.4017333984375,391.1746520996094,3838.5078125,1313.686767578125,2260.785400390625,13729.1181640625,1808.0614013671875,4206.2978515625,934.05810546875,1235.261962890625,11420.880859375,198.6611328125,1322.4229736328125,373.2677917480469,297.2645263671875,268.059326171875,191.059814453125,3259.470703125,1302.745361328125,432.23199462890625,1306.3157958984375,1321.10595703125
2026-03-11,1383.8017578125,2418.6640625,820.38134765625,1249.2667236328125,1283.777099609375,2139.636474609375,300.8050842285156,1071.781005859375,1784.5411376953125,382.5395812988281,3801.667724609375,1254.832275390625,2212.8017578125,13362.796875,1821.127197265625,4126.7587890625,888.1901245117188,1227.7978515625,11232.7216796875,199.9464569091797,1311.54443359375,375.8399963378906,297.413818359375,269.6027526855469,190.80506896972656,3135.27490234375,1300.60107421875,435.350341796875,1317.1470947265625,1317.1431884765625
2026-03-12,1385.7926025390625,2396.5859375,819.2008666992188,1238.9891357421875,1255.9119873046875,2115.383056640625,296.0350341796875,1065.9854736328125,1778.9119873046875,374.6531677246094,3683.521728515625,1233.5487060546875,2202.094482421875,12881.62890625,1820.52880859375,4116.09375,857.8267211914062,1214.959716796875,10867.18359375,200.22329711914062,1319.1204833984375,386.3761901855469,302.19158935546875,269.4035949707031,189.56072998046875,2999.698486328125,1315.611083984375,458.1045227050781,1310.6881103515625,1311.9915771484375
2026-03-13,1374.3455810546875,2365.284423828125,803.7071533203125,1221.8597412109375,1244.3099365234375,2138.250732421875,293.455322265625,1028.4619140625,1780.98583984375,366.2177429199219,3405.73486328125,1196.3773193359375,2177.904541015625,12465.8056640625,1796.890625,4059.878173828125,849.825927734375,1196.4486083984375,10403.64453125,195.34896850585938,1287.3590087890625,380.3414001464844,299.5538635253906,262.9809265136719,179.80197143554688,2900.638916015625,1299.0416259765625,455.0836181640625,1284.1563720703125,1302.480712890625
2026-03-16,1388.6793212890625,2364.0087890625,826.9231567382812,1223.3280029296875,1262.258544921875,2153.79248046875,300.0749816894531,1047.8131103515625,1766.5673828125,369.21258544921875,3435.8408203125,1213.763916015625,2198.624755859375,12630.154296875,1778.5386962890625,4077.4208984375,872.7848510742188,1207.5950927734375,10876.9833984375,192.9068603515625,1290.4671630859375,378.31329345703125,296.36871337890625,259.3464050292969,183.1626739501953,3004.5478515625,1305.5718994140625,448.5545959472656,1268.8533935546875,1287.9173583984375
2026-03-17,1391.167724609375,2346.837158203125,831.5958251953125,1206.785888671875,1277.9263916015625,2136.46875,296.76513671875,1045.8485107421875,1804.2926025390625,373.5550842285156,3508.531005859375,1227.153564453125,2218.948486328125,12843.0166015625,1789.70947265625,4077.121826171875,863.2931518554688,1201.1260986328125,10893.6435546875,189.15965270996094,1283.182373046875,379.2531433105469,297.115234375,263.628173828125,191.48110961914062,3096.38330078125,1307.813720703125,450.454833984375,1275.7099609375,1269.985595703125
2026-03-18,1401.6195068359375,2395.01611328125,829.333251953125,1240.261474609375,1278.521484375,2113.79931640625,295.986328125,1050.8582763671875,1832.339599609375,374.75299072265625,3573.001220703125,1252.2342529296875,2242.642822265625,12918.26171875,1773.651611328125,4131.94189453125,874.7228393554688,1199.0362548828125,11022.0224609375,192.1060028076172,1318.246337890625,374.4549865722656,298.01104736328125,263.8771057128906,191.46153259277344,3181.19287109375,1350.1142578125,443.5847473144531,1286.640625,1256.7100830078125
2026-03-19,1378.4267578125,2311.806640625,785.2130126953125,1194.9422607421875,1239.6490478515625,2056.383544921875,290.0968017578125,1030.3282470703125,1804.2926025390625,367.5155029296875,3401.278564453125,1206.06982421875,2167.197509765625,12473.7255859375,1739.8402099609375,4024.693603515625,827.1155395507812,1180.624755859375,10597.6845703125,186.2825164794922,1274.1494140625,370.0525207519531,295.3236083984375,267.9597473144531,186.66053771972656,3013.7509765625,1306.64404296875,442.6102600097656,1266.468505859375,1227.682373046875
2026-03-20,1407.8905029296875,2345.7578125,767.7518310546875,1229.2987060546875,1234.9884033203125,2061.72900390625,291.9950866699219,1039.26708984375,1823.1551513671875,366.117919921875,3401.57568359375,1202.9722900390625,2176.516357421875,12475.7060546875,1772.4547119140625,4093.169189453125,825.4755859375,1187.8897705078125,10715.2841796875,188.744384765625,1295.4207763671875,376.8788146972656,296.21942138671875,264.2754211425781,192.79405212402344,3034.236083984375,1349.7244873046875,456.20428466796875,1290.7147216796875,1244.72265625
2026-03-23,1401.3209228515625,2339.085205078125,732.04248046875,1230.1796875,1212.4781494140625,2031.5361328125,282.7470397949219,1013.6292724609375,1773.5791015625,355.93548583984375,3310.0693359375,1169.6978759765625,2103.053955078125,12232.15234375,1753.8035888671875,3840.498291015625,807.63525390625,1161.218017578125,10154.7255859375,185.42233276367188,1319.606201171875,368.420166015625,300.69854736328125,264.3252258300781,183.38803100585938,2925.082275390625,1348.9447021484375,443.6334533691406,1245.402099609375,1210.4442138671875
2026-03-24,1405.302490234375,2353.803955078125,752.454833984375,1251.224365234375,1240.7398681640625,2064.005859375,283.52581787109375,1012.5487670898438,1779.7020263671875,366.2177429199219,3482.782470703125,1191.78076171875,2198.228271484375,12340.068359375,1748.717041015625,3886.746337890625,843.8129272460938,1177.5394287109375,10548.6845703125,186.60879516601562,1333.88427734375,371.5364990234375,297.6129150390625,266.9141845703125,186.93487548828125,2999.797607421875,1396.4111328125,430.81903076171875,1251.662353515625,1208.0665283203125
2026-03-25,1406.596435546875,2332.80517578125,769.5717163085938,1252.00732421875,1249.1688232421875,2113.304443359375,287.8578186035156,1041.821044921875,1812.0943603515625,370.4604187011719,3614.000732421875,1221.158203125,2250.673095703125,12584.6123046875,1790.7069091796875,4026.08935546875,877.356689453125,1198.3394775390625,10979.8828125,186.915283203125,1341.6546630859375,374.3560485839844,293.6314697265625,269.0550842285156,192.6764678955078,3095.591796875,1372.82421875,432.3782043457031,1292.5032958984375,1232.8341064453125
2026-03-27,1341.8956298828125,2344.97265625,743.8963623046875,1242.806396484375,1223.4854736328125,2053.512451171875,286.88433837890625,1001.4487915039062,1820.9825439453125,365.5189514160156,3529.625,1204.271240234375,2188.413330078125,12265.8134765625,1788.91162109375,3968.478271484375,838.6446533203125,1187.4915771484375,10827.9833984375,189.43649291992188,1325.23974609375,371.63543701171875,294.129150390625,280.75531005859375,189.31578063964844,3009.69384765625,1356.3521728515625,433.6936950683594,1273.623046875,1230.753662109375
2026-03-30,1337.7149658203125,2314.652099609375,719.6473999023438,1224.1109619140625,1195.8187255859375,2034.505859375,280.0699768066406,962.058837890625,1760.2469482421875,352.7909240722656,3470.205322265625,1160.4051513671875,2146.576171875,12183.638671875,1752.606689453125,3938.4765625,796.6527709960938,1169.1798095703125,10530.064453125,185.52120971679688,1303.093994140625,366.6888732910156,294.72637939453125,283.44384765625,187.98326110839844,2923.99365234375,1348.9447021484375,438.9559631347656,1246.9920654296875,1212.82177734375
2026-04-01,1362.8984375,2363.02734375,730.17333984375,1248.6793212890625,1202.561767578125,2043.91015625,283.9638977050781,999.7789306640625,1759.7530517578125,355.43634033203125,3572.60498046875,1192.1805419921875,2206.655029296875,12384.62109375,1723.9818115234375,4052.20361328125,812.3065795898438,1175.1510009765625,10499.6845703125,189.02122497558594,1315.5267333984375,360.75299072265625,291.441650390625,286.8294372558594,190.66790771484375,2999.99560546875,1368.925537109375,437.9327087402344,1201.9774169921875,1184.784912109375
2026-04-02,1344.2845458984375,2404.730224609375,738.6826171875,1273.247802734375,1205.635986328125,2044.5042724609375,285.0834045410156,1000.3683471679688,1767.4560546875,357.38299560546875,3578.151123046875,1196.9769287109375,2150.34375,12505.4072265625,1689.1729736328125,4083.800048828125,821.7982177734375,1185.600830078125,10407.564453125,192.70912170410156,1361.9547119140625,355.8064270019531,288.60491943359375,285.9830627441406,190.21719360351562,2980.4013671875,1404.98828125,437.8840026855469,1209.6290283203125,1181.3175048828125
2026-04-06,1298.6953125,2427.4951171875,758.45556640625,1278.5333251953125,1221.10546875,2063.807861328125,287.0303649902344,1014.4642333984375,1770.5177001953125,359.9285888671875,3691.642333984375,1244.34033203125,2165.511962890625,12561.8408203125,1690.17041015625,4232.212890625,845.6515502929688,1210.1826171875,10735.86328125,195.06224060058594,1363.023193359375,362.1875,293.78076171875,280.6557312011719,192.13758850097656,2990.198486328125,1412.7857666015625,447.82373046875,1210.1258544921875,1189.7384033203125
2026-04-07,1298.5958251953125,2492.1591796875,759.4392700195312,1311.0301513671875,1235.0875244140625,2089.34814453125,290.5348815917969,1012.1558227539062,1807.5516357421875,362.3244934082031,3687.284912109375,1249.1365966796875,2167.395751953125,12670.7470703125,1713.5091552734375,4216.763671875,849.8756103515625,1216.9500732421875,10717.244140625,202.40834045410156,1400.223876953125,364.9081115722656,294.02960205078125,285.43536376953125,194.12657165527344,2975.3544921875,1436.080322265625,451.1856994628906,1188.5625,1191.2244873046875
2026-04-08,1341.5970458984375,2511.195068359375,802.82177734375,1317.68603515625,1298.2550048828125,2123.995849609375,294.4288024902344,1042.656005859375,1838.4625244140625,379.49481201171875,3967.1513671875,1331.9727783203125,2262.76806640625,13466.7529296875,1710.1180419921875,4477.80712890625,909.4593505859375,1207.8935546875,11370.9013671875,201.12301635742188,1419.067138671875,370.1514587402344,293.482177734375,284.2902526855469,200.05430603027344,3176.739501953125,1414.6375732421875,437.78656005859375,1183.8922119140625,1204.5989990234375
2026-04-09,1323.87890625,2540.436279296875,784.72119140625,1303.395263671875,1270.58837890625,2111.720458984375,294.9642028808594,1022.5189819335938,1836.2899169921875,371.259033203125,3858.512451171875,1317.48388671875,2250.078369140625,13453.8818359375,1712.611572265625,4425.279296875,897.7314453125,1222.82177734375,11219.001953125,200.5792236328125,1422.855224609375,374.6033630371094,296.71710205078125,287.37713623046875,201.0537109375,3133.889404296875,1424.5792236328125,442.5128173828125,1204.262939453125,1213.02001953125
2026-04-10,1343.9859619140625,2476.94970703125,797.1161499023438,1265.12353515625,1310.848876953125,2133.59814453125,296.1810607910156,1047.8131103515625,1846.758056640625,373.9044494628906,3921.59619140625,1349.759033203125,2340.394775390625,13572.6884765625,1650.57421875,4490.26611328125,918.9013061523438,1243.3233642578125,11357.181640625,202.56654357910156,1409.5484619140625,376.08734130859375,301.34552001953125,285.2860107421875,202.4352264404297,3225.923095703125,1403.72119140625,423.0231628417969,1224.4349365234375,1218.0726318359375
2026-04-13,1309.0474853515625,2426.2197265625,781.7699584960938,1249.756103515625,1339.8046875,2105.781005859375,290.72955322265625,1044.7188720703125,1847.64697265625,371.259033203125,3916.050537109375,1352.556884765625,2332.166015625,12945.982421875,1647.881103515625,4424.78076171875,893.457763671875,1220.2342529296875,11271.921875,200.6781005859375,1388.3741455078125,382.1221618652344,298.9566650390625,286.33154296875,202.21966552734375,3186.734375,1399.0428466796875,423.9976501464844,1228.1116943359375,1199.8436279296875
2026-04-15,1337.9140625,2506.975830078125,796.72265625,1277.6524658203125,1336.829833984375,2135.875,294.0393981933594,1052.528076171875,1832.6357421875,381.7409362792969,4036.87060546875,1354.4554443359375,2402.258056640625,13156.865234375,1692.1651611328125,4507.41015625,907.5709838867188,1250.58837890625,11549.2607421875,207.3815460205078,1409.6455078125,388.404296875,311.0005187988281,286.38134765625,204.50257873535156,3222.6572265625,1446.2169189453125,424.67974853515625,1210.1258544921875,1215.5958251953125
2026-04-16,1337.1177978515625,2528.56298828125,782.5077514648438,1291.2579345703125,1334.2515869140625,2117.561279296875,295.35357666015625,1048.255126953125,1817.7235107421875,378.4965515136719,4079.949462890625,1348.5599365234375,2419.31005859375,13202.4072265625,1688.67431640625,4446.80859375,900.3652954101562,1251.384521484375,11589.4404296875,207.88577270507812,1408.5770263671875,386.6235046386719,310.80145263671875,281.5519104003906,206.4327850341797,3188.812744140625,1453.234619140625,421.70758056640625,1213.703125,1219.0633544921875
2026-04-17,1358.7178955078125,2533.07666015625,786.8853759765625,1290.7685546875,1335.540771484375,2218.237060546875,298.6634216308594,1061.1231689453125,1823.9451904296875,382.9388732910156,4056.47900390625,1358.0526123046875,2442.80615234375,13319.234375,1671.120361328125,4511.09765625,902.700927734375,1279.4495849609375,11648.240234375,202.0128631591797,1400.90380859375,389.39361572265625,316.6242980957031,282.84637451171875,207.83387756347656,3166.9423828125,1473.117919921875,427.5544738769531,1227.9129638671875,1229.2677001953125
2026-04-20,1357.0257568359375,2531.212646484375,782.5077514648438,1284.7977294921875,1344.862060546875,2209.03076171875,296.9111633300781,1088.2344970703125,1823.1551513671875,378.5464782714844,4011.815185546875,1353.656005859375,2495.152099609375,13316.263671875,1664.23828125,4498.23974609375,912.1428833007812,1280.245849609375,11678.6201171875,200.19363403320312,1387.3056640625,393.74658203125,318.2168884277344,282.1493835449219,207.4419708251953,3188.1201171875,1466.295166015625,430.4779357910156,1224.83251953125,1218.0726318359375
2026-04-21,1347.07177734375,2561.532958984375,798.5425415039062,1285.385009765625,1376.79296875,2287.43310546875,301.4378356933594,1092.1636962890625,1831.944580078125,381.4913635253906,4035.97900390625,1376.6383056640625,2521.7216796875,13327.154296875,1660.84716796875,4465.048828125,933.1139526367188,1373.2984619140625,11798.1796875,202.695068359375,1399.8353271484375,391.9658203125,317.8684997558594,281.9004211425781,207.72610473632812,3213.552978515625,1462.786376953125,431.8421936035156,1212.9080810546875,1221.044677734375
2026-04-22,1355.8311767578125,2490.883544921875,786.8853759765625,1241.729736328125,1356.166748046875,2344.9482421875,297.39788818359375,1083.76513671875,1806.2677001953125,376.2005310058594,3982.20458984375,1378.536865234375,2540.85546875,13204.3876953125,1665.435302734375,4440.03125,929.0390014648438,1389.1224365234375,11949.099609375,201.69647216796875,1248.4100341796875,401.0674743652344,318.26666259765625,282.4480895996094,208.72549438476562,3116.967041015625,1425.5538330078125,432.8166809082031,1209.330810546875,1224.8094482421875
2026-04-23,1337.21728515625,2474.496826171875,771.5883178710938,1214.32275390625,1336.730712890625,2342.572265625,297.20318603515625,1074.875244140625,1818.3160400390625,369.7616271972656,4014.88525390625,1368.5445556640625,2499.71240234375,13029.1474609375,1675.708251953125,4441.9248046875,912.7391967773438,1403.7520751953125,11923.619140625,200.47047424316406,1240.9310302734375,397.951171875,317.66943359375,285.0370788574219,206.64833068847656,3016.027099609375,1385.494873046875,439.15081787109375,1322.6124267578125,1293.7625732421875
2026-04-24,1321.6890869140625,2351.939453125,772.0802001953125,1130.144287109375,1315.1129150390625,2303.8662109375,293.6013488769531,1081.60400390625,1791.9478759765625,370.2108459472656,3975.47021484375,1364.847412109375,2463.724853515625,12918.26171875,1616.164306640625,4395.57666015625,915.9196166992188,1414.50048828125,11758.0,197.10887145996094,1191.040283203125,397.5554504394531,314.93218994140625,283.59320068359375,205.8253173828125,3006.82373046875,1324.0906982421875,444.36431884765625,1308.800048828125,1282.9638671875
2026-04-27,1359.51416015625,2401.6884765625,776.9496459960938,1145.5118408203125,1303.114013671875,2304.856201171875,295.7916564941406,1092.1636962890625,1797.478271484375,376.15057373046875,4014.39013671875,1323.179443359375,2463.82373046875,13090.53125,1728.96875,4427.2724609375,916.1680908203125,1410.5196533203125,11769.759765625,202.734619140625,1215.78759765625,405.8161926269531,319.41131591796875,284.68853759765625,208.9606475830078,3070.15869140625,1360.73828125,440.95361328125,1326.09033203125,1304.95751953125
2026-04-28,1382.5078125,2398.8427734375,769.817626953125,1127.697265625,1281.1988525390625,2266.44677734375,296.3757629394531,1071.9775390625,1820.8837890625,377.2986145019531,3998.643798828125,1288.0067138671875,2441.41845703125,12763.8125,1742.732666015625,4402.5537109375,918.0068359375,1433.1109619140625,11580.62109375,199.30380249023438,1183.9130859375,402.50201416015625,317.5201416015625,300.0232849121094,210.70468139648438,3056.00732421875,1372.434326171875,455.0836181640625,1346.063720703125,1294.35693359375
2026-04-29,1418.83984375,2428.280029296875,766.3253784179688,1142.7711181640625,1270.290771484375,2291.095947265625,307.86279296875,1067.655517578125,1864.6331787109375,381.3416442871094,4056.47900390625,1295.4010009765625,2426.25,13125.18359375,1774.050537109375,4425.279296875,924.3179931640625,1458.5885009765625,11596.30078125,198.41395568847656,1188.0706787109375,397.01129150390625,318.8638610839844,300.12286376953125,211.51791381835938,3119.540283203125,1422.8248291015625,467.65447998046875,1321.4200439453125,1305.353759765625
2026-04-30,1424.215087890625,2427.4951171875,759.1441650390625,1156.768310546875,1252.8380126953125,2228.2353515625,306.548583984375,1049.5321044921875,1863.349365234375,382.6393737792969,3975.173095703125,1267.3226318359375,2423.473876953125,13181.6162109375,1803.5732421875,4370.85791015625,931.2752685546875,1451.6219482421875,11354.2412109375,198.38429260253906,1186.9818115234375,394.88427734375,316.8731384277344,298.28070068359375,207.0892333984375,3065.3095703125,1436.1778564453125,469.1649169921875,1314.5634765625,1297.4281005859375
2026-05-01,1424.215087890625,2427.4951171875,759.1441650390625,1156.768310546875,1252.8380126953125,2228.2353515625,306.548583984375,1049.5321044921875,1863.349365234375,382.6393737792969,3975.173095703125,1267.3226318359375,2423.473876953125,13181.6162109375,1803.5732421875,4370.85791015625,931.2752685546875,1451.6219482421875,11354.2412109375,198.38429260253906,1186.9818115234375,394.88427734375,316.8731384277344,298.28070068359375,207.0892333984375,3065.3095703125,1436.1778564453125,469.1649169921875,1314.5634765625,1297.4281005859375
2026-05-04,1456.3663330078125,2385.6943359375,766.7189331054688,1143.652099609375,1260.1761474609375,2286.04736328125,302.8493957519531,1049.4830322265625,1804.3912353515625,371.00946044921875,4061.13330078125,1274.1173095703125,2427.04296875,13444.9716796875,1818.7333984375,4348.73046875,944.3945922851562,1450.129150390625,11522.80078125,198.48316955566406,1188.36767578125,395.774658203125,317.56988525390625,291.6589050292969,207.9514617919922,3074.216064453125,1434.325927734375,467.70318603515625,1279.08837890625,1322.592041015625
2026-05-05,1456.864013671875,2381.76953125,759.734375,1153.1466064453125,1240.839111328125,2303.965087890625,303.19012451171875,1041.133544921875,1783.65234375,370.7099914550781,4015.28125,1258.729248046875,2409.0986328125,13292.5029296875,1816.04052734375,4359.2958984375,952.7432861328125,1470.730224609375,11723.7001953125,197.5241241455078,1188.0706787109375,394.3896179199219,317.9680480957031,288.7214050292969,207.050048828125,3177.43212890625,1415.417236328125,460.5407409667969,1263.189208984375,1321.3040771484375
2026-05-06,1431.2823486328125,2389.71728515625,783.58984375,1142.4774169921875,1268.8033447265625,2293.768798828125,302.4599914550781,1076.5943603515625,1810.9091796875,375.9509582519531,3969.726318359375,1293.20263671875,2497.333251953125,13585.5595703125,1845.3636474609375,4345.341796875,974.7579345703125,1478.9903564453125,11851.099609375,196.87156677246094,1177.0828857421875,390.6302490234375,314.4842834472656,279.61016845703125,211.11619567871094,3266.496826171875,1429.550048828125,458.2019958496094,1302.738525390625,1351.7188720703125
2026-05-07,1429.590087890625,2356.35498046875,783.0979614257812,1138.07275390625,1268.3074951171875,2249.32080078125,299.24749755859375,1072.6651611328125,1803.8974609375,378.7461242675781,3984.0859375,1291.7037353515625,2508.83349609375,13633.08203125,1829.60498046875,4293.412109375,966.8068237304688,1468.938720703125,11903.0400390625,195.13145446777344,1171.4404296875,396.07147216796875,312.34423828125,282.697021484375,212.70346069335938,3335.67041015625,1411.5185546875,454.7425537109375,1299.35986328125,1349.638427734375
2026-05-08,1428.5947265625,2349.486083984375,768.145263671875,1154.2232666015625,1254.226318359375,2264.664794921875,299.29620361328125,1001.2523193359375,1811.6993408203125,380.1436767578125,3936.05517578125,1267.3226318359375,2577.537109375,13589.51953125,1843.0697021484375,4494.2529296875,949.5131225585938,1475.30810546875,11710.9599609375,195.6752471923828,1186.2889404296875,397.85223388671875,312.4935607910156,278.0169677734375,210.156005859375,3295.7890625,1425.9437255859375,444.75408935546875,1285.7462158203125,1334.4805908203125
2026-05-11,1381.81103515625,2348.014404296875,751.2251586914062,1152.0699462890625,1255.8128662109375,2283.968505859375,297.7386169433594,956.3615112304688,1737.9278564453125,380.39324951171875,3902.0869140625,1271.319580078125,2544.028076171875,13348.935546875,1867.8048095703125,4191.84521484375,930.3310546875,1474.810546875,11628.640625,194.45912170410156,1182.82421875,388.75054931640625,309.45770263671875,279.809326171875,207.79469299316406,3212.167236328125,1420.485595703125,452.5987243652344,1271.83447265625,1292.7718505859375
2026-05-12,1357.722412109375,2257.151611328125,738.2399291992188,1116.1473388671875,1229.93115234375,2239.2236328125,292.7252197265625,957.3438110351562,1734.965087890625,375.35198974609375,3819.196533203125,1259.12890625,2483.94921875,13041.0283203125,1840.8753662109375,4042.036865234375,898.6756591796875,1461.5740966796875,11285.6416015625,187.42941284179688,1134.220458984375,388.50323486328125,304.8790283203125,293.2521057128906,207.71630859375,3142.993896484375,1357.619384765625,451.23443603515625,1261.996826171875,1280.2889404296875
2026-05-13,1352.54638671875,2230.167236328125,737.4037475585938,1099.3115234375,1225.2703857421875,2244.47021484375,296.3757629394531,952.9234619140625,1766.9622802734375,376.9991149902344,3877.923095703125,1254.7322998046875,2595.085205078125,12972.71484375,1820.0301513671875,4077.321044921875,890.6748657226562,1461.8726806640625,11341.501953125,185.6793975830078,1131.646728515625,386.27728271484375,300.101318359375,295.890869140625,215.1823272705078,3079.461181640625,1340.1727294921875,450.454833984375,1257.3265380859375,1315.2608642578125
2026-05-14,1355.5325927734375,2203.8701171875,757.0291748046875,1071.8067626953125,1235.5833740234375,2226.057373046875,299.0528259277344,962.5499877929688,1860.09033203125,382.5395812988281,3902.284912109375,1253.6331787109375,2599.6455078125,12944.9931640625,1858.32958984375,4121.67578125,906.5770874023438,1452.6171875,11458.12109375,186.1737518310547,1112.6407470703125,392.0647277832031,300.35015869140625,299.625,216.66183471679688,3140.91552734375,1309.3731689453125,442.46405029296875,1295.3851318359375,1423.3468017578125
2026-05-15,1330.24951171875,2221.532470703125,755.0125122070312,1095.2984619140625,1234.095947265625,2249.32080078125,301.2431640625,963.2000122070312,1881.7181396484375,386.3829345703125,3871.188720703125,1243.8408203125,2583.1884765625,13089.541015625,1873.2904052734375,4155.46484375,904.887451171875,1423.6563720703125,11257.2216796875,187.85455322265625,1121.15380859375,391.0259704589844,304.43115234375,298.0815734863281,212.45851135253906,3090.643798828125,1335.7867431640625,450.4061279296875,1328.2764892578125,1418.78955078125
2026-05-18,1329.7518310546875,2240.3720703125,756.143798828125,1118.3006591796875,1240.6407470703125,2231.502197265625,301.924560546875,939.4000244140625,1914.01171875,391.1247253417969,3879.903564453125,1236.946044921875,2591.51611328125,12886.5791015625,1900.818359375,4156.06298828125,915.4723510742188,1424.8505859375,11329.7412109375,190.0000457763672,1135.0123291015625,384.1502380371094,295.17425537109375,295.940673828125,205.4725799560547,3051.653076171875,1393.7796630859375,450.3086853027344,1322.8111572265625,1412.9443359375
2026-05-19,1316.6124267578125,2283.448974609375,750.044677734375,1171.5484619140625,1230.4268798828125,2210.41650390625,302.0705871582031,948.7999877929688,1889.7174072265625,381.291748046875,3883.07275390625,1237.3458251953125,2578.330322265625,12827.17578125,1877.3797607421875,4088.584228515625,917.9074096679688,1424.5521240234375,11140.6025390625,192.96617126464844,1167.48095703125,385.23846435546875,297.21478271484375,295.24365234375,205.06106567382812,3060.163818359375,1429.93994140625,445.29010009765625,1326.785888671875,1396.6968994140625
2026-05-20,1353.442138671875,2283.7431640625,747.1427001953125,1168.4161376953125,1226.9561767578125,2187.05419921875,299.3935241699219,950.9000244140625,1881.224365234375,382.5395812988281,3872.872314453125,1248.8369140625,2576.24853515625,12873.708984375,1875.385009765625,4092.9697265625,917.4601440429688,1413.30615234375,11180.7822265625,194.89414978027344,1157.9779052734375,388.2558898925781,298.50872802734375,297.0360107421875,202.82713317871094,3089.7529296875,1402.5516357421875,446.9954528808594,1313.56982421875,1386.4925537109375
2026-05-21,1343.388671875,2283.546875,746.7984008789062,1156.180908203125,1232.41015625,2157.059326171875,299.8802490234375,950.9000244140625,1861.8680419921875,380.1936340332031,3890.5,1252.334228515625,2576.44677734375,12880.638671875,1886.3563232421875,4069.74609375,902.1046142578125,1399.771240234375,11244.4814453125,197.4845733642578,1156.39404296875,384.6448974609375,298.16033935546875,294.5964050292969,204.36541748046875,3066.7939453125,1384.032958984375,448.4571533203125,1310.191162109375,1388.870361328125
2026-05-22,1348.26611328125,2273.83251953125,754.3239135742188,1149.622802734375,1253.73046875,2181.411865234375,293.6986999511719,949.2000122070312,1848.1407470703125,383.4879150390625,3926.60009765625,1284.409423828125,2617.09423828125,12857.8681640625,1839.7783203125,4066.456787109375,910.9501953125,1416.291748046875,11337.58203125,200.8165283203125,1152.236572265625,384.4964904785156,292.9346923828125,288.77117919921875,204.9630889892578,3049.278076171875,1386.1771240234375,444.9002990722656,1298.96240234375,1386.1953125
2026-05-25,1360.7086181640625,2295.61328125,774.0476684570312,1143.75,1281.0006103515625,2174.383056640625,295.8890075683594,969.5999755859375,1851.49853515625,392.1729431152344,4033.39990234375,1310.189453125,2634.939453125,13039.0478515625,1835.7886962890625,4145.59716796875,936.1453247070312,1406.8372802734375,11491.44140625,204.50439453125,1153.9193115234375,385.88153076171875,293.9798583984375,283.7425842285156,205.97227478027344,3106.37841796875,1399.1402587890625,446.31329345703125,1323.0098876953125,1400.7587890625
2026-05-26,1350.0579833984375,2263.78759765625,766.22705078125,1142.966796875,1268.4066162109375,2187.153076171875,293.6499938964844,968.5,1823.9451904296875,387.98016357421875,4037.800048828125,1298.298828125,2624.232177734375,13076.669921875,1835.98828125,4092.47119140625,924.5167846679688,1421.7655029296875,11390.5009765625,201.4295196533203,1150.15771484375,385.5352783203125,291.19281005859375,286.2817687988281,206.21722412109375,3075.0078125,1421.752685546875,446.4594421386719,1319.531982421875,1404.3253173828125
2026-05-27,1344.2845458984375,2271.744140625,746.3065185546875,1135.3321533203125,1262.0601806640625,2176.263916015625,291.95001220703125,967.7999877929688,1829.1793212890625,388.03009033203125,4047.5,1303.094970703125,2648.91796875,13231.119140625,1839.4791259765625,4124.36669921875,925.4609985351562,1420.6707763671875,11455.181640625,199.30380249023438,1153.42431640625,393.89495849609375,298.757568359375,272.8887634277344,210.36175537109375,3089.1591796875,1418.731201171875,451.23443603515625,1310.6881103515625,1405.0186767578125
2026-05-28,1344.2845458984375,2271.744140625,746.3065185546875,1135.3321533203125,1262.0601806640625,2176.263916015625,291.95001220703125,967.7999877929688,1829.1793212890625,388.03009033203125,4047.5,1303.094970703125,2648.91796875,13231.119140625,1839.4791259765625,4124.36669921875,925.4609985351562,1420.6707763671875,11455.181640625,199.30380249023438,1153.42431640625,393.89495849609375,298.757568359375,272.8887634277344,210.36175537109375,3089.1591796875,1418.731201171875,451.23443603515625,1310.6881103515625,1405.0186767578125
2026-05-29,1315.119384765625,2246.58203125,732.4359130859375,1136.3109130859375,1245.896484375,2131.816162109375,286.8999938964844,964.4000244140625,1806.2677001953125,383.537841796875,4076.5,1285.6085205078125,2648.62060546875,12996.4755859375,1794.4969482421875,4061.57275390625,902.700927734375,1414.699462890625,11252.322265625,201.9436492919922,1171.83642578125,382.76519775390625,289.20208740234375,264.2754211425781,203.8167266845703,3013.94921875,1446.314453125,446.2158203125,1295.2857666015625,1387.9786376953125
2026-06-01,1313.9249267578125,2284.8720703125,730.6160278320312,1177.02978515625,1229.3360595703125,2063.31298828125,279.6499938964844,954.0999755859375,1788.0963134765625,376.7495422363281,4010.800048828125,1274.916748046875,2609.757568359375,12817.275390625,1791.8040771484375,4011.437255859375,883.6182250976562,1385.1416015625,11007.322265625,204.0792694091797,1183.022216796875,374.6528625488281,284.822509765625,263.1800842285156,206.31521606445312,2939.33251953125,1504.1123046875,460.5407409667969,1282.268310546875,1377.378173828125
2026-06-02,1308.5498046875,2433.556884765625,736.0757446289062,1243.8831787109375,1216.3455810546875,2072.6181640625,283.25,956.6500244140625,1791.651611328125,378.3966979980469,4000.89990234375,1250.1358642578125,2637.814208984375,12892.51953125,1785.2213134765625,4064.762451171875,876.6112670898438,1392.008544921875,10941.6630859375,207.47052001953125,1230.93310546875,363.4736022949219,280.841064453125,263.9268798828125,206.3446044921875,2967.140625,1531.59814453125,460.10223388671875,1265.9716796875,1366.4803466796875
2026-06-03,1307.15625,2229.475830078125,741.3878784179688,1196.7039794921875,1231.6168212890625,2069.549560546875,277.0,970.4500122070312,1801.4285888671875,380.3433532714844,3953.199951171875,1254.232666015625,2639.49951171875,12914.30078125,1783.824951171875,4075.42724609375,871.4430541992188,1384.843017578125,10878.943359375,201.79534912109375,1167.0849609375,362.8800048828125,283.7276306152344,266.615478515625,207.60853576660156,2979.8076171875,1435.00830078125,460.2483825683594,1255.339111328125,1362.4183349609375
2026-06-04,1297.699951171875,2228.77978515625,741.9288940429688,1175.855224609375,1241.2357177734375,2058.462158203125,280.29998779296875,979.25,1796.293212890625,380.8424987792969,3942.10009765625,1252.334228515625,2638.706787109375,12934.1025390625,1775.4468994140625,4217.162109375,869.0577392578125,1376.2841796875,10777.0234375,202.0128631591797,1156.4931640625,362.4842834472656,283.27972412109375,266.4162902832031,206.31521606445312,2984.755615234375,1449.6282958984375,469.35980224609375,1259.5125732421875,1385.699951171875
2026-06-05,1291.0,2186.9091796875,734.8952026367188,1172.1357421875,1251.548828125,2100.138427734375,280.70001220703125,977.7000122070312,1775.8504638671875,376.79949951171875,3953.199951171875,1271.319580078125,2663.590576171875,12920.2412109375,1777.5413818359375,4246.26708984375,883.9661254882812,1379.568359375,10693.7236328125,196.13003540039062,1143.0303955078125,357.7850341796875,284.3248291015625,263.628173828125,202.5919952392578,3008.902099609375,1445.924560546875,460.2483825683594,1270.1451416015625,1401.300048828125
2026-06-08,1263.300048828125,2139.668212890625,726.6319580078125,1162.4453125,1239.748291015625,2088.853271484375,279.45001220703125,981.9500122070312,1790.7628173828125,376.4500732421875,3875.5,1267.1226806640625,2636.3271484375,12783.61328125,1784.1241455078125,4178.6884765625,865.77783203125,1392.2076416015625,10579.064453125,179.7075958251953,1139.6649169921875,358.52703857421875,288.9532470703125,263.5285949707031,198.6238250732422,2935.17626953125,1465.320556640625,453.0372009277344,1267.5615234375,1387.9000244140625
2026-06-09,1269.199951171875,2139.2705078125,726.3367919921875,1155.300048828125,1264.3409423828125,2111.32470703125,280.0,1002.7000122070312,1776.6405029296875,381.04217529296875,3900.60009765625,1291.404052734375,2684.806640625,12989.544921875,1774.3497314453125,4091.474609375,881.4813842773438,1403.652587890625,10692.744140625,179.61862182617188,1134.7154541015625,351.8491516113281,284.3746337890625,257.90252685546875,199.07452392578125,2959.02587890625,1446.2169189453125,454.9861755371094,1260.50634765625,1376.5
2026-06-10,1258.800048828125,2142.154541015625,734.698486328125,1145.300048828125,1282.488037109375,2147.655029296875,283.6499938964844,1003.25,1753.1363525390625,387.4311218261719,3917.5,1313.487060546875,2691.74658203125,12943.0126953125,1781.73046875,4028.880126953125,878.6984252929688,1431.419189453125,10648.6435546875,176.9095458984375,1120.658935546875,347.89190673828125,285.86767578125,250.83262634277344,195.28271484375,2921.816650390625,1441.4410400390625,439.4919128417969,1263.68603515625,1377.0
2026-06-11,1263.0,2123.95458984375,732.485107421875,1114.5999755859375,1305.9898681640625,2118.254150390625,282.3999938964844,1000.7000122070312,1760.4443359375,392.6720886230469,3862.0,1316.284912109375,2667.75439453125,12967.763671875,1789.510009765625,4012.03515625,865.231201171875,1415.6947021484375,10613.3642578125,175.36717224121094,1098.980224609375,348.08978271484375,285.3201904296875,251.5296630859375,193.9600067138672,2969.71337890625,1427.9906005859375,434.8144226074219,1267.958984375,1383.300048828125
2026-06-12,1293.0,2149.61376953125,759.8819580078125,1116.4000244140625,1329.5909423828125,2146.962158203125,285.1000061035156,1017.1500244140625,1799.8485107421875,402.60491943359375,4049.300048828125,1355.2548828125,2723.7685546875,13233.099609375,1802.9747314453125,4170.31591796875,912.6895141601562,1369.1185302734375,10894.623046875,178.10589599609375,1098.38623046875,350.11785888671875,283.4787902832031,245.15676879882812,197.86000061035156,3011.27685546875,1392.9998779296875,432.18328857421875,1267.36279296875,1389.4000244140625
2026-06-15,1307.0,2150.21044921875,764.7022094726562,1134.9000244140625,1316.501220703125,2134.39013671875,287.8999938964844,1020.8499755859375,1818.3160400390625,405.0506896972656,4169.7998046875,1367.24560546875,2715.73828125,13667.734375,1801.2791748046875,4269.49072265625,936.5428466796875,1368.123291015625,11236.6416015625,179.33189392089844,1107.98828125,344.3798522949219,284.3746337890625,242.61758422851562,197.27999877929688,3101.727294921875,1389.4910888671875,432.7192077636719,1271.43701171875,1381.300048828125
2026-06-16,1328.800048828125,2187.0087890625,772.1294555664062,1143.5999755859375,1323.145263671875,2177.748779296875,291.6499938964844,1015.2999877929688,1829.9693603515625,407.1470947265625,4186.39990234375,1364.6474609375,2724.462646484375,13554.8681640625,1795.9930419921875,4323.8125,953.786865234375,1385.0419921875,11163.142578125,180.60733032226562,1147.2869873046875,351.7502136230469,283.8271484375,247.14830017089844,196.0,3105.289794921875,1410.1541748046875,439.4432067871094,1268.8533935546875,1373.199951171875
2026-06-17,1332.699951171875,2210.8779296875,774.2935791015625,1157.699951171875,1325.6243896484375,2175.47216796875,290.75,1026.5,1852.38720703125,403.8028564453125,4207.7001953125,1349.8590087890625,2714.449462890625,13494.474609375,1815.6416015625,4366.17333984375,952.5445556640625,1400.5675048828125,11145.501953125,182.3870086669922,1155.00830078125,351.7502136230469,285.0216064453125,243.9618682861328,199.00999450683594,3100.341552734375,1425.3590087890625,444.1206970214844,1261.003173828125,1350.800048828125
2026-06-18,1328.0999755859375,2191.285400390625,786.0,1127.5,1331.078369140625,2196.16162109375,291.1499938964844,1042.699951171875,1851.49853515625,402.25555419921875,4190.0,1359.0518798828125,2731.30322265625,13349.92578125,1820.0301513671875,4373.548828125,952.9917602539062,1393.700439453125,11201.3623046875,180.77540588378906,1150.058837890625,358.08184814453125,287.3607177734375,244.26058959960938,200.52000427246094,3103.904296875,1411.03125,440.46636962890625,1259.5125732421875,1355.5
2026-06-19,1309.5,2113.412353515625,779.7999877929688,1051.4000244140625,1335.2431640625,2172.50244140625,292.5,1035.0999755859375,1887.051025390625,398.5619201660156,4209.39990234375,1356.8536376953125,2709.393310546875,13261.810546875,1833.4947509765625,4405.4443359375,955.9237060546875,1408.0316162109375,11139.6220703125,178.75843811035156,1120.262939453125,361.89068603515625,290.89422607421875,245.20657348632812,198.9600067138672,3042.845703125,1373.8963623046875,439.7842102050781,1264.0836181640625,1351.800048828125
2026-06-22,1326.5,2116.197021484375,786.4000244140625,1065.4000244140625,1341.0938720703125,2162.89990234375,291.25,1040.75,1892.7789306640625,401.4569091796875,4201.2998046875,1357.552978515625,2651.0,13287.552734375,1858.030517578125,4358.19921875,962.384033203125,1395.1932373046875,11173.921875,178.1454315185547,1119.0750732421875,363.1273193359375,288.40582275390625,244.4099578857422,198.97000122070312,3031.56396484375,1398.847900390625,437.5429382324219,1282.56640625,1415.699951171875
2026-06-23,1309.5,2048.368896484375,774.6500244140625,1029.300048828125,1327.11181640625,2160.10009765625,290.0,1024.199951171875,1877.96533203125,400.957763671875,4179.39990234375,1362.44921875,2661.199951171875,13317.25390625,1863.1170654296875,4291.21923828125,956.5200805664062,1385.53955078125,11080.822265625,172.5196990966797,1098.287353515625,360.7035217285156,290.59564208984375,243.3146209716797,193.55999755859375,3005.7353515625,1379.744384765625,433.0115966796875,1293.099609375,1433.0999755859375
2026-06-24,1313.5999755859375,2097.49951171875,793.2000122070312,1056.5999755859375,1362.11669921875,2157.800048828125,290.3500061035156,1034.5999755859375,1853.9674072265625,405.2503662109375,4181.7001953125,1383.43310546875,2667.5,13116.2724609375,1869.5003662109375,4309.65869140625,984.8956298828125,1375.985595703125,11201.3623046875,172.50979614257812,1102.642822265625,353.23419189453125,289.55047607421875,238.98304748535156,190.16000366210938,3032.652587890625,1424.5792236328125,430.4779357910156,1320.02880859375,1437.9000244140625
2026-06-25,1318.0999755859375,2083.27734375,796.2999877929688,1041.199951171875,1375.9005126953125,2174.199951171875,290.0,1045.4000244140625,1827.6978759765625,408.29510498046875,4216.39990234375,1376.138671875,2645.199951171875,13608.3310546875,1857.9307861328125,4277.2646484375,974.4100952148438,1395.889892578125,11259.181640625,173.02394104003906,1089.576171875,348.2876281738281,282.58294677734375,232.11228942871094,188.7100067138672,3149.12939453125,1400.69970703125,424.2899475097656,1341.989501953125,1440.0999755859375
2026-06-26,1318.0999755859375,2083.27734375,796.2999877929688,1041.199951171875,1375.9005126953125,2174.199951171875,290.0,1045.4000244140625,1827.6978759765625,408.29510498046875,4216.39990234375,1376.138671875,2645.199951171875,13608.3310546875,1857.9307861328125,4277.2646484375,974.4100952148438,1395.889892578125,11259.181640625,173.02394104003906,1089.576171875,348.2876281738281,282.58294677734375,232.11228942871094,188.7100067138672,3149.12939453125,1400.69970703125,424.2899475097656,1341.989501953125,1440.0999755859375
2026-06-29,1301.0,2086.4599609375,798.9000244140625,1036.699951171875,1375.9996337890625,2151.300048828125,290.70001220703125,1036.0999755859375,1818.21728515625,394.818359375,4165.2001953125,1355.7545166015625,2656.89990234375,13278.6416015625,1869.8994140625,4263.21142578125,976.0499877929688,1380.6630859375,11109.2421875,173.49850463867188,1091.259033203125,352.29437255859375,284.92205810546875,233.05825805664062,189.57000732421875,3060.8564453125,1397.4833984375,433.49884033203125,1367.03076171875,1454.0999755859375
2026-06-30,1293.9000244140625,2020.422119140625,797.9500122070312,1000.4000244140625,1363.7032470703125,2118.199951171875,286.95001220703125,1026.9000244140625,1828.9818115234375,391.573974609375,4143.39990234375,1344.6629638671875,2635.699951171875,13974.65234375,1857.6314697265625,4389.59619140625,1004.75,1398.4774169921875,11027.90234375,168.4659881591797,1060.9683837890625,352.8384704589844,284.9718017578125,233.90464782714844,188.05999755859375,3036.907958984375,1369.120361328125,427.8468017578125,1348.5479736328125,1465.4000244140625
2026-07-01,1308.0,1971.788818359375,796.1500244140625,985.2999877929688,1368.264892578125,2182.0,290.29998779296875,1047.4000244140625,1847.7457275390625,399.7598571777344,4092.60009765625,1367.6451416015625,2716.39990234375,14251.8681640625,1861.32177734375,4384.21435546875,1014.9000244140625,1446.844970703125,11226.841796875,168.20892333984375,1023.7482299804688,354.0751037597656,286.21600341796875,233.99427795410156,185.1699981689453,3097.471923828125,1327.6968994140625,423.65655517578125,1331.4564208984375,1456.699951171875
2026-07-02,1303.5,2056.82275390625,795.9000244140625,1040.9000244140625,1388.2960205078125,2210.60009765625,289.8999938964844,1051.5999755859375,1851.6959228515625,398.61181640625,4059.39990234375,1361.5499267578125,2744.5,14205.3349609375,1866.1092529296875,4466.4443359375,1018.4000244140625,1439.28125,11305.2421875,172.0352325439453,1067.20458984375,354.42138671875,286.863037109375,234.96017456054688,187.6699981689453,3142.39990234375,1385.300048828125,427.7006530761719,1337.2197265625,1456.0
2026-07-03,1304.0,2082.083984375,801.0499877929688,1047.199951171875,1399.6007080078125,2201.199951171875,289.95001220703125,1040.0,1886.656005859375,396.06622314453125,4026.60009765625,1341.065673828125,2737.800048828125,14223.15625,1899.8209228515625,4446.509765625,1031.4000244140625,1452.8162841796875,11488.5009765625,174.09173583984375,1127.4891357421875,352.640625,286.5146484375,236.8321990966797,189.8000030517578,3136.89990234375,1410.0999755859375,427.5057678222656,1365.4407958984375,1458.199951171875
2026-07-06,1321.300048828125,2046.3798828125,829.8499755859375,1042.199951171875,1414.9710693359375,2202.0,288.25,1037.699951171875,1901.7657470703125,380.642822265625,4041.0,1338.567626953125,2754.89990234375,14312.26171875,1907.800048828125,4469.7333984375,1029.0999755859375,1466.649658203125,11427.7412109375,172.35162353515625,1122.7376708984375,352.4427490234375,284.07598876953125,242.86651611328125,190.8699951171875,3201.199951171875,1406.5,421.31781005859375,1359.2799072265625,1472.300048828125
2026-07-07,1308.4000244140625,2084.669921875,829.2999877929688,1071.800048828125,1402.873046875,2208.800048828125,288.75,1038.0999755859375,1901.8646240234375,381.04217529296875,3991.89990234375,1339.966552734375,2731.39990234375,14393.4462890625,1903.4000244140625,4589.14208984375,1042.5,1464.7589111328125,11415.9814453125,171.04652404785156,1156.39404296875,350.4146728515625,283.0308837890625,243.14532470703125,189.7899932861328,3196.39990234375,1447.5,418.0045471191406,1346.063720703125,1451.800048828125
2026-07-08,1275.9000244140625,2046.2803955078125,810.2999877929688,1069.300048828125,1369.05810546875,2135.800048828125,280.6499938964844,1016.9000244140625,1864.6331787109375,369.462158203125,3892.10009765625,1308.4908447265625,2665.89990234375,13812.2822265625,1888.199951171875,4571.39990234375,1010.4000244140625,1443.560791015625,11125.90234375,170.76968383789062,1134.0224609375,344.97344970703125,278.4024658203125,245.95338439941406,188.1999969482422,3102.5,1428.800048828125,418.10198974609375,1340.4990234375,1431.800048828125
2026-07-09,1279.800048828125,2038.323974609375,817.5499877929688,1050.800048828125,1369.1572265625,2144.5,282.04998779296875,1022.0999755859375,1907.0986328125,376.5,3886.0,1296.5999755859375,2673.800048828125,13591.5,1938.699951171875,4555.7998046875,1003.7999877929688,1456.199951171875,11293.4814453125,170.80921936035156,1138.77392578125,340.0268859863281,280.0447998046875,242.61758422851562,187.91000366210938,3085.39990234375,1426.300048828125,418.9302978515625,1261.5,1441.300048828125
2026-07-10,1307.800048828125,2057.717529296875,824.9500122070312,1068.0,1389.48583984375,2150.60009765625,281.75,1036.0,1896.53173828125,376.94921875,3945.800048828125,1323.699951171875,2677.800048828125,13716.2470703125,1935.5,4584.39990234375,1020.5,1455.199951171875,11476.7412109375,173.47874450683594,1152.33544921875,340.8677978515625,281.78668212890625,243.9220428466797,191.19000244140625,3129.39990234375,1454.800048828125,418.3456115722656,1244.300048828125,1439.4000244140625
2026-07-13,1296.9000244140625,2169.604248046875,817.9500122070312,1102.5999755859375,1397.716552734375,2130.60009765625,279.6499938964844,1037.0,1878.1629638671875,383.987060546875,3928.5,1319.4000244140625,2652.10009765625,13558.828125,1921.4000244140625,4601.5,1022.5999755859375,1427.0,11339.5419921875,176.41519165039062,1208.8583984375,347.9908447265625,284.6732177734375,247.39724731445312,187.11000061035156,3160.39990234375,1504.5,419.22265625,1234.5,1426.699951171875
2026-07-14,1293.0,2188.60009765625,809.4000244140625,1092.9000244140625,1395.9315185546875,2120.199951171875,275.54998779296875,1015.4000244140625,1912.431640625,377.9974060058594,3848.699951171875,1317.5999755859375,2641.0,13354.8759765625,1942.5999755859375,4573.7001953125,1006.5999755859375,1427.0999755859375,11266.0419921875,175.1397705078125,1154.9091796875,344.4293212890625,284.822509765625,247.8453369140625,188.27000427246094,3093.300048828125,1484.300048828125,419.6124572753906,1246.199951171875,1438.0999755859375
2026-07-15,1295.5,2189.199951171875,815.4500122070312,1076.300048828125,1404.3604736328125,2102.60009765625,276.6499938964844,1030.0999755859375,1894.4578857421875,377.7478332519531,3783.89990234375,1312.300048828125,2670.0,13447.94140625,1951.5,4579.39990234375,1021.2999877929688,1424.4000244140625,11575.720703125,172.67788696289062,1156.196044921875,340.6699523925781,279.3978271484375,246.1326141357422,185.25999450683594,3082.89990234375,1498.699951171875,416.6402587890625,1229.5,1438.0
2026-07-16,1296.5999755859375,2201.0,808.2999877929688,1082.4000244140625,1406.34375,2098.39990234375,279.3500061035156,1031.199951171875,1897.914306640625,376.5,3775.60009765625,1307.5999755859375,2674.699951171875,13645.953125,1950.0999755859375,4625.7998046875,1037.5999755859375,1423.5,11535.541015625,175.73300170898438,1175.4000244140625,338.7902526855469,279.44757080078125,245.70445251464844,185.49000549316406,3117.800048828125,1510.300048828125,416.44537353515625,1224.4000244140625,1429.5
2026-07-17,1327.199951171875,2269.0,819.5999755859375,1096.5,1432.2257080078125,2143.800048828125,280.70001220703125,1044.300048828125,1885.075927734375,389.95001220703125,3814.5,1328.5,2689.0,13665.75390625,1932.5999755859375,4638.10009765625,1056.300048828125,1427.199951171875,11492.4208984375,174.0126495361328,1203.9000244140625,338.1966552734375,282.2345886230469,246.24215698242188,185.88999938964844,3179.199951171875,1572.9000244140625,416.73773193359375,1211.199951171875,1418.699951171875
2026-07-20,1323.0999755859375,2251.10009765625,777.5999755859375,1087.0999755859375,1447.99267578125,2139.699951171875,282.70001220703125,1060.0,1915.98681640625,382.04998779296875,3838.800048828125,1256.0,2691.39990234375,13379.6279296875,1956.4000244140625,4643.39990234375,1064.0,1446.300048828125,11664.900390625,174.3883514404297,1221.300048828125,343.5389404296875,287.3607177734375,248.5224609375,186.41000366210938,3165.5,1576.4000244140625,418.44305419921875,1223.0999755859375,1441.5999755859375
2026-07-21,1303.699951171875,2221.10009765625,761.4500122070312,1073.5,1450.868408203125,2142.5,281.0,1044.4000244140625,1924.1837158203125,385.95001220703125,3846.60009765625,1258.199951171875,2692.39990234375,13461.802734375,1961.9000244140625,4688.7001953125,1069.199951171875,1451.9000244140625,11852.080078125,172.99427795410156,1239.5,344.8250427246094,285.3699951171875,248.83114624023438,187.24000549316406,3201.699951171875,1576.300048828125,420.2458801269531,1206.0,1432.5
2026-07-22,1288.5999755859375,2208.300048828125,753.1500244140625,1052.0999755859375,1428.6556396484375,2154.60009765625,280.79998779296875,1025.0,1924.7762451171875,381.1499938964844,3817.39990234375,1238.4000244140625,2692.800048828125,13410.3193359375,1943.0,4711.60009765625,1060.300048828125,1493.5999755859375,11655.1005859375,172.4702606201172,1237.300048828125,346.75421142578125,287.9578857421875,250.83262634277344,186.52999877929688,3175.300048828125,1560.5999755859375,417.46856689453125,1182.800048828125,1415.0999755859375
2026-07-23,1272.199951171875,2242.89990234375,747.25,1047.4000244140625,1422.606689453125,2161.800048828125,281.29998779296875,1012.5999755859375,1907.0,383.3500061035156,3792.39990234375,1223.0,2668.800048828125,13269.7314453125,1954.0,4697.2998046875,1039.800048828125,1447.9000244140625,11669.80078125,172.84597778320312,1244.699951171875,344.87451171875,288.45556640625,251.30062866210938,184.22999572753906,3229.699951171875,1555.800048828125,416.15301513671875,1166.300048828125,1393.0
2026-07-24,1278.0,2254.300048828125,742.7999877929688,1040.9000244140625,1420.9208984375,2145.0,283.45001220703125,1015.0,1898.199951171875,384.75,3785.60009765625,1227.300048828125,2637.89990234375,13308.34375,1941.0999755859375,4677.0,1012.7999877929688,1443.5,11609.041015625,175.1199951171875,1271.0,343.489501953125,286.863037109375,247.7059326171875,182.6699981689453,3161.39990234375,1559.5,416.4941101074219,1151.699951171875,1410.5999755859375
2026-07-27,1280.0,2295.60009765625,739.5499877929688,1079.199951171875,1433.6138916015625,2174.60009765625,285.8500061035156,1020.5999755859375,1905.300048828125,384.6499938964844,3806.0,1227.5,2710.199951171875,13593.48046875,1973.699951171875,4740.10009765625,1048.300048828125,1446.0999755859375,11643.3408203125,178.52999877929688,1295.9000244140625,347.0509948730469,287.510009765625,237.5491485595703,184.25,3238.60009765625,1575.0,416.591552734375,1150.800048828125,1409.4000244140625
2026-07-28,1267.699951171875,2398.0,735.4000244140625,1105.699951171875,1418.8385009765625,2022.699951171875,284.6499938964844,1013.2000122070312,1901.800048828125,385.29998779296875,3832.0,1223.5,2736.199951171875,13664.763671875,1976.699951171875,4849.7001953125,1048.4000244140625,1491.800048828125,11716.83984375,181.1199951171875,1318.5999755859375,340.07635498046875,283.9764709472656,237.89767456054688,182.6300048828125,3271.199951171875,1635.199951171875,399.68426513671875,1135.5999755859375,1444.5999755859375
2026-07-29,1275.9000244140625,2446.60009765625,748.2000122070312,1155.5999755859375,1425.879150390625,2117.800048828125,286.25,1013.7000122070312,1950.199951171875,390.20001220703125,3931.39990234375,1235.4000244140625,2758.39990234375,13809.3125,1989.9000244140625,4850.2001953125,1054.4000244140625,1503.300048828125,11758.0,183.61000061035156,1344.300048828125,339.8290100097656,281.537841796875,237.30020141601562,187.27000427246094,3221.800048828125,1644.199951171875,399.5868225097656,1142.300048828125,1474.300048828125
2026-07-30,1292.9000244140625,2431.800048828125,753.9500122070312,1155.0999755859375,1421.91259765625,2107.89990234375,285.04998779296875,1025.300048828125,1956.800048828125,389.3999938964844,3937.699951171875,1228.9000244140625,2746.199951171875,14046.92578125,2001.0999755859375,4850.0,1053.5,1520.699951171875,11847.0,186.3300018310547,1352.699951171875,341.1645812988281,284.3746337890625,240.56631469726562,186.9199981689453,3283.699951171875,1669.0,406.55438232421875,1144.800048828125,1466.4000244140625
2026-07-31,1307.800048828125,2365.60009765625,748.1500244140625,1130.0999755859375,1423.4000244140625,2101.300048828125,281.0,1027.4000244140625,1972.0,390.29998779296875,3938.89990234375,1229.5,2747.300048828125,14092.46875,1990.5,4875.2001953125,1141.199951171875,1509.5999755859375,11903.0,183.64999389648438,1346.9000244140625,343.5389404296875,282.93133544921875,241.50233459472656,189.69000244140625,3398.5,1651.300048828125,408.9737548828125,1148.0999755859375,1473.199951171875
2026-08-03,1319.0,2473.699951171875,753.0,1180.0,1460.0,2138.0,287.0,1045.0,1970.5,397.5,4025.0,1272.0,2810.0,14009.3037109375,1963.5,5000.0,1153.0,1530.0,12054.0,188.66000366210938,1377.0,347.1499328613281,285.6685791015625,240.97457885742188,191.0,3428.60009765625,1649.0,410.8006286621094,1180.0,1474.4000244140625
2026-08-04,1290.9000244140625,2460.0,742.0,1167.5,1454.5999755859375,2096.5,289.0,1042.699951171875,1970.0999755859375,398.0,3990.0,1261.800048828125,2775.0,14027.125,1964.0,4935.0,1149.0,1520.0,12050.0,186.3000030517578,1369.9000244140625,339.9774169921875,282.08526611328125,240.97457885742188,190.9499969482422,3433.0,1648.5,412.3806457519531,1172.5999755859375,1460.0
2026-08-05,1280.0,2413.0,735.0,1174.0,1450.0999755859375,2085.300048828125,286.95001220703125,1055.0,1978.0,400.0,4057.0,1253.9000244140625,2760.0,14048.90625,1940.0,4912.39990234375,1158.800048828125,1520.0,12190.0,186.99000549316406,1350.0,346.1606140136719,280.44293212890625,239.1822052001953,192.99000549316406,3455.39990234375,1650.0,410.306884765625,1176.0,1458.800048828125
2026-08-06,1325.0,2373.0,734.2999877929688,1165.0,1457.5,2079.5,285.8999938964844,1085.0,1948.0,394.0,4061.800048828125,1256.0,2755.0,13940.0,1951.0,4998.0,1144.800048828125,1535.0,12075.0,186.1199951171875,1335.0,341.31298828125,269.49395751953125,236.79237365722656,189.3000030517578,3406.0,1632.199951171875,410.4056396484375,1171.0,1477.0
2026-08-07,1334.800048828125,2452.699951171875,731.0,1175.0999755859375,1421.0,2096.0,286.1000061035156,1097.199951171875,1959.9000244140625,390.75,4056.0,1238.0,2735.0,14037.0,1945.0,4941.0,1078.0,1540.0,12105.0,187.52999877929688,1356.5999755859375,338.8396911621094,270.34002685546875,237.83792114257812,187.5500030517578,3502.0,1635.0,410.05999755859375,1172.0,1463.800048828125
2026-08-10,1327.300048828125,2425.699951171875,731.0,1183.0,1431.800048828125,2087.199951171875,282.6499938964844,1071.0,1943.0,393.5,4080.0,1247.300048828125,2750.0,14097.0,1944.4000244140625,5090.0,1102.199951171875,1528.5999755859375,12038.0,185.5,1357.199951171875,336.8116149902344,268.84698486328125,238.82373046875,190.24000549316406,3517.0,1640.0,405.8631286621094,1158.800048828125,1467.699951171875
2026-08-11,1323.9000244140625,2445.699951171875,729.0,1190.699951171875,1429.5999755859375,2064.89990234375,279.0,1066.0,1915.199951171875,392.8999938964844,4037.39990234375,1229.800048828125,2735.5,13990.0,1942.0,5128.0,1093.300048828125,1493.199951171875,11780.0,184.60000610351562,1365.4000244140625,334.8330078125,266.70697021484375,238.4353790283203,188.25,3460.10009765625,1643.0,407.443115234375,1205.0,1463.0
2026-08-12,1329.0,2349.699951171875,729.0,1176.0999755859375,1431.699951171875,2063.0,276.1499938964844,1082.0,1945.0,390.5,4020.0,1230.0,2740.0,13875.0,1944.0,5099.0,1094.199951171875,1507.0,11891.0,183.94000244140625,1365.4000244140625,335.82232666015625,268.20001220703125,238.03707885742188,186.1999969482422,3403.60009765625,1625.0,404.1843566894531,1200.0,1463.0
2026-08-13,1317.0,2375.0,725.0,1175.0,1406.800048828125,2092.0,278.5,1083.0,1939.0999755859375,392.3999938964844,4070.699951171875,1221.800048828125,2755.5,13905.0,1932.0,5063.7001953125,1090.800048828125,1506.9000244140625,11706.0,183.10000610351562,1370.0,340.5710144042969,266.6000061035156,238.8834686279297,184.85000610351562,3428.199951171875,1639.0,405.3693542480469,1206.0,1458.800048828125
2026-08-14,1310.0,2361.0,727.0,1169.199951171875,1417.0,2077.0,278.20001220703125,1067.699951171875,1992.0999755859375,391.1499938964844,4057.0,1217.4000244140625,2696.300048828125,13834.0,1930.0,5056.2001953125,1087.0,1499.0999755859375,11619.0,184.0,1360.0,336.3664245605469,266.04998779296875,235.39830017089844,183.5,3428.300048828125,1632.800048828125,402.0118713378906,1200.0,1450.0
2026-08-17,1316.0,2313.199951171875,729.0,1139.9000244140625,1415.300048828125,2055.0,273.04998779296875,1061.199951171875,1969.300048828125,392.70001220703125,4086.699951171875,1227.300048828125,2687.5,13760.0,1882.0,5068.5,1089.300048828125,1470.0,11681.0,181.89999389648438,1325.0,333.3984680175781,266.1499938964844,237.4794464111328,186.0,3390.39990234375,1610.0,403.3450012207031,1192.0,1431.5
2026-08-18,1322.0,2280.0,723.0,1115.0,1412.0,2035.0,270.0,1053.0,1934.199951171875,387.6499938964844,4064.300048828125,1243.0,2628.39990234375,13691.0,1875.0999755859375,5048.60009765625,1094.300048828125,1462.5,11499.0,178.05999755859375,1298.0,333.4974060058594,268.0,238.48516845703125,185.5,3421.5,1592.0,401.8143615722656,1178.800048828125,1431.0999755859375
2026-08-19,1311.0,2289.0,720.0,1119.800048828125,1402.0,2020.699951171875,267.04998779296875,1048.5999755859375,1922.0,390.25,4041.300048828125,1235.0,2630.800048828125,13690.0,1900.0,5068.0,1080.199951171875,1465.0,11450.0,179.5500030517578,1324.800048828125,332.9532775878906,263.5,236.9915313720703,184.0,3415.0,1589.800048828125,395.0006103515625,1170.0,1422.0
2026-08-20,1313.199951171875,2298.0,725.0499877929688,1130.0,1411.9000244140625,2028.0,271.6499938964844,1048.0,1941.699951171875,397.3500061035156,4081.0,1251.0,2625.199951171875,13809.0,1904.0,5068.0,1095.0,1458.0,11575.0,181.0,1318.4000244140625,333.89312744140625,264.79998779296875,237.48941040039062,183.5,3424.800048828125,1592.0999755859375,397.4693603515625,1180.0,1438.0
2026-08-21,1316.0,2302.0,726.9500122070312,1121.0,1420.0,2015.0,269.3999938964844,1048.699951171875,1946.0,402.79998779296875,4093.0,1245.800048828125,2640.0,13565.0,1902.4000244140625,5086.10009765625,1095.0,1477.0999755859375,11570.0,180.7899932861328,1302.5,336.3664245605469,272.3999938964844,235.39830017089844,183.0,3412.199951171875,1584.0,400.1356201171875,1174.699951171875,1432.199951171875
2026-08-24,1309.800048828125,2284.10009765625,729.0,1130.0,1415.0,2030.0,269.70001220703125,1039.5,1935.0,401.45001220703125,4090.0,1236.0,2640.800048828125,13620.0,1910.0,5079.0,1077.0,1471.300048828125,11504.0,181.30999755859375,1322.0,335.87176513671875,271.3999938964844,235.54766845703125,186.3000030517578,3414.10009765625,1584.0,401.8143615722656,1190.0,1437.9000244140625
2026-08-25,1317.0,2296.199951171875,727.5,1144.0,1422.699951171875,2024.199951171875,271.3999938964844,1048.0,1947.0,401.6000061035156,4119.0,1235.0,2639.800048828125,13678.0,1922.0,5124.7998046875,1087.4000244140625,1479.0,11540.0,180.08999633789062,1315.800048828125,336.218017578125,271.0,233.0084686279297,186.94000244140625,3443.0,1599.9000244140625,398.9505920410156,1193.5,1422.0
2026-08-26,1298.0,2270.0,727.2000122070312,1120.0,1430.0,2021.0,270.25,1052.0,1902.0999755859375,416.70001220703125,4038.10009765625,1255.0,2626.5,13520.0,1899.5,5100.0,1085.0,1451.5,11717.0,177.35000610351562,1298.5,331.0241394042969,265.20001220703125,231.22605895996094,188.00999450683594,3398.199951171875,1571.0,398.45684814453125,1182.0,1402.699951171875
2026-08-27,1282.199951171875,2248.39990234375,711.0,1110.800048828125,1443.0,2009.0,269.0,1042.9000244140625,1878.300048828125,424.20001220703125,4027.0,1256.0,2631.0,13440.0,1913.300048828125,5139.2998046875,1083.0,1450.0,11717.0,176.39999389648438,1282.0,327.3636779785156,264.8999938964844,231.01695251464844,186.8000030517578,3330.0,1585.0,395.0006103515625,1177.0,1420.0
2026-08-28,1287.0,2342.0,720.2999877929688,1144.0,1422.800048828125,2010.4000244140625,266.0,1047.5,1882.4000244140625,423.70001220703125,4045.800048828125,1265.0,2608.699951171875,13376.0,1920.0,5169.2001953125,1079.9000244140625,1454.5999755859375,11589.0,180.9499969482422,1316.0999755859375,326.5227355957031,266.04998779296875,231.26588439941406,186.5,3334.0,1640.9000244140625,395.98809814453125,1178.0,1423.5
2026-08-31,1277.0,2399.300048828125,709.0,1133.800048828125,1454.0,1967.4000244140625,255.5,1060.0,1811.9000244140625,419.3999938964844,4044.89990234375,1300.0,2653.60009765625,13547.0,1984.800048828125,5102.39990234375,1057.0,1496.5,11450.0,184.5,1312.199951171875,323.90106201171875,263.54998779296875,230.8177947998047,184.35000610351562,3282.0,1628.0,396.7287292480469,1154.4000244140625,1409.199951171875
2026-09-01,1309.0,2369.0,711.9000244140625,1156.0,1438.0,1994.800048828125,266.6000061035156,1034.5,1877.199951171875,425.0,3980.10009765625,1258.0,2575.5,12950.0,1929.0,5050.0,1053.9000244140625,1438.199951171875,11400.0,181.6999969482422,1351.4000244140625,324.0,264.54998779296875,235.44808959960938,184.07000732421875,3259.0,1638.0,396.5805969238281,1171.0,1423.0
2026-09-02,1313.0999755859375,2348.0,700.7999877929688,1140.0,1426.5,1975.0,266.29998779296875,1020.9000244140625,1862.800048828125,423.5,3981.0,1253.9000244140625,2527.5,12849.0,1931.699951171875,5074.0,1055.9000244140625,1425.0,11393.0,177.08999633789062,1331.5,330.0,266.79998779296875,236.49363708496094,183.85000610351562,3190.0,1623.0,412.62750244140625,1156.5,1412.800048828125
2026-09-03,1302.5,2320.10009765625,706.6500244140625,1130.300048828125,1430.0,1962.0,263.0,1023.4000244140625,1869.0,421.1499938964844,3975.0,1267.0,2541.60009765625,12857.0,1916.0,5027.0,1049.0,1416.0,11275.0,175.72000122070312,1319.0,330.8999938964844,265.6000061035156,235.0,184.1999969482422,3150.0,1598.0,414.79998779296875,1155.0,1394.699951171875
2026-09-04,1322.0,2304.0,712.0999755859375,1130.0,1423.199951171875,1973.4000244140625,264.1000061035156,1016.0999755859375,1840.0,424.5,3964.10009765625,1273.0,2527.300048828125,12694.0,1899.0,5020.0,1060.5,1410.5,11408.0,176.39999389648438,1293.4000244140625,332.5,266.0,234.64999389648438,188.7899932861328,3170.0,1596.9000244140625,415.3500061035156,1151.0,1385.0
2026-09-07,1309.5,2270.0,710.5,1087.5,1427.5,1960.0,263.5,1005.9000244140625,1854.0,422.1000061035156,3999.0,1266.0,2500.89990234375,12760.0,1895.0,4995.0,1060.0,1398.0,11175.0,172.8000030517578,1282.800048828125,332.0,266.45001220703125,233.6999969482422,185.61000061035156,3160.0,1564.0,418.8500061035156,1144.199951171875,1395.0
2026-09-08,1294.9000244140625,2255.5,703.0,1082.0,1399.4000244140625,1980.0,263.5,1008.0,1844.0,419.25,3946.10009765625,1244.9000244140625,2481.60009765625,12641.0,1885.9000244140625,4987.0,1054.0999755859375,1400.5,11009.0,171.5,1277.0,330.79998779296875,265.75,236.0,184.14999389648438,3160.0,1559.0,420.25,1151.0,1384.0
2026-09-09,1279.0,2208.0,687.0999755859375,1035.0,1389.0999755859375,1945.0,260.79998779296875,1000.5,1814.699951171875,414.0,3922.60009765625,1238.5,2489.0,12618.0,1864.9000244140625,5005.0,1039.300048828125,1393.0,10900.0,167.0,1229.800048828125,334.5,265.8500061035156,234.02000427246094,188.75,3150.0,1508.0,431.0,1145.0,1363.0999755859375
2026-09-10,1274.0,2204.10009765625,693.7999877929688,1036.5,1384.5,1942.300048828125,259.29998779296875,1009.7000122070312,1839.0,416.54998779296875,3955.0,1246.0,2498.10009765625,12590.0,1861.0,5021.0,1043.5,1386.199951171875,10979.0,166.3000030517578,1207.0,335.0,271.75,237.27000427246094,186.77999877929688,3123.800048828125,1525.800048828125,432.0,1143.0,1373.300048828125
2026-09-11,1257.5,2200.800048828125,708.25,1037.699951171875,1379.300048828125,1927.0,259.8500061035156,995.7000122070312,1831.0999755859375,419.0,3930.699951171875,1246.0,2472.5,12400.0,1840.0,5009.5,1034.5,1383.300048828125,11000.0,167.39999389648438,1206.0999755859375,333.3999938964844,269.1000061035156,232.5,183.0,3107.0,1541.0,426.3999938964844,1165.5,1366.0
2026-09-14,1257.5,2200.800048828125,708.25,1037.699951171875,1379.300048828125,1927.0,259.8500061035156,995.7000122070312,1831.0999755859375,419.0,3930.699951171875,1246.0,2472.5,12400.0,1840.0,5009.5,1034.5,1383.300048828125,11000.0,167.39999389648438,1206.0999755859375,333.3999938964844,269.1000061035156,232.5,183.0,3107.0,1541.0,426.3999938964844,1165.5,1366.0
2026-09-15,1235.300048828125,2251.0,716.5499877929688,1077.0,1350.4000244140625,1938.0999755859375,258.0,968.0,1830.4000244140625,409.79998779296875,3850.699951171875,1222.9000244140625,2402.800048828125,12231.0,1835.0,4856.0,1009.2000122070312,1362.0,10697.0,170.0,1253.699951171875,329.5,262.79998779296875,235.9499969482422,183.64999389648438,3029.5,1575.9000244140625,419.25,1145.0,1351.0
2026-09-16,1240.0,2188.800048828125,721.5,1060.0,1358.800048828125,1962.0,264.1499938964844,991.4000244140625,1835.0,415.0,3807.699951171875,1241.0,2416.60009765625,12166.0,1853.5,4908.5,1006.2000122070312,1384.5,10700.0,166.88999938964844,1253.0,327.0,262.79998779296875,236.8000030517578,183.0,3070.0,1558.0,422.25,1140.0,1358.0
2026-09-17,1243.9000244140625,2190.0,713.0,1058.5999755859375,1347.5999755859375,1942.199951171875,266.20001220703125,988.7000122070312,1836.0,416.5,3836.199951171875,1240.0,2454.0,12338.0,1867.300048828125,4841.0,1015.0,1370.5999755859375,10764.0,166.39999389648438,1258.300048828125,329.6000061035156,263.75,232.42999267578125,187.2899932861328,3076.5,1561.0,418.0,1175.0,1376.300048828125
2026-09-18,1226.4000244140625,2105.0,731.0,1051.4000244140625,1338.9000244140625,1932.0,262.29998779296875,996.2000122070312,1893.300048828125,412.5,3885.0,1257.0,2451.300048828125,12103.0,1837.300048828125,4798.5,1040.300048828125,1372.4000244140625,11014.0,166.8300018310547,1249.300048828125,323.6499938964844,270.29998779296875,232.8000030517578,185.5399932861328,3052.0,1537.0999755859375,409.8999938964844,1185.0,1394.5
2026-09-21,1247.4000244140625,2128.699951171875,739.5,1038.5,1345.0,1947.0,267.0,996.0,1830.199951171875,414.79998779296875,3904.800048828125,1250.0,2440.300048828125,12153.0,1868.9000244140625,4875.0,1021.2999877929688,1385.0,11100.0,164.5500030517578,1281.0,326.3999938964844,266.1000061035156,235.6300048828125,183.39999389648438,3055.300048828125,1558.5,414.70001220703125,1198.300048828125,1386.0999755859375
2026-09-22,1240.4000244140625,2105.0,738.5999755859375,1029.4000244140625,1339.5999755859375,1933.800048828125,265.79998779296875,987.0,1817.199951171875,412.6499938964844,3866.39990234375,1242.699951171875,2448.5,12190.0,1846.4000244140625,4928.5,1008.7999877929688,1363.9000244140625,11000.0,166.0,1270.4000244140625,327.79998779296875,265.95001220703125,236.1300048828125,184.97000122070312,3044.5,1551.5999755859375,428.0,1211.0,1384.0999755859375
2026-09-23,1248.0,2089.60009765625,737.25,1020.5,1340.0,1950.0,270.1499938964844,994.0999755859375,1833.199951171875,413.25,3929.89990234375,1243.199951171875,2455.0,12230.0,1865.0,4880.0,1043.199951171875,1387.199951171875,11155.0,164.89999389648438,1256.699951171875,326.0,270.20001220703125,236.89999389648438,190.82000732421875,3035.0,1557.0,424.54998779296875,1211.199951171875,1383.0
2026-09-24,1219.199951171875,2087.0,728.9000244140625,1014.5,1334.5,1933.5,268.0,978.5,1795.800048828125,405.0,3858.39990234375,1186.5,2392.699951171875,11990.0,1849.9000244140625,4832.5,982.0,1351.0,11056.0,163.63999938964844,1243.5999755859375,326.6000061035156,266.3999938964844,239.0,188.02000427246094,2982.699951171875,1543.0,422.0,1200.4000244140625,1399.0
2026-09-25,1226.0,2082.0,735.5999755859375,1000.2000122070312,1326.800048828125,1942.9000244140625,269.0,983.0,1785.4000244140625,404.0,3876.199951171875,1222.4000244140625,2444.0,12065.0,1852.199951171875,4884.0,996.9000244140625,1362.5999755859375,11155.0,164.02000427246094,1258.0,326.6000061035156,269.5,235.86000061035156,187.97000122070312,3035.0,1548.0,426.1000061035156,1201.0,1399.699951171875
2026-09-28,1197.5999755859375,2070.699951171875,719.0499877929688,1003.2000122070312,1302.0,1896.0,265.20001220703125,962.0,1771.4000244140625,401.54998779296875,3766.39990234375,1209.9000244140625,2420.0,12008.0,1838.0,4819.5,985.0,1346.0,11025.0,161.55999755859375,1252.5999755859375,321.1000061035156,261.8500061035156,230.0,186.3000030517578,2995.0,1542.199951171875,422.5,1221.0,1383.699951171875
2026-09-29,1182.0,2032.4000244140625,722.7000122070312,1015.4000244140625,1292.199951171875,1863.800048828125,265.1000061035156,964.7000122070312,1771.199951171875,406.0,3749.10009765625,1212.0999755859375,2415.0,11877.0,1865.0,4675.0,973.7999877929688,1345.699951171875,10829.0,156.7899932861328,1222.0,323.5,261.5,230.0,188.0,2947.800048828125,1510.5,425.0,1251.9000244140625,1379.300048828125
2026-09-30,1187.0,2050.60009765625,708.7000122070312,994.0999755859375,1321.699951171875,1879.0999755859375,262.75,959.5,1757.0,417.0,3760.0,1226.0,2402.60009765625,11967.0,1816.5999755859375,4587.0,959.4000244140625,1310.0,10956.0,158.5,1230.0,322.75,260.5,225.8000030517578,184.3000030517578,2950.0,1524.0,425.0,1233.0,1346.0
2026-10-01,1167.699951171875,2075.0,721.2000122070312,1035.0,1310.5999755859375,1836.0,255.89999389648438,954.0999755859375,1741.0999755859375,418.3500061035156,3693.39990234375,1217.0999755859375,2407.0,11386.0,1801.0,4515.7001953125,948.2999877929688,1307.699951171875,10710.0,159.35000610351562,1243.0999755859375,315.1000061035156,254.5500030517578,222.3699951171875,178.0,2860.0,1533.0,420.3999938964844,1206.199951171875,1344.0
2026-10-02,1167.699951171875,2075.0,721.2000122070312,1035.0,1310.5999755859375,1836.0,255.89999389648438,954.0999755859375,1741.0999755859375,418.3500061035156,3693.39990234375,1217.0999755859375,2407.0,11386.0,1801.0,4515.7001953125,948.2999877929688,,10710.0,159.35000610351562,1243.0999755859375,315.1000061035156,254.5500030517578,222.3699951171875,178.0,2860.0,1533.0,420.3999938964844,1206.199951171875,1344.0
2026-10-05,1186.4000244140625,2114.39990234375,704.7999877929688,1020.5,1332.0,1838.4000244140625,268.8999938964844,958.0,1779.9000244140625,416.0,3750.0,1222.199951171875,2366.0,11532.0,1779.699951171875,4580.0,970.0,1297.0999755859375,10850.0,162.13999938964844,1201.9000244140625,321.79998779296875,257.0,224.89999389648438,178.13999938964844,2857.60009765625,1535.9000244140625,425.1000061035156,1203.0,1335.5
2026-10-06,1218.0,2100.0,711.4500122070312,1013.8499755859375,1342.800048828125,1895.199951171875,266.70001220703125,958.75,1810.5,431.8999938964844,3770.0,1248.0,2424.199951171875,11625.0,1804.0999755859375,4550.0,963.0999755859375,1341.4000244140625,10750.0,161.83999633789062,1204.4000244140625,321.45001220703125,257.20001220703125,224.1999969482422,178.69000244140625,2855.0,1504.5,411.6499938964844,1208.0,1340.199951171875
